2026-05-20 11:04:04 | INFO     | src.core.utils:clear_logs_directory:15 - Limpando diretório de saída: logs...
2026-05-20 11:04:04 | SUCCESS  | src.core.utils:clear_logs_directory:31 - Limpeza concluída com sucesso.
2026-05-20 11:04:04 | INFO     | __main__:extract_pendencias:139 - --- INICIANDO SESSÃO (Batch 1, Página 1) ---
2026-05-20 11:04:16 | INFO     | src.core.utils:clear_logs_directory:15 - Limpando diretório de saída: logs...
2026-05-20 11:04:16 | SUCCESS  | src.core.utils:clear_logs_directory:31 - Limpeza concluída com sucesso.
2026-05-20 11:04:16 | INFO     | __main__:extract_pendencias:139 - --- INICIANDO SESSÃO (Batch 1, Página 1) ---
2026-05-20 11:14:03 | INFO     | src.core.utils:clear_logs_directory:15 - Limpando diretório de saída: logs...
2026-05-20 11:14:03 | SUCCESS  | src.core.utils:clear_logs_directory:31 - Limpeza concluída com sucesso.
2026-05-20 11:14:03 | INFO     | __main__:extract_pendencias:139 - --- INICIANDO SESSÃO (Batch 1, Página 1) ---
2026-05-20 11:14:06 | INFO     | __main__:_login:22 - Navegando para o login em https://49586312000118.veri.com.br//login
2026-05-20 11:14:07 | INFO     | __main__:_login:25 - Inserindo credenciais...
2026-05-20 11:14:09 | INFO     | __main__:_login:35 - Aguardando redirecionamento pós-login...
2026-05-20 11:14:12 | SUCCESS  | __main__:_login:50 - Logado com sucesso.
2026-05-20 11:14:12 | INFO     | __main__:extract_pendencias:166 - Navegando para lista geral (Resumo na pág 1)...
2026-05-20 11:14:13 | INFO     | __main__:extract_pendencias:179 - Processando página 1...
2026-05-20 11:14:14 | INFO     | __main__:extract_pendencias:186 - Encontradas 13 empresas com Pendência na página 1
2026-05-20 11:14:14 | INFO     | __main__:extract_pendencias:210 - [1] Processando: 19.477.725 AMANE AGUIAR DIAS DE AZEVEDO (19.477.725/0001-01)
2026-05-20 11:14:14 | INFO     | __main__:extract_pendencias:222 - PDF encontrado: https://storage.googleapis.com/storagescrapings.appspot.com/ecac/49586312000118/situacao-fiscal-2026-04-22-19477725000101--2313830565567525848.pdf
2026-05-20 11:14:14 | INFO     | __main__:extract_pendencias:231 - Texto extraído (2549 chars). Analisando pendências...
2026-05-20 11:14:15 | INFO     | __main__:extract_pendencias:210 - [2] Processando: AG VINHOS E GASTRONOMIA LTDA (62.652.792/0001-36)
2026-05-20 11:14:15 | INFO     | __main__:extract_pendencias:222 - PDF encontrado: https://storage.googleapis.com/storagescrapings.appspot.com/ecac/49586312000118/situacao-fiscal-2026-04-22-62652792000136-1671279415572905652.pdf
2026-05-20 11:14:15 | INFO     | __main__:extract_pendencias:231 - Texto extraído (3604 chars). Analisando pendências...
2026-05-20 11:14:15 | INFO     | __main__:extract_pendencias:210 - [3] Processando: ANJU PARICIPACOES LIMITADA (11.233.811/0001-59)
2026-05-20 11:14:15 | INFO     | __main__:extract_pendencias:222 - PDF encontrado: https://storage.googleapis.com/storagescrapings.appspot.com/ecac/49586312000118/situacao-fiscal-2026-04-23-11233811000159--2784572705628874897.pdf
2026-05-20 11:14:15 | INFO     | __main__:extract_pendencias:231 - Texto extraído (2102 chars). Analisando pendências...
2026-05-20 11:14:15 | INFO     | __main__:extract_pendencias:210 - [4] Processando: ARCO APOIO RODOVIARIO COLETIVO SA (16.199.705/0001-10)
2026-05-20 11:14:15 | INFO     | __main__:extract_pendencias:222 - PDF encontrado: https://storage.googleapis.com/storagescrapings.appspot.com/ecac/49586312000118/situacao-fiscal-2026-04-22-16199705000110--1648758018877423569.pdf
2026-05-20 11:14:16 | INFO     | __main__:extract_pendencias:231 - Texto extraído (2280 chars). Analisando pendências...
2026-05-20 11:14:16 | INFO     | __main__:extract_pendencias:210 - [5] Processando: BAHIA FARMS INVESTIMENTOS AGRICOLAS LTDA (09.106.487/0001-66)
2026-05-20 11:14:16 | INFO     | __main__:extract_pendencias:222 - PDF encontrado: https://storage.googleapis.com/storagescrapings.appspot.com/ecac/49586312000118/situacao-fiscal-2026-04-22-09106487000166--3222407098522715014.pdf
2026-05-20 11:14:17 | INFO     | __main__:extract_pendencias:231 - Texto extraído (17782 chars). Analisando pendências...
2026-05-20 11:14:17 | INFO     | __main__:extract_pendencias:210 - [6] Processando: BAHIA LAND CONSULTORIA DE NEGOCIOS E INVESTIMENTOS LTDA (09.023.277/0001-04)
2026-05-20 11:14:17 | INFO     | __main__:extract_pendencias:222 - PDF encontrado: https://storage.googleapis.com/storagescrapings.appspot.com/ecac/49586312000118/situacao-fiscal-2026-04-22-09023277000104--6645011028922007272.pdf
2026-05-20 11:14:18 | INFO     | __main__:extract_pendencias:231 - Texto extraído (2385 chars). Analisando pendências...
2026-05-20 11:14:18 | INFO     | __main__:extract_pendencias:210 - [7] Processando: BLANCO IMOBILIARIA E ADMINISTRADORA LTDA (06.915.315/0001-45)
2026-05-20 11:14:18 | INFO     | __main__:extract_pendencias:222 - PDF encontrado: https://storage.googleapis.com/storagescrapings.appspot.com/ecac/49586312000118/situacao-fiscal-2026-04-22-06915315000145-7893176447010149672.pdf
2026-05-20 11:14:19 | INFO     | __main__:extract_pendencias:231 - Texto extraído (10338 chars). Analisando pendências...
2026-05-20 11:14:19 | INFO     | __main__:extract_pendencias:210 - [8] Processando: C G F EMPRENDIMENTO EDUCACIONAL ALFABETO LTDA (58.140.131/0001-54)
2026-05-20 11:14:19 | INFO     | __main__:extract_pendencias:222 - PDF encontrado: https://storage.googleapis.com/storagescrapings.appspot.com/ecac/49586312000118/situacao-fiscal-2026-04-22-58140131000154-8392235432986923320.pdf
2026-05-20 11:14:19 | INFO     | __main__:extract_pendencias:231 - Texto extraído (2636 chars). Analisando pendências...
2026-05-20 11:14:19 | WARNING  | __main__:extract_pendencias:235 - SiefParser sem pendências. Primeiros 200 chars: MINISTÉRIO DA ECONOMIA Por meio do Integra Contador
SECRETARIA ESPECIAL DA RECEITA FEDERAL DO BRASIL Autor pedido: 49.586.312/0001-18. Contratante: 28.408.293/0001-60
PROCURADORIA-GERAL DA FAZENDA NAC
2026-05-20 11:14:19 | INFO     | __main__:extract_pendencias:210 - [9] Processando: CCA REPARACAO DE CALCADOS E BOLSAS LTDA (04.778.322/0001-17)
2026-05-20 11:14:19 | INFO     | __main__:extract_pendencias:222 - PDF encontrado: https://storage.googleapis.com/storagescrapings.appspot.com/ecac/49586312000118/situacao-fiscal-2026-05-18-04778322000117-5919946769513188137.pdf
2026-05-20 11:14:20 | INFO     | __main__:extract_pendencias:231 - Texto extraído (10686 chars). Analisando pendências...
2026-05-20 11:14:20 | INFO     | __main__:extract_pendencias:210 - [10] Processando: CEMECOR CENTRO MEDICO CARDIOLOGICO S/C LTDA (00.807.080/0001-91)
2026-05-20 11:14:20 | INFO     | __main__:extract_pendencias:222 - PDF encontrado: https://storage.googleapis.com/storagescrapings.appspot.com/ecac/49586312000118/situacao-fiscal-2026-04-22-00807080000191-7200815439518741977.pdf
2026-05-20 11:14:20 | INFO     | __main__:extract_pendencias:231 - Texto extraído (5974 chars). Analisando pendências...
2026-05-20 11:14:21 | INFO     | __main__:extract_pendencias:210 - [11] Processando: CENTRAL DO DENTE - CLINICA ODONTOLOGICA LTDA (08.154.181/0001-12)
2026-05-20 11:14:21 | INFO     | __main__:extract_pendencias:222 - PDF encontrado: https://storage.googleapis.com/storagescrapings.appspot.com/ecac/49586312000118/situacao-fiscal-2026-04-22-08154181000112-8426779309114161491.pdf
2026-05-20 11:14:23 | INFO     | __main__:extract_pendencias:231 - Texto extraído (36494 chars). Analisando pendências...
2026-05-20 11:14:23 | INFO     | __main__:extract_pendencias:210 - [12] Processando: CHAVES COMERCIO DE LIVROS E PAPELARIA LTDA (15.114.762/0001-96)
2026-05-20 11:14:23 | INFO     | __main__:extract_pendencias:222 - PDF encontrado: https://storage.googleapis.com/storagescrapings.appspot.com/ecac/49586312000118/situacao-fiscal-2026-04-22-15114762000196--547486814152383431.pdf
2026-05-20 11:14:23 | INFO     | __main__:extract_pendencias:231 - Texto extraído (6778 chars). Analisando pendências...
2026-05-20 11:14:23 | INFO     | __main__:extract_pendencias:210 - [13] Processando: CLIMACONTTROL AR CONDICIONADOS LTDA (42.159.055/0001-99)
2026-05-20 11:14:23 | INFO     | __main__:extract_pendencias:222 - PDF encontrado: https://storage.googleapis.com/storagescrapings.appspot.com/ecac/49586312000118/situacao-fiscal-2026-04-23-42159055000199--5160016703614810813.pdf
2026-05-20 11:14:24 | INFO     | __main__:extract_pendencias:231 - Texto extraído (3247 chars). Analisando pendências...
2026-05-20 11:14:24 | INFO     | __main__:extract_pendencias:179 - Processando página 2...
2026-05-20 11:14:24 | INFO     | __main__:extract_pendencias:186 - Encontradas 16 empresas com Pendência na página 2
2026-05-20 11:14:24 | INFO     | __main__:extract_pendencias:210 - [14] Processando: CMNR PATRIMONIAL LTDA. (14.429.350/0001-82)
2026-05-20 11:14:24 | INFO     | __main__:extract_pendencias:222 - PDF encontrado: https://storage.googleapis.com/storagescrapings.appspot.com/ecac/49586312000118/situacao-fiscal-2026-04-22-14429350000182-9006505399029421031.pdf
2026-05-20 11:14:25 | INFO     | __main__:extract_pendencias:231 - Texto extraído (2942 chars). Analisando pendências...
2026-05-20 11:14:25 | INFO     | __main__:extract_pendencias:210 - [15] Processando: CORPORATIVA REVESTIMENTOS METALICOS LTDA (44.573.989/0001-06)
2026-05-20 11:14:25 | INFO     | __main__:extract_pendencias:222 - PDF encontrado: https://storage.googleapis.com/storagescrapings.appspot.com/ecac/49586312000118/situacao-fiscal-2026-04-22-44573989000106--6956239738839559127.pdf
2026-05-20 11:14:25 | INFO     | __main__:extract_pendencias:231 - Texto extraído (9785 chars). Analisando pendências...
2026-05-20 11:14:25 | INFO     | __main__:extract_pendencias:210 - [16] Processando: D L COMERCIO DE ALIMENTOS LTDA (28.590.601/0001-10)
2026-05-20 11:14:25 | INFO     | __main__:extract_pendencias:222 - PDF encontrado: https://storage.googleapis.com/storagescrapings.appspot.com/ecac/49586312000118/situacao-fiscal-2026-04-22-28590601000110--185585550766311600.pdf
2026-05-20 11:14:27 | INFO     | __main__:extract_pendencias:231 - Texto extraído (25285 chars). Analisando pendências...
2026-05-20 11:14:27 | INFO     | __main__:extract_pendencias:210 - [17] Processando: D. A. MACEDO (15.360.279/0002-72)
2026-05-20 11:14:27 | INFO     | __main__:extract_pendencias:222 - PDF encontrado: https://storage.googleapis.com/storagescrapings.appspot.com/ecac/49586312000118/situacao-fiscal-2026-04-23-15360279000272--1644647116826218973.pdf
2026-05-20 11:14:28 | INFO     | __main__:extract_pendencias:231 - Texto extraído (6292 chars). Analisando pendências...
2026-05-20 11:14:28 | INFO     | __main__:extract_pendencias:210 - [18] Processando: DARCYDIAS REPRESENTACOES LTDA MICRO EMPRESA (13.709.910/0001-90)
2026-05-20 11:14:28 | INFO     | __main__:extract_pendencias:222 - PDF encontrado: https://storage.googleapis.com/storagescrapings.appspot.com/ecac/49586312000118/situacao-fiscal-2026-04-22-13709910000190-5269132006760604951.pdf
2026-05-20 11:14:29 | INFO     | __main__:extract_pendencias:231 - Texto extraído (18147 chars). Analisando pendências...
2026-05-20 11:14:29 | INFO     | __main__:extract_pendencias:210 - [19] Processando: DINAMO SALVADOR LTDA (60.205.781/0001-82)
2026-05-20 11:14:29 | INFO     | __main__:extract_pendencias:222 - PDF encontrado: https://storage.googleapis.com/storagescrapings.appspot.com/ecac/49586312000118/situacao-fiscal-2026-04-22-60205781000182-374362608442666348.pdf
2026-05-20 11:14:29 | INFO     | __main__:extract_pendencias:231 - Texto extraído (2983 chars). Analisando pendências...
2026-05-20 11:14:29 | INFO     | __main__:extract_pendencias:210 - [20] Processando: EDEMILSON LOPES DA SILVA (03.641.819/0001-26)
2026-05-20 11:14:29 | INFO     | __main__:extract_pendencias:222 - PDF encontrado: https://storage.googleapis.com/storagescrapings.appspot.com/ecac/49586312000118/situacao-fiscal-2026-04-22-03641819000126--5837673686960330020.pdf
2026-05-20 11:14:30 | INFO     | __main__:extract_pendencias:231 - Texto extraído (2542 chars). Analisando pendências...
2026-05-20 11:14:30 | INFO     | __main__:extract_pendencias:210 - [21] Processando: EXTERNATO MATER ET MAGISTRA E COM DE MAT DIDATICO LTDA (13.064.209/0001-60)
2026-05-20 11:14:30 | INFO     | __main__:extract_pendencias:222 - PDF encontrado: https://storage.googleapis.com/storagescrapings.appspot.com/ecac/49586312000118/situacao-fiscal-2026-04-22-13064209000160-8818945524132271760.pdf
2026-05-20 11:14:31 | INFO     | __main__:extract_pendencias:231 - Texto extraído (27986 chars). Analisando pendências...
2026-05-20 11:14:31 | INFO     | __main__:extract_pendencias:210 - [22] Processando: FOLHAS URBANAS LTDA (43.886.789/0001-32)
2026-05-20 11:14:31 | INFO     | __main__:extract_pendencias:222 - PDF encontrado: https://storage.googleapis.com/storagescrapings.appspot.com/ecac/49586312000118/situacao-fiscal-2026-04-22-43886789000132--7403899473269546639.pdf
2026-05-20 11:14:32 | INFO     | __main__:extract_pendencias:231 - Texto extraído (2220 chars). Analisando pendências...
2026-05-20 11:14:32 | WARNING  | __main__:extract_pendencias:235 - SiefParser sem pendências. Primeiros 200 chars: MINISTÉRIO DA ECONOMIA Por meio do Integra Contador
SECRETARIA ESPECIAL DA RECEITA FEDERAL DO BRASIL Autor pedido: 49.586.312/0001-18. Contratante: 28.408.293/0001-60
PROCURADORIA-GERAL DA FAZENDA NAC
2026-05-20 11:14:32 | INFO     | __main__:extract_pendencias:210 - [23] Processando: GUARAJUBA IMOVEIS LTDA (22.203.034/0001-16)
2026-05-20 11:14:32 | INFO     | __main__:extract_pendencias:222 - PDF encontrado: https://storage.googleapis.com/storagescrapings.appspot.com/ecac/49586312000118/situacao-fiscal-2026-04-22-22203034000116--279746222502948747.pdf
2026-05-20 11:14:32 | INFO     | __main__:extract_pendencias:231 - Texto extraído (3068 chars). Analisando pendências...
2026-05-20 11:14:32 | INFO     | __main__:extract_pendencias:210 - [24] Processando: GUARAJUBAIMOB NEGOCIOS IMOBILIARIOS LTDA (27.371.776/0001-74)
2026-05-20 11:14:32 | INFO     | __main__:extract_pendencias:222 - PDF encontrado: https://storage.googleapis.com/storagescrapings.appspot.com/ecac/49586312000118/situacao-fiscal-2026-04-22-27371776000174-3296924738820585546.pdf
2026-05-20 11:14:33 | INFO     | __main__:extract_pendencias:231 - Texto extraído (3220 chars). Analisando pendências...
2026-05-20 11:14:33 | INFO     | __main__:extract_pendencias:210 - [25] Processando: H. Z. PATRIMONIAL LTDA. (10.791.569/0001-76)
2026-05-20 11:14:33 | INFO     | __main__:extract_pendencias:222 - PDF encontrado: https://storage.googleapis.com/storagescrapings.appspot.com/ecac/49586312000118/situacao-fiscal-2026-04-22-10791569000176--6350398839451844963.pdf
2026-05-20 11:14:33 | INFO     | __main__:extract_pendencias:231 - Texto extraído (3153 chars). Analisando pendências...
2026-05-20 11:14:33 | INFO     | __main__:extract_pendencias:210 - [26] Processando: HOTEIS E TURISMO ITAPOAN LTDA. (14.309.694/0001-58)
2026-05-20 11:14:33 | INFO     | __main__:extract_pendencias:222 - PDF encontrado: https://storage.googleapis.com/storagescrapings.appspot.com/ecac/49586312000118/situacao-fiscal-2026-04-22-14309694000158--7860920183797688905.pdf
2026-05-20 11:14:35 | INFO     | __main__:extract_pendencias:231 - Texto extraído (23443 chars). Analisando pendências...
2026-05-20 11:14:35 | INFO     | __main__:extract_pendencias:210 - [27] Processando: IMPACT SERVICES INTEGRADOS EM SOLUCOES INDUSTRIAIS LTDA (18.953.881/0001-20)
2026-05-20 11:14:35 | INFO     | __main__:extract_pendencias:222 - PDF encontrado: https://storage.googleapis.com/storagescrapings.appspot.com/ecac/49586312000118/situacao-fiscal-2026-04-22-18953881000120--4943466833102370489.pdf
2026-05-20 11:14:35 | INFO     | __main__:extract_pendencias:231 - Texto extraído (4599 chars). Analisando pendências...
2026-05-20 11:14:35 | INFO     | __main__:extract_pendencias:210 - [28] Processando: INSTITUTO ELOS ONCOLOGIA E CIRURGIA AVANCADA LTDA (60.225.957/0001-68)
2026-05-20 11:14:35 | INFO     | __main__:extract_pendencias:222 - PDF encontrado: https://storage.googleapis.com/storagescrapings.appspot.com/ecac/49586312000118/situacao-fiscal-2026-04-22-60225957000168-5849283317970770150.pdf
2026-05-20 11:14:36 | INFO     | __main__:extract_pendencias:231 - Texto extraído (2933 chars). Analisando pendências...
2026-05-20 11:14:36 | INFO     | __main__:extract_pendencias:210 - [29] Processando: INSTITUTO MULHER LTDA (55.147.736/0001-89)
2026-05-20 11:14:36 | INFO     | __main__:extract_pendencias:222 - PDF encontrado: https://storage.googleapis.com/storagescrapings.appspot.com/ecac/49586312000118/situacao-fiscal-2026-04-22-55147736000189-4366821651544107450.pdf
2026-05-20 11:14:36 | INFO     | __main__:extract_pendencias:231 - Texto extraído (2971 chars). Analisando pendências...
2026-05-20 11:14:36 | INFO     | __main__:extract_pendencias:179 - Processando página 3...
2026-05-20 11:14:37 | INFO     | __main__:extract_pendencias:186 - Encontradas 23 empresas com Pendência na página 3
2026-05-20 11:14:37 | INFO     | __main__:extract_pendencias:210 - [30] Processando: INVERBANCA - BRASIL EMPREENDIMENTOS IMOBILIARIOS E TURISTICOS LTDA (08.204.318/0001-04)
2026-05-20 11:14:37 | INFO     | __main__:extract_pendencias:222 - PDF encontrado: https://storage.googleapis.com/storagescrapings.appspot.com/ecac/49586312000118/situacao-fiscal-2026-04-22-08204318000104--5811018523628754305.pdf
2026-05-20 11:14:37 | INFO     | __main__:extract_pendencias:231 - Texto extraído (2881 chars). Analisando pendências...
2026-05-20 11:14:37 | INFO     | __main__:extract_pendencias:210 - [31] Processando: J R J - SERVICOS MEDICOS E CIRURGICOS LTDA. (12.756.985/0001-69)
2026-05-20 11:14:37 | INFO     | __main__:extract_pendencias:222 - PDF encontrado: https://storage.googleapis.com/storagescrapings.appspot.com/ecac/49586312000118/situacao-fiscal-2026-04-23-12756985000169-1018289682162888962.pdf
2026-05-20 11:14:37 | INFO     | __main__:extract_pendencias:231 - Texto extraído (8401 chars). Analisando pendências...
2026-05-20 11:14:37 | INFO     | __main__:extract_pendencias:210 - [32] Processando: J. MACEDO AGROPECUARIA LTDA (04.692.740/0001-97)
2026-05-20 11:14:37 | INFO     | __main__:extract_pendencias:222 - PDF encontrado: https://storage.googleapis.com/storagescrapings.appspot.com/ecac/49586312000118/situacao-fiscal-2026-04-22-04692740000197-4215431883023907059.pdf
2026-05-20 11:14:38 | INFO     | __main__:extract_pendencias:231 - Texto extraído (3182 chars). Analisando pendências...
2026-05-20 11:14:38 | INFO     | __main__:extract_pendencias:210 - [33] Processando: JEAR ENSINO MEDIO LTDA. (04.607.567/0001-81)
2026-05-20 11:14:38 | INFO     | __main__:extract_pendencias:222 - PDF encontrado: https://storage.googleapis.com/storagescrapings.appspot.com/ecac/49586312000118/situacao-fiscal-2026-04-22-04607567000181-2281694846264474203.pdf
2026-05-20 11:14:40 | INFO     | __main__:extract_pendencias:231 - Texto extraído (33889 chars). Analisando pendências...
2026-05-20 11:14:40 | INFO     | __main__:extract_pendencias:210 - [34] Processando: JM COMÉRCIO ALIMENTICIOS LTDA (55.870.283/0001-14)
2026-05-20 11:14:40 | INFO     | __main__:extract_pendencias:222 - PDF encontrado: https://storage.googleapis.com/storagescrapings.appspot.com/ecac/49586312000118/situacao-fiscal-2026-04-22-55870283000114--6073276630133409729.pdf
2026-05-20 11:14:40 | INFO     | __main__:extract_pendencias:231 - Texto extraído (3617 chars). Analisando pendências...
2026-05-20 11:14:40 | INFO     | __main__:extract_pendencias:210 - [35] Processando: JORGE RIBEIRO CORTIZO (20.734.790/0001-46)
2026-05-20 11:14:40 | INFO     | __main__:extract_pendencias:222 - PDF encontrado: https://storage.googleapis.com/storagescrapings.appspot.com/ecac/49586312000118/situacao-fiscal-2026-04-22-20734790000146--8927549092302313739.pdf
2026-05-20 11:14:40 | INFO     | __main__:extract_pendencias:231 - Texto extraído (4691 chars). Analisando pendências...
2026-05-20 11:14:40 | INFO     | __main__:extract_pendencias:210 - [36] Processando: K T - ENSINO FUNDAMENTAL LTDA. (07.008.842/0001-39)
2026-05-20 11:14:40 | INFO     | __main__:extract_pendencias:222 - PDF encontrado: https://storage.googleapis.com/storagescrapings.appspot.com/ecac/49586312000118/situacao-fiscal-2026-04-30-07008842000139-4088958678346599096.pdf
2026-05-20 11:14:41 | INFO     | __main__:extract_pendencias:231 - Texto extraído (11162 chars). Analisando pendências...
2026-05-20 11:14:41 | INFO     | __main__:extract_pendencias:210 - [37] Processando: KETPU COMERCIO DE ARTIGOS DO VESTUÁRIO LTDA (36.126.523/0001-26)
2026-05-20 11:14:41 | INFO     | __main__:extract_pendencias:222 - PDF encontrado: https://storage.googleapis.com/storagescrapings.appspot.com/ecac/49586312000118/situacao-fiscal-2026-04-22-36126523000126-5805054434063043784.pdf
2026-05-20 11:14:42 | INFO     | __main__:extract_pendencias:231 - Texto extraído (3051 chars). Analisando pendências...
2026-05-20 11:14:42 | INFO     | __main__:extract_pendencias:210 - [38] Processando: L F PATRIMONIAL EMPREENDIMENTOS LTDA (13.341.532/0001-34)
2026-05-20 11:14:42 | INFO     | __main__:extract_pendencias:222 - PDF encontrado: https://storage.googleapis.com/storagescrapings.appspot.com/ecac/49586312000118/situacao-fiscal-2026-04-22-13341532000134--7392430584614533095.pdf
2026-05-20 11:14:42 | INFO     | __main__:extract_pendencias:231 - Texto extraído (3462 chars). Analisando pendências...
2026-05-20 11:14:42 | INFO     | __main__:extract_pendencias:210 - [39] Processando: L. J. COMERCIO DE MATERIAIS DE CONSTRUCAO LTDA - EPP (01.937.682/0001-26)
2026-05-20 11:14:42 | INFO     | __main__:extract_pendencias:222 - PDF encontrado: https://storage.googleapis.com/storagescrapings.appspot.com/ecac/49586312000118/situacao-fiscal-2026-04-23-01937682000126-3159774788943038011.pdf
2026-05-20 11:14:43 | INFO     | __main__:extract_pendencias:231 - Texto extraído (2933 chars). Analisando pendências...
2026-05-20 11:14:43 | INFO     | __main__:extract_pendencias:210 - [40] Processando: LACERDA PATRIMONIAL LTDA. (06.314.992/0001-08)
2026-05-20 11:14:43 | INFO     | __main__:extract_pendencias:222 - PDF encontrado: https://storage.googleapis.com/storagescrapings.appspot.com/ecac/49586312000118/situacao-fiscal-2026-04-22-06314992000108--4487014433561385560.pdf
2026-05-20 11:14:44 | INFO     | __main__:extract_pendencias:231 - Texto extraído (10534 chars). Analisando pendências...
2026-05-20 11:14:44 | INFO     | __main__:extract_pendencias:210 - [41] Processando: LITORAL BAHIA IMOBILIARIA LTDA (42.740.527/0001-00)
2026-05-20 11:14:44 | INFO     | __main__:extract_pendencias:222 - PDF encontrado: https://storage.googleapis.com/storagescrapings.appspot.com/ecac/49586312000118/situacao-fiscal-2026-04-22-42740527000100--5589820545870268657.pdf
2026-05-20 11:14:44 | INFO     | __main__:extract_pendencias:231 - Texto extraído (2765 chars). Analisando pendências...
2026-05-20 11:14:44 | INFO     | __main__:extract_pendencias:210 - [42] Processando: MACEDO COMERCIAL DE CALCADOS LTDA (04.074.648/0001-63)
2026-05-20 11:14:44 | INFO     | __main__:extract_pendencias:222 - PDF encontrado: https://storage.googleapis.com/storagescrapings.appspot.com/ecac/49586312000118/situacao-fiscal-2026-04-22-04074648000163-1924711977767968128.pdf
2026-05-20 11:14:45 | INFO     | __main__:extract_pendencias:231 - Texto extraído (19590 chars). Analisando pendências...
2026-05-20 11:14:45 | INFO     | __main__:extract_pendencias:210 - [43] Processando: MACEDO COMERCIAL DE CALCADOS LTDA (04.074.648/0002-44)
2026-05-20 11:14:45 | INFO     | __main__:extract_pendencias:222 - PDF encontrado: https://storage.googleapis.com/storagescrapings.appspot.com/ecac/49586312000118/situacao-fiscal-2026-04-22-04074648000244-8302162447885227742.pdf
2026-05-20 11:14:47 | INFO     | __main__:extract_pendencias:231 - Texto extraído (20058 chars). Analisando pendências...
2026-05-20 11:14:47 | INFO     | __main__:extract_pendencias:210 - [44] Processando: MACEDO COMERCIAL DE CALCADOS LTDA (04.074.648/0003-25)
2026-05-20 11:14:47 | INFO     | __main__:extract_pendencias:222 - PDF encontrado: https://storage.googleapis.com/storagescrapings.appspot.com/ecac/49586312000118/situacao-fiscal-2026-04-22-04074648000325-7101257031099333104.pdf
2026-05-20 11:14:48 | INFO     | __main__:extract_pendencias:231 - Texto extraído (20015 chars). Analisando pendências...
2026-05-20 11:14:48 | INFO     | __main__:extract_pendencias:210 - [45] Processando: MACEDO COMERCIAL DE CALCADOS LTDA (04.074.648/0004-06)
2026-05-20 11:14:48 | INFO     | __main__:extract_pendencias:222 - PDF encontrado: https://storage.googleapis.com/storagescrapings.appspot.com/ecac/49586312000118/situacao-fiscal-2026-04-22-04074648000406--5428450619623283093.pdf
2026-05-20 11:14:49 | INFO     | __main__:extract_pendencias:231 - Texto extraído (20050 chars). Analisando pendências...
2026-05-20 11:14:49 | INFO     | __main__:extract_pendencias:210 - [46] Processando: MALU EMPREENDIMENTOS E PARTICIPACOES LTDA (08.545.897/0001-40)
2026-05-20 11:14:49 | INFO     | __main__:extract_pendencias:222 - PDF encontrado: https://storage.googleapis.com/storagescrapings.appspot.com/ecac/49586312000118/situacao-fiscal-2026-04-22-08545897000140-2847329685060422529.pdf
2026-05-20 11:14:50 | INFO     | __main__:extract_pendencias:231 - Texto extraído (3991 chars). Analisando pendências...
2026-05-20 11:14:50 | INFO     | __main__:extract_pendencias:210 - [47] Processando: MAPLE REVESTIMENTO LTDA (62.328.532/0001-00)
2026-05-20 11:14:50 | INFO     | __main__:extract_pendencias:222 - PDF encontrado: https://storage.googleapis.com/storagescrapings.appspot.com/ecac/49586312000118/situacao-fiscal-2026-05-12-62328532000100--2856875138160061796.pdf
2026-05-20 11:14:50 | INFO     | __main__:extract_pendencias:231 - Texto extraído (2277 chars). Analisando pendências...
2026-05-20 11:14:50 | INFO     | __main__:extract_pendencias:210 - [48] Processando: MASSA ALIMENTAÇÃO E SERVIÇOS S/A (09.033.381/0001-80)
2026-05-20 11:14:50 | INFO     | __main__:extract_pendencias:222 - PDF encontrado: https://storage.googleapis.com/storagescrapings.appspot.com/ecac/49586312000118/situacao-fiscal-2026-04-22-09033381000180--1156225473659545182.pdf
2026-05-20 11:14:52 | INFO     | __main__:extract_pendencias:231 - Texto extraído (34166 chars). Analisando pendências...
2026-05-20 11:14:52 | INFO     | __main__:extract_pendencias:210 - [49] Processando: MASSA ALIMENTAÇÃO E SERVIÇOS S/A (09.033.381/0014-02)
2026-05-20 11:14:52 | INFO     | __main__:extract_pendencias:222 - PDF encontrado: https://storage.googleapis.com/storagescrapings.appspot.com/ecac/49586312000118/situacao-fiscal-2026-04-22-09033381001402-7134323736767349703.pdf
2026-05-20 11:14:54 | INFO     | __main__:extract_pendencias:231 - Texto extraído (34976 chars). Analisando pendências...
2026-05-20 11:14:54 | INFO     | __main__:extract_pendencias:210 - [50] Processando: MASSA ALIMENTAÇÃO E SERVIÇOS S/A (09.033.381/0005-03)
2026-05-20 11:14:54 | INFO     | __main__:extract_pendencias:222 - PDF encontrado: https://storage.googleapis.com/storagescrapings.appspot.com/ecac/49586312000118/situacao-fiscal-2026-04-22-09033381000503--1697455311138456054.pdf
2026-05-20 11:14:56 | INFO     | __main__:extract_pendencias:231 - Texto extraído (34928 chars). Analisando pendências...
2026-05-20 11:14:56 | WARNING  | __main__:extract_pendencias:255 - Lote de 50 atingido. Reiniciando sessão...
2026-05-20 11:14:56 | INFO     | __main__:extract_pendencias:139 - --- INICIANDO SESSÃO (Batch 2, Página 3) ---
2026-05-20 11:14:58 | INFO     | __main__:_login:22 - Navegando para o login em https://49586312000118.veri.com.br//login
2026-05-20 11:14:58 | INFO     | __main__:_login:25 - Inserindo credenciais...
2026-05-20 11:14:59 | INFO     | __main__:_login:35 - Aguardando redirecionamento pós-login...
2026-05-20 11:15:02 | SUCCESS  | __main__:_login:50 - Logado com sucesso.
2026-05-20 11:15:02 | INFO     | __main__:extract_pendencias:166 - Navegando para lista geral (Resumo na pág 3)...
2026-05-20 11:15:03 | INFO     | __main__:extract_pendencias:172 - Avançando para página 2 para retomar...
2026-05-20 11:15:05 | INFO     | __main__:extract_pendencias:172 - Avançando para página 3 para retomar...
2026-05-20 11:15:06 | INFO     | __main__:extract_pendencias:179 - Processando página 3...
2026-05-20 11:15:06 | INFO     | __main__:extract_pendencias:186 - Encontradas 23 empresas com Pendência na página 3
2026-05-20 11:15:06 | INFO     | __main__:extract_pendencias:210 - [51] Processando: INVERBANCA - BRASIL EMPREENDIMENTOS IMOBILIARIOS E TURISTICOS LTDA (08.204.318/0001-04)
2026-05-20 11:15:06 | INFO     | __main__:extract_pendencias:222 - PDF encontrado: https://storage.googleapis.com/storagescrapings.appspot.com/ecac/49586312000118/situacao-fiscal-2026-04-22-08204318000104--5811018523628754305.pdf
2026-05-20 11:15:06 | INFO     | __main__:extract_pendencias:231 - Texto extraído (2881 chars). Analisando pendências...
2026-05-20 11:15:07 | INFO     | __main__:extract_pendencias:210 - [52] Processando: J R J - SERVICOS MEDICOS E CIRURGICOS LTDA. (12.756.985/0001-69)
2026-05-20 11:15:07 | INFO     | __main__:extract_pendencias:222 - PDF encontrado: https://storage.googleapis.com/storagescrapings.appspot.com/ecac/49586312000118/situacao-fiscal-2026-04-23-12756985000169-1018289682162888962.pdf
2026-05-20 11:15:07 | INFO     | __main__:extract_pendencias:231 - Texto extraído (8401 chars). Analisando pendências...
2026-05-20 11:15:07 | INFO     | __main__:extract_pendencias:210 - [53] Processando: J. MACEDO AGROPECUARIA LTDA (04.692.740/0001-97)
2026-05-20 11:15:07 | INFO     | __main__:extract_pendencias:222 - PDF encontrado: https://storage.googleapis.com/storagescrapings.appspot.com/ecac/49586312000118/situacao-fiscal-2026-04-22-04692740000197-4215431883023907059.pdf
2026-05-20 11:15:07 | INFO     | __main__:extract_pendencias:231 - Texto extraído (3182 chars). Analisando pendências...
2026-05-20 11:15:07 | INFO     | __main__:extract_pendencias:210 - [54] Processando: JEAR ENSINO MEDIO LTDA. (04.607.567/0001-81)
2026-05-20 11:15:07 | INFO     | __main__:extract_pendencias:222 - PDF encontrado: https://storage.googleapis.com/storagescrapings.appspot.com/ecac/49586312000118/situacao-fiscal-2026-04-22-04607567000181-2281694846264474203.pdf
2026-05-20 11:15:08 | INFO     | __main__:extract_pendencias:231 - Texto extraído (33889 chars). Analisando pendências...
2026-05-20 11:15:08 | INFO     | __main__:extract_pendencias:210 - [55] Processando: JM COMÉRCIO ALIMENTICIOS LTDA (55.870.283/0001-14)
2026-05-20 11:15:08 | INFO     | __main__:extract_pendencias:222 - PDF encontrado: https://storage.googleapis.com/storagescrapings.appspot.com/ecac/49586312000118/situacao-fiscal-2026-04-22-55870283000114--6073276630133409729.pdf
2026-05-20 11:15:08 | INFO     | __main__:extract_pendencias:231 - Texto extraído (3617 chars). Analisando pendências...
2026-05-20 11:15:08 | INFO     | __main__:extract_pendencias:210 - [56] Processando: JORGE RIBEIRO CORTIZO (20.734.790/0001-46)
2026-05-20 11:15:09 | INFO     | __main__:extract_pendencias:222 - PDF encontrado: https://storage.googleapis.com/storagescrapings.appspot.com/ecac/49586312000118/situacao-fiscal-2026-04-22-20734790000146--8927549092302313739.pdf
2026-05-20 11:15:09 | INFO     | __main__:extract_pendencias:231 - Texto extraído (4691 chars). Analisando pendências...
2026-05-20 11:15:09 | INFO     | __main__:extract_pendencias:210 - [57] Processando: K T - ENSINO FUNDAMENTAL LTDA. (07.008.842/0001-39)
2026-05-20 11:15:09 | INFO     | __main__:extract_pendencias:222 - PDF encontrado: https://storage.googleapis.com/storagescrapings.appspot.com/ecac/49586312000118/situacao-fiscal-2026-04-30-07008842000139-4088958678346599096.pdf
2026-05-20 11:15:09 | INFO     | __main__:extract_pendencias:231 - Texto extraído (11162 chars). Analisando pendências...
2026-05-20 11:15:09 | INFO     | __main__:extract_pendencias:210 - [58] Processando: KETPU COMERCIO DE ARTIGOS DO VESTUÁRIO LTDA (36.126.523/0001-26)
2026-05-20 11:15:09 | INFO     | __main__:extract_pendencias:222 - PDF encontrado: https://storage.googleapis.com/storagescrapings.appspot.com/ecac/49586312000118/situacao-fiscal-2026-04-22-36126523000126-5805054434063043784.pdf
2026-05-20 11:15:09 | INFO     | __main__:extract_pendencias:231 - Texto extraído (3051 chars). Analisando pendências...
2026-05-20 11:15:09 | INFO     | __main__:extract_pendencias:210 - [59] Processando: L F PATRIMONIAL EMPREENDIMENTOS LTDA (13.341.532/0001-34)
2026-05-20 11:15:09 | INFO     | __main__:extract_pendencias:222 - PDF encontrado: https://storage.googleapis.com/storagescrapings.appspot.com/ecac/49586312000118/situacao-fiscal-2026-04-22-13341532000134--7392430584614533095.pdf
2026-05-20 11:15:10 | INFO     | __main__:extract_pendencias:231 - Texto extraído (3462 chars). Analisando pendências...
2026-05-20 11:15:10 | INFO     | __main__:extract_pendencias:210 - [60] Processando: L. J. COMERCIO DE MATERIAIS DE CONSTRUCAO LTDA - EPP (01.937.682/0001-26)
2026-05-20 11:15:10 | INFO     | __main__:extract_pendencias:222 - PDF encontrado: https://storage.googleapis.com/storagescrapings.appspot.com/ecac/49586312000118/situacao-fiscal-2026-04-23-01937682000126-3159774788943038011.pdf
2026-05-20 11:15:10 | INFO     | __main__:extract_pendencias:231 - Texto extraído (2933 chars). Analisando pendências...
2026-05-20 11:15:10 | INFO     | __main__:extract_pendencias:210 - [61] Processando: LACERDA PATRIMONIAL LTDA. (06.314.992/0001-08)
2026-05-20 11:15:10 | INFO     | __main__:extract_pendencias:222 - PDF encontrado: https://storage.googleapis.com/storagescrapings.appspot.com/ecac/49586312000118/situacao-fiscal-2026-04-22-06314992000108--4487014433561385560.pdf
2026-05-20 11:15:10 | INFO     | __main__:extract_pendencias:231 - Texto extraído (10534 chars). Analisando pendências...
2026-05-20 11:15:10 | INFO     | __main__:extract_pendencias:210 - [62] Processando: LITORAL BAHIA IMOBILIARIA LTDA (42.740.527/0001-00)
2026-05-20 11:15:10 | INFO     | __main__:extract_pendencias:222 - PDF encontrado: https://storage.googleapis.com/storagescrapings.appspot.com/ecac/49586312000118/situacao-fiscal-2026-04-22-42740527000100--5589820545870268657.pdf
2026-05-20 11:15:10 | INFO     | __main__:extract_pendencias:231 - Texto extraído (2765 chars). Analisando pendências...
2026-05-20 11:15:10 | INFO     | __main__:extract_pendencias:210 - [63] Processando: MACEDO COMERCIAL DE CALCADOS LTDA (04.074.648/0001-63)
2026-05-20 11:15:10 | INFO     | __main__:extract_pendencias:222 - PDF encontrado: https://storage.googleapis.com/storagescrapings.appspot.com/ecac/49586312000118/situacao-fiscal-2026-04-22-04074648000163-1924711977767968128.pdf
2026-05-20 11:15:11 | INFO     | __main__:extract_pendencias:231 - Texto extraído (19590 chars). Analisando pendências...
2026-05-20 11:15:11 | INFO     | __main__:extract_pendencias:210 - [64] Processando: MACEDO COMERCIAL DE CALCADOS LTDA (04.074.648/0002-44)
2026-05-20 11:15:11 | INFO     | __main__:extract_pendencias:222 - PDF encontrado: https://storage.googleapis.com/storagescrapings.appspot.com/ecac/49586312000118/situacao-fiscal-2026-04-22-04074648000244-8302162447885227742.pdf
2026-05-20 11:15:12 | INFO     | __main__:extract_pendencias:231 - Texto extraído (20058 chars). Analisando pendências...
2026-05-20 11:15:12 | INFO     | __main__:extract_pendencias:210 - [65] Processando: MACEDO COMERCIAL DE CALCADOS LTDA (04.074.648/0003-25)
2026-05-20 11:15:12 | INFO     | __main__:extract_pendencias:222 - PDF encontrado: https://storage.googleapis.com/storagescrapings.appspot.com/ecac/49586312000118/situacao-fiscal-2026-04-22-04074648000325-7101257031099333104.pdf
2026-05-20 11:15:12 | INFO     | __main__:extract_pendencias:231 - Texto extraído (20015 chars). Analisando pendências...
2026-05-20 11:15:12 | INFO     | __main__:extract_pendencias:210 - [66] Processando: MACEDO COMERCIAL DE CALCADOS LTDA (04.074.648/0004-06)
2026-05-20 11:15:12 | INFO     | __main__:extract_pendencias:222 - PDF encontrado: https://storage.googleapis.com/storagescrapings.appspot.com/ecac/49586312000118/situacao-fiscal-2026-04-22-04074648000406--5428450619623283093.pdf
2026-05-20 11:15:13 | INFO     | __main__:extract_pendencias:231 - Texto extraído (20050 chars). Analisando pendências...
2026-05-20 11:15:13 | INFO     | __main__:extract_pendencias:210 - [67] Processando: MALU EMPREENDIMENTOS E PARTICIPACOES LTDA (08.545.897/0001-40)
2026-05-20 11:15:13 | INFO     | __main__:extract_pendencias:222 - PDF encontrado: https://storage.googleapis.com/storagescrapings.appspot.com/ecac/49586312000118/situacao-fiscal-2026-04-22-08545897000140-2847329685060422529.pdf
2026-05-20 11:15:13 | INFO     | __main__:extract_pendencias:231 - Texto extraído (3991 chars). Analisando pendências...
2026-05-20 11:15:13 | INFO     | __main__:extract_pendencias:210 - [68] Processando: MAPLE REVESTIMENTO LTDA (62.328.532/0001-00)
2026-05-20 11:15:13 | INFO     | __main__:extract_pendencias:222 - PDF encontrado: https://storage.googleapis.com/storagescrapings.appspot.com/ecac/49586312000118/situacao-fiscal-2026-05-12-62328532000100--2856875138160061796.pdf
2026-05-20 11:15:14 | INFO     | __main__:extract_pendencias:231 - Texto extraído (2277 chars). Analisando pendências...
2026-05-20 11:15:14 | INFO     | __main__:extract_pendencias:210 - [69] Processando: MASSA ALIMENTAÇÃO E SERVIÇOS S/A (09.033.381/0001-80)
2026-05-20 11:15:14 | INFO     | __main__:extract_pendencias:222 - PDF encontrado: https://storage.googleapis.com/storagescrapings.appspot.com/ecac/49586312000118/situacao-fiscal-2026-04-22-09033381000180--1156225473659545182.pdf
2026-05-20 11:15:15 | INFO     | __main__:extract_pendencias:231 - Texto extraído (34166 chars). Analisando pendências...
2026-05-20 11:15:15 | INFO     | __main__:extract_pendencias:210 - [70] Processando: MASSA ALIMENTAÇÃO E SERVIÇOS S/A (09.033.381/0014-02)
2026-05-20 11:15:15 | INFO     | __main__:extract_pendencias:222 - PDF encontrado: https://storage.googleapis.com/storagescrapings.appspot.com/ecac/49586312000118/situacao-fiscal-2026-04-22-09033381001402-7134323736767349703.pdf
2026-05-20 11:15:16 | INFO     | __main__:extract_pendencias:231 - Texto extraído (34976 chars). Analisando pendências...
2026-05-20 11:15:16 | INFO     | __main__:extract_pendencias:210 - [71] Processando: MASSA ALIMENTAÇÃO E SERVIÇOS S/A (09.033.381/0005-03)
2026-05-20 11:15:16 | INFO     | __main__:extract_pendencias:222 - PDF encontrado: https://storage.googleapis.com/storagescrapings.appspot.com/ecac/49586312000118/situacao-fiscal-2026-04-22-09033381000503--1697455311138456054.pdf
2026-05-20 11:15:17 | INFO     | __main__:extract_pendencias:231 - Texto extraído (34928 chars). Analisando pendências...
2026-05-20 11:15:17 | INFO     | __main__:extract_pendencias:210 - [72] Processando: MAX CALCADOS DA BAHIA LTDA. (22.331.256/0001-14)
2026-05-20 11:15:17 | INFO     | __main__:extract_pendencias:222 - PDF encontrado: https://storage.googleapis.com/storagescrapings.appspot.com/ecac/49586312000118/situacao-fiscal-2026-04-22-22331256000114-4243398450979995340.pdf
2026-05-20 11:15:19 | INFO     | __main__:extract_pendencias:231 - Texto extraído (33555 chars). Analisando pendências...
2026-05-20 11:15:19 | INFO     | __main__:extract_pendencias:210 - [73] Processando: MENERI TRANSPORTE, LOGISTICA E PARTICIPACOES LTDA (15.571.070/0001-77)
2026-05-20 11:15:19 | INFO     | __main__:extract_pendencias:222 - PDF encontrado: https://storage.googleapis.com/storagescrapings.appspot.com/ecac/49586312000118/situacao-fiscal-2026-04-22-15571070000177--3872490118339712446.pdf
2026-05-20 11:15:20 | INFO     | __main__:extract_pendencias:231 - Texto extraído (2989 chars). Analisando pendências...
2026-05-20 11:15:20 | INFO     | __main__:extract_pendencias:179 - Processando página 4...
2026-05-20 11:15:20 | INFO     | __main__:extract_pendencias:186 - Encontradas 18 empresas com Pendência na página 4
2026-05-20 11:15:20 | INFO     | __main__:extract_pendencias:210 - [74] Processando: MINIMERCADO SANTO ANTONIO DE JESUS LTDA (63.801.749/0001-58)
2026-05-20 11:15:20 | INFO     | __main__:extract_pendencias:222 - PDF encontrado: https://storage.googleapis.com/storagescrapings.appspot.com/ecac/49586312000118/situacao-fiscal-2026-04-22-63801749000158-3362254561547369713.pdf
2026-05-20 11:15:20 | INFO     | __main__:extract_pendencias:231 - Texto extraído (2795 chars). Analisando pendências...
2026-05-20 11:15:20 | WARNING  | __main__:extract_pendencias:235 - SiefParser sem pendências. Primeiros 200 chars: MINISTÉRIO DA ECONOMIA Por meio do Integra Contador
SECRETARIA ESPECIAL DA RECEITA FEDERAL DO BRASIL Autor pedido: 49.586.312/0001-18. Contratante: 28.408.293/0001-60
PROCURADORIA-GERAL DA FAZENDA NAC
2026-05-20 11:15:20 | INFO     | __main__:extract_pendencias:210 - [75] Processando: MIRANDA E ROCHA LIMA LTDA (13.959.382/0001-27)
2026-05-20 11:15:21 | INFO     | __main__:extract_pendencias:222 - PDF encontrado: https://storage.googleapis.com/storagescrapings.appspot.com/ecac/49586312000118/situacao-fiscal-2026-04-22-13959382000127-478539950657811473.pdf
2026-05-20 11:15:21 | INFO     | __main__:extract_pendencias:231 - Texto extraído (3054 chars). Analisando pendências...
2026-05-20 11:15:21 | INFO     | __main__:extract_pendencias:210 - [76] Processando: MONUMENTAL DO BRASIL LTDA. (18.783.002/0001-60)
2026-05-20 11:15:21 | INFO     | __main__:extract_pendencias:222 - PDF encontrado: https://storage.googleapis.com/storagescrapings.appspot.com/ecac/49586312000118/situacao-fiscal-2026-04-22-18783002000160-6280208755311195445.pdf
2026-05-20 11:15:21 | INFO     | __main__:extract_pendencias:231 - Texto extraído (2895 chars). Analisando pendências...
2026-05-20 11:15:21 | INFO     | __main__:extract_pendencias:210 - [77] Processando: NACIONAL PARTICIPACOES S. A (24.605.630/0001-58)
2026-05-20 11:15:21 | INFO     | __main__:extract_pendencias:222 - PDF encontrado: https://storage.googleapis.com/storagescrapings.appspot.com/ecac/49586312000118/situacao-fiscal-2026-04-22-24605630000158-3931079664649891145.pdf
2026-05-20 11:15:22 | INFO     | __main__:extract_pendencias:231 - Texto extraído (2231 chars). Analisando pendências...
2026-05-20 11:15:22 | WARNING  | __main__:extract_pendencias:235 - SiefParser sem pendências. Primeiros 200 chars: MINISTÉRIO DA ECONOMIA Por meio do Integra Contador
SECRETARIA ESPECIAL DA RECEITA FEDERAL DO BRASIL Autor pedido: 49.586.312/0001-18. Contratante: 28.408.293/0001-60
PROCURADORIA-GERAL DA FAZENDA NAC
2026-05-20 11:15:22 | INFO     | __main__:extract_pendencias:210 - [78] Processando: NOVE PATRIMONIAL LTDA (08.894.711/0001-69)
2026-05-20 11:15:22 | INFO     | __main__:extract_pendencias:222 - PDF encontrado: https://storage.googleapis.com/storagescrapings.appspot.com/ecac/49586312000118/situacao-fiscal-2026-04-22-08894711000169-7827366803421334876.pdf
2026-05-20 11:15:22 | INFO     | __main__:extract_pendencias:231 - Texto extraído (2979 chars). Analisando pendências...
2026-05-20 11:15:22 | WARNING  | __main__:extract_pendencias:235 - SiefParser sem pendências. Primeiros 200 chars: MINISTÉRIO DA ECONOMIA Por meio do Integra Contador
SECRETARIA ESPECIAL DA RECEITA FEDERAL DO BRASIL Autor pedido: 49.586.312/0001-18. Contratante: 28.408.293/0001-60
PROCURADORIA-GERAL DA FAZENDA NAC
2026-05-20 11:15:22 | INFO     | __main__:extract_pendencias:210 - [79] Processando: PARAISO EMPREENDIMENTOS LTDA (34.099.622/0001-30)
2026-05-20 11:15:22 | INFO     | __main__:extract_pendencias:222 - PDF encontrado: https://storage.googleapis.com/storagescrapings.appspot.com/ecac/49586312000118/situacao-fiscal-2026-04-22-34099622000130-936569280110795255.pdf
2026-05-20 11:15:23 | INFO     | __main__:extract_pendencias:231 - Texto extraído (7440 chars). Analisando pendências...
2026-05-20 11:15:23 | WARNING  | __main__:extract_pendencias:235 - SiefParser sem pendências. Primeiros 200 chars: MINISTÉRIO DA ECONOMIA Por meio do Integra Contador
SECRETARIA ESPECIAL DA RECEITA FEDERAL DO BRASIL Autor pedido: 49.586.312/0001-18. Contratante: 28.408.293/0001-60
PROCURADORIA-GERAL DA FAZENDA NAC
2026-05-20 11:15:23 | INFO     | __main__:extract_pendencias:210 - [80] Processando: PATRIMONIAL COSTA CARNEIRO LTDA (05.416.834/0001-04)
2026-05-20 11:15:23 | INFO     | __main__:extract_pendencias:222 - PDF encontrado: https://storage.googleapis.com/storagescrapings.appspot.com/ecac/49586312000118/situacao-fiscal-2026-04-22-05416834000104-1349764411598536961.pdf
2026-05-20 11:15:23 | INFO     | __main__:extract_pendencias:231 - Texto extraído (2869 chars). Analisando pendências...
2026-05-20 11:15:23 | INFO     | __main__:extract_pendencias:210 - [81] Processando: PATRIMONIAL LIBERDADE LTDA (04.872.981/0001-18)
2026-05-20 11:15:23 | INFO     | __main__:extract_pendencias:222 - PDF encontrado: https://storage.googleapis.com/storagescrapings.appspot.com/ecac/49586312000118/situacao-fiscal-2026-04-22-04872981000118-3761544210894069284.pdf
2026-05-20 11:15:24 | INFO     | __main__:extract_pendencias:231 - Texto extraído (2279 chars). Analisando pendências...
2026-05-20 11:15:24 | INFO     | __main__:extract_pendencias:210 - [82] Processando: PATRIMONIAL SAO GONCALO LTDA. (07.224.478/0001-44)
2026-05-20 11:15:24 | INFO     | __main__:extract_pendencias:222 - PDF encontrado: https://storage.googleapis.com/storagescrapings.appspot.com/ecac/49586312000118/situacao-fiscal-2026-04-22-07224478000144-7718596402852818543.pdf
2026-05-20 11:15:24 | INFO     | __main__:extract_pendencias:231 - Texto extraído (2757 chars). Analisando pendências...
2026-05-20 11:15:24 | WARNING  | __main__:extract_pendencias:235 - SiefParser sem pendências. Primeiros 200 chars: MINISTÉRIO DA ECONOMIA Por meio do Integra Contador
SECRETARIA ESPECIAL DA RECEITA FEDERAL DO BRASIL Autor pedido: 49.586.312/0001-18. Contratante: 28.408.293/0001-60
PROCURADORIA-GERAL DA FAZENDA NAC
2026-05-20 11:15:24 | INFO     | __main__:extract_pendencias:210 - [83] Processando: PATROL CONSTRUCOES LTDA (01.086.932/0001-61)
2026-05-20 11:15:24 | INFO     | __main__:extract_pendencias:222 - PDF encontrado: https://storage.googleapis.com/storagescrapings.appspot.com/ecac/49586312000118/situacao-fiscal-2026-04-22-01086932000161-3823766226439183152.pdf
2026-05-20 11:15:26 | INFO     | __main__:extract_pendencias:231 - Texto extraído (21839 chars). Analisando pendências...
2026-05-20 11:15:26 | WARNING  | __main__:extract_pendencias:235 - SiefParser sem pendências. Primeiros 200 chars: MINISTÉRIO DA ECONOMIA Por meio do Integra Contador
SECRETARIA ESPECIAL DA RECEITA FEDERAL DO BRASIL Autor pedido: 49.586.312/0001-18. Contratante: 28.408.293/0001-60
PROCURADORIA-GERAL DA FAZENDA NAC
2026-05-20 11:15:26 | INFO     | __main__:extract_pendencias:210 - [84] Processando: PDK ADMINISTRADORA DE BENS LTDA (08.000.034/0001-98)
2026-05-20 11:15:26 | INFO     | __main__:extract_pendencias:222 - PDF encontrado: https://storage.googleapis.com/storagescrapings.appspot.com/ecac/49586312000118/situacao-fiscal-2026-04-22-08000034000198-53074280308073668.pdf
2026-05-20 11:15:26 | INFO     | __main__:extract_pendencias:231 - Texto extraído (3323 chars). Analisando pendências...
2026-05-20 11:15:26 | INFO     | __main__:extract_pendencias:210 - [85] Processando: PH GESTAO E CONSULTORIA S.A. (25.311.856/0001-09)
2026-05-20 11:15:26 | INFO     | __main__:extract_pendencias:222 - PDF encontrado: https://storage.googleapis.com/storagescrapings.appspot.com/ecac/49586312000118/situacao-fiscal-2026-04-22-25311856000109--9008016141876852729.pdf
2026-05-20 11:15:27 | INFO     | __main__:extract_pendencias:231 - Texto extraído (3677 chars). Analisando pendências...
2026-05-20 11:15:27 | INFO     | __main__:extract_pendencias:210 - [86] Processando: PML REVESTIMENTOS LTDA (40.010.011/0001-77)
2026-05-20 11:15:27 | INFO     | __main__:extract_pendencias:222 - PDF encontrado: https://storage.googleapis.com/storagescrapings.appspot.com/ecac/49586312000118/situacao-fiscal-2026-04-22-40010011000177--6129246505019043764.pdf
2026-05-20 11:15:28 | INFO     | __main__:extract_pendencias:231 - Texto extraído (25222 chars). Analisando pendências...
2026-05-20 11:15:28 | INFO     | __main__:extract_pendencias:210 - [87] Processando: PML REVESTIMENTOS LTDA (40.010.011/0002-58)
2026-05-20 11:15:28 | INFO     | __main__:extract_pendencias:222 - PDF encontrado: https://storage.googleapis.com/storagescrapings.appspot.com/ecac/49586312000118/situacao-fiscal-2026-04-22-40010011000258-4432407727085848892.pdf
2026-05-20 11:15:30 | INFO     | __main__:extract_pendencias:231 - Texto extraído (26006 chars). Analisando pendências...
2026-05-20 11:15:30 | INFO     | __main__:extract_pendencias:210 - [88] Processando: PRIME ALUGUEL DE MAQUINAS LTDA (12.620.821/0001-00)
2026-05-20 11:15:30 | INFO     | __main__:extract_pendencias:222 - PDF encontrado: https://storage.googleapis.com/storagescrapings.appspot.com/ecac/49586312000118/situacao-fiscal-2026-04-22-12620821000100--1463942204409726582.pdf
2026-05-20 11:15:30 | INFO     | __main__:extract_pendencias:231 - Texto extraído (3206 chars). Analisando pendências...
2026-05-20 11:15:30 | INFO     | __main__:extract_pendencias:210 - [89] Processando: QUANTICO MOLDAVITA LTDA (37.250.815/0001-39)
2026-05-20 11:15:30 | INFO     | __main__:extract_pendencias:222 - PDF encontrado: https://storage.googleapis.com/storagescrapings.appspot.com/ecac/49586312000118/situacao-fiscal-2026-04-22-37250815000139-1524135072537740975.pdf
2026-05-20 11:15:31 | INFO     | __main__:extract_pendencias:231 - Texto extraído (2771 chars). Analisando pendências...
2026-05-20 11:15:31 | INFO     | __main__:extract_pendencias:210 - [90] Processando: RC COMERCIO DE ALIMENTOS LTDA (31.495.226/0001-34)
2026-05-20 11:15:31 | INFO     | __main__:extract_pendencias:222 - PDF encontrado: https://storage.googleapis.com/storagescrapings.appspot.com/ecac/49586312000118/situacao-fiscal-2026-04-22-31495226000134--4967250470748762176.pdf
2026-05-20 11:15:32 | INFO     | __main__:extract_pendencias:231 - Texto extraído (7413 chars). Analisando pendências...
2026-05-20 11:15:32 | INFO     | __main__:extract_pendencias:210 - [91] Processando: REINA PIANO LTDA (52.029.265/0001-16)
2026-05-20 11:15:32 | INFO     | __main__:extract_pendencias:222 - PDF encontrado: https://storage.googleapis.com/storagescrapings.appspot.com/ecac/49586312000118/situacao-fiscal-2026-04-22-52029265000116--4590658828122588184.pdf
2026-05-20 11:15:32 | INFO     | __main__:extract_pendencias:231 - Texto extraído (3286 chars). Analisando pendências...
2026-05-20 11:15:32 | INFO     | __main__:extract_pendencias:179 - Processando página 5...
2026-05-20 11:15:32 | INFO     | __main__:extract_pendencias:186 - Encontradas 24 empresas com Pendência na página 5
2026-05-20 11:15:32 | INFO     | __main__:extract_pendencias:210 - [92] Processando: ROBERTA COSTA CARDOSO (34.243.775/0001-00)
2026-05-20 11:15:32 | INFO     | __main__:extract_pendencias:222 - PDF encontrado: https://storage.googleapis.com/storagescrapings.appspot.com/ecac/49586312000118/situacao-fiscal-2026-04-22-34243775000100--3548381339090108247.pdf
2026-05-20 11:15:33 | INFO     | __main__:extract_pendencias:231 - Texto extraído (4071 chars). Analisando pendências...
2026-05-20 11:15:33 | INFO     | __main__:extract_pendencias:210 - [93] Processando: ROSEMERY ALMEIDA MACÊDO (04.689.608/0001-26)
2026-05-20 11:15:33 | INFO     | __main__:extract_pendencias:222 - PDF encontrado: https://storage.googleapis.com/storagescrapings.appspot.com/ecac/49586312000118/situacao-fiscal-2026-04-22-04689608000126--4336592526846366940.pdf
2026-05-20 11:15:35 | INFO     | __main__:extract_pendencias:231 - Texto extraído (39858 chars). Analisando pendências...
2026-05-20 11:15:35 | INFO     | __main__:extract_pendencias:210 - [94] Processando: ROSEMERY ALMEIDA MACÊDO (04.689.608/0002-07)
2026-05-20 11:15:35 | INFO     | __main__:extract_pendencias:222 - PDF encontrado: https://storage.googleapis.com/storagescrapings.appspot.com/ecac/49586312000118/situacao-fiscal-2026-04-22-04689608000207-8112199096828910405.pdf
2026-05-20 11:15:37 | INFO     | __main__:extract_pendencias:231 - Texto extraído (40263 chars). Analisando pendências...
2026-05-20 11:15:37 | INFO     | __main__:extract_pendencias:210 - [95] Processando: ROSEMERY ALMEIDA MACÊDO (04.689.608/0003-98)
2026-05-20 11:15:37 | INFO     | __main__:extract_pendencias:222 - PDF encontrado: https://storage.googleapis.com/storagescrapings.appspot.com/ecac/49586312000118/situacao-fiscal-2026-04-22-04689608000398-7432965350314485186.pdf
2026-05-20 11:15:39 | INFO     | __main__:extract_pendencias:231 - Texto extraído (40251 chars). Analisando pendências...
2026-05-20 11:15:39 | INFO     | __main__:extract_pendencias:210 - [96] Processando: S A 4 MARKETING EMPRESARIAL LTDA. (09.199.339/0001-33)
2026-05-20 11:15:39 | INFO     | __main__:extract_pendencias:222 - PDF encontrado: https://storage.googleapis.com/storagescrapings.appspot.com/ecac/49586312000118/situacao-fiscal-2026-04-22-09199339000133-682147675603974772.pdf
2026-05-20 11:15:39 | INFO     | __main__:extract_pendencias:231 - Texto extraído (2732 chars). Analisando pendências...
2026-05-20 11:15:39 | INFO     | __main__:extract_pendencias:210 - [97] Processando: SAEF COMERCIO DE CONFECCOES LTDA (31.320.817/0001-70)
2026-05-20 11:15:39 | INFO     | __main__:extract_pendencias:222 - PDF encontrado: https://storage.googleapis.com/storagescrapings.appspot.com/ecac/49586312000118/situacao-fiscal-2026-04-22-31320817000170-3342990516665056262.pdf
2026-05-20 11:15:40 | INFO     | __main__:extract_pendencias:231 - Texto extraído (2191 chars). Analisando pendências...
2026-05-20 11:15:40 | WARNING  | __main__:extract_pendencias:235 - SiefParser sem pendências. Primeiros 200 chars: MINISTÉRIO DA ECONOMIA Por meio do Integra Contador
SECRETARIA ESPECIAL DA RECEITA FEDERAL DO BRASIL Autor pedido: 49.586.312/0001-18. Contratante: 28.408.293/0001-60
PROCURADORIA-GERAL DA FAZENDA NAC
2026-05-20 11:15:40 | INFO     | __main__:extract_pendencias:210 - [98] Processando: SAMP ADMINISTRACAO LTDA (33.903.444/0001-96)
2026-05-20 11:15:40 | INFO     | __main__:extract_pendencias:222 - PDF encontrado: https://storage.googleapis.com/storagescrapings.appspot.com/ecac/49586312000118/situacao-fiscal-2026-04-22-33903444000196-4832606912095421694.pdf
2026-05-20 11:15:40 | INFO     | __main__:extract_pendencias:231 - Texto extraído (2381 chars). Analisando pendências...
2026-05-20 11:15:40 | INFO     | __main__:extract_pendencias:210 - [99] Processando: SARAVIMANA PATRIMONIAL LTDA. (04.904.636/0001-19)
2026-05-20 11:15:40 | INFO     | __main__:extract_pendencias:222 - PDF encontrado: https://storage.googleapis.com/storagescrapings.appspot.com/ecac/49586312000118/situacao-fiscal-2026-04-22-04904636000119-1271228803365190604.pdf
2026-05-20 11:15:41 | INFO     | __main__:extract_pendencias:231 - Texto extraído (2990 chars). Analisando pendências...
2026-05-20 11:15:41 | INFO     | __main__:extract_pendencias:210 - [100] Processando: SERRA DA ESTRELA PATRIMONIAL S/A. (04.091.558/0001-80)
2026-05-20 11:15:41 | INFO     | __main__:extract_pendencias:222 - PDF encontrado: https://storage.googleapis.com/storagescrapings.appspot.com/ecac/49586312000118/situacao-fiscal-2026-04-22-04091558000180--8040808427782924365.pdf
2026-05-20 11:15:41 | INFO     | __main__:extract_pendencias:231 - Texto extraído (2096 chars). Analisando pendências...
2026-05-20 11:15:41 | WARNING  | __main__:extract_pendencias:255 - Lote de 50 atingido. Reiniciando sessão...
2026-05-20 11:15:41 | INFO     | __main__:extract_pendencias:139 - --- INICIANDO SESSÃO (Batch 3, Página 5) ---
2026-05-20 11:15:43 | INFO     | __main__:_login:22 - Navegando para o login em https://49586312000118.veri.com.br//login
2026-05-20 11:15:44 | INFO     | __main__:_login:25 - Inserindo credenciais...
2026-05-20 11:15:45 | INFO     | __main__:_login:35 - Aguardando redirecionamento pós-login...
2026-05-20 11:15:47 | SUCCESS  | __main__:_login:50 - Logado com sucesso.
2026-05-20 11:15:48 | INFO     | __main__:extract_pendencias:166 - Navegando para lista geral (Resumo na pág 5)...
2026-05-20 11:15:49 | INFO     | __main__:extract_pendencias:172 - Avançando para página 2 para retomar...
2026-05-20 11:15:51 | INFO     | __main__:extract_pendencias:172 - Avançando para página 3 para retomar...
2026-05-20 11:15:52 | INFO     | __main__:extract_pendencias:172 - Avançando para página 4 para retomar...
2026-05-20 11:15:53 | INFO     | __main__:extract_pendencias:172 - Avançando para página 5 para retomar...
2026-05-20 11:15:54 | INFO     | __main__:extract_pendencias:179 - Processando página 5...
2026-05-20 11:15:54 | INFO     | __main__:extract_pendencias:186 - Encontradas 24 empresas com Pendência na página 5
2026-05-20 11:15:54 | INFO     | __main__:extract_pendencias:210 - [101] Processando: ROBERTA COSTA CARDOSO (34.243.775/0001-00)
2026-05-20 11:15:54 | INFO     | __main__:extract_pendencias:222 - PDF encontrado: https://storage.googleapis.com/storagescrapings.appspot.com/ecac/49586312000118/situacao-fiscal-2026-04-22-34243775000100--3548381339090108247.pdf
2026-05-20 11:15:55 | INFO     | __main__:extract_pendencias:231 - Texto extraído (4071 chars). Analisando pendências...
2026-05-20 11:15:55 | INFO     | __main__:extract_pendencias:210 - [102] Processando: ROSEMERY ALMEIDA MACÊDO (04.689.608/0001-26)
2026-05-20 11:15:55 | INFO     | __main__:extract_pendencias:222 - PDF encontrado: https://storage.googleapis.com/storagescrapings.appspot.com/ecac/49586312000118/situacao-fiscal-2026-04-22-04689608000126--4336592526846366940.pdf
2026-05-20 11:15:57 | INFO     | __main__:extract_pendencias:231 - Texto extraído (39858 chars). Analisando pendências...
2026-05-20 11:15:57 | INFO     | __main__:extract_pendencias:210 - [103] Processando: ROSEMERY ALMEIDA MACÊDO (04.689.608/0002-07)
2026-05-20 11:15:57 | INFO     | __main__:extract_pendencias:222 - PDF encontrado: https://storage.googleapis.com/storagescrapings.appspot.com/ecac/49586312000118/situacao-fiscal-2026-04-22-04689608000207-8112199096828910405.pdf
2026-05-20 11:15:59 | INFO     | __main__:extract_pendencias:231 - Texto extraído (40263 chars). Analisando pendências...
2026-05-20 11:15:59 | INFO     | __main__:extract_pendencias:210 - [104] Processando: ROSEMERY ALMEIDA MACÊDO (04.689.608/0003-98)
2026-05-20 11:15:59 | INFO     | __main__:extract_pendencias:222 - PDF encontrado: https://storage.googleapis.com/storagescrapings.appspot.com/ecac/49586312000118/situacao-fiscal-2026-04-22-04689608000398-7432965350314485186.pdf
2026-05-20 11:16:01 | INFO     | __main__:extract_pendencias:231 - Texto extraído (40251 chars). Analisando pendências...
2026-05-20 11:16:01 | INFO     | __main__:extract_pendencias:210 - [105] Processando: S A 4 MARKETING EMPRESARIAL LTDA. (09.199.339/0001-33)
2026-05-20 11:16:01 | INFO     | __main__:extract_pendencias:222 - PDF encontrado: https://storage.googleapis.com/storagescrapings.appspot.com/ecac/49586312000118/situacao-fiscal-2026-04-22-09199339000133-682147675603974772.pdf
2026-05-20 11:16:02 | INFO     | __main__:extract_pendencias:231 - Texto extraído (2732 chars). Analisando pendências...
2026-05-20 11:16:02 | INFO     | __main__:extract_pendencias:210 - [106] Processando: SAEF COMERCIO DE CONFECCOES LTDA (31.320.817/0001-70)
2026-05-20 11:16:02 | INFO     | __main__:extract_pendencias:222 - PDF encontrado: https://storage.googleapis.com/storagescrapings.appspot.com/ecac/49586312000118/situacao-fiscal-2026-04-22-31320817000170-3342990516665056262.pdf
2026-05-20 11:16:02 | INFO     | __main__:extract_pendencias:231 - Texto extraído (2191 chars). Analisando pendências...
2026-05-20 11:16:02 | WARNING  | __main__:extract_pendencias:235 - SiefParser sem pendências. Primeiros 200 chars: MINISTÉRIO DA ECONOMIA Por meio do Integra Contador
SECRETARIA ESPECIAL DA RECEITA FEDERAL DO BRASIL Autor pedido: 49.586.312/0001-18. Contratante: 28.408.293/0001-60
PROCURADORIA-GERAL DA FAZENDA NAC
2026-05-20 11:16:02 | INFO     | __main__:extract_pendencias:210 - [107] Processando: SAMP ADMINISTRACAO LTDA (33.903.444/0001-96)
2026-05-20 11:16:02 | INFO     | __main__:extract_pendencias:222 - PDF encontrado: https://storage.googleapis.com/storagescrapings.appspot.com/ecac/49586312000118/situacao-fiscal-2026-04-22-33903444000196-4832606912095421694.pdf
2026-05-20 11:16:02 | INFO     | __main__:extract_pendencias:231 - Texto extraído (2381 chars). Analisando pendências...
2026-05-20 11:16:02 | INFO     | __main__:extract_pendencias:210 - [108] Processando: SARAVIMANA PATRIMONIAL LTDA. (04.904.636/0001-19)
2026-05-20 11:16:02 | INFO     | __main__:extract_pendencias:222 - PDF encontrado: https://storage.googleapis.com/storagescrapings.appspot.com/ecac/49586312000118/situacao-fiscal-2026-04-22-04904636000119-1271228803365190604.pdf
2026-05-20 11:16:03 | INFO     | __main__:extract_pendencias:231 - Texto extraído (2990 chars). Analisando pendências...
2026-05-20 11:16:03 | INFO     | __main__:extract_pendencias:210 - [109] Processando: SERRA DA ESTRELA PATRIMONIAL S/A. (04.091.558/0001-80)
2026-05-20 11:16:03 | INFO     | __main__:extract_pendencias:222 - PDF encontrado: https://storage.googleapis.com/storagescrapings.appspot.com/ecac/49586312000118/situacao-fiscal-2026-04-22-04091558000180--8040808427782924365.pdf
2026-05-20 11:16:03 | INFO     | __main__:extract_pendencias:231 - Texto extraído (2096 chars). Analisando pendências...
2026-05-20 11:16:03 | INFO     | __main__:extract_pendencias:210 - [110] Processando: SERRA NEGRA PARTICIPACOES LTDA (15.332.740/0001-00)
2026-05-20 11:16:03 | INFO     | __main__:extract_pendencias:222 - PDF encontrado: https://storage.googleapis.com/storagescrapings.appspot.com/ecac/49586312000118/situacao-fiscal-2026-04-22-15332740000100--5756799133024187212.pdf
2026-05-20 11:16:04 | INFO     | __main__:extract_pendencias:231 - Texto extraído (3211 chars). Analisando pendências...
2026-05-20 11:16:04 | INFO     | __main__:extract_pendencias:210 - [111] Processando: SERVIR SEGURANCA E VIGILANCIA LTDA (02.642.837/0001-60)
2026-05-20 11:16:04 | INFO     | __main__:extract_pendencias:222 - PDF encontrado: https://storage.googleapis.com/storagescrapings.appspot.com/ecac/49586312000118/situacao-fiscal-2026-05-18-02642837000160--252214245728308547.pdf
2026-05-20 11:16:04 | INFO     | __main__:extract_pendencias:231 - Texto extraído (7527 chars). Analisando pendências...
2026-05-20 11:16:04 | INFO     | __main__:extract_pendencias:210 - [112] Processando: SINDICATO DOS DELEGADOS DE POLICIA DO ESTADO DA BAHIA - ADPEB/SINDICATO (73.393.696/0001-37)
2026-05-20 11:16:04 | INFO     | __main__:extract_pendencias:222 - PDF encontrado: https://storage.googleapis.com/storagescrapings.appspot.com/ecac/49586312000118/situacao-fiscal-2026-04-22-73393696000137-1028621021217122268.pdf
2026-05-20 11:16:05 | INFO     | __main__:extract_pendencias:231 - Texto extraído (2929 chars). Analisando pendências...
2026-05-20 11:16:05 | INFO     | __main__:extract_pendencias:210 - [113] Processando: STAUMMAQ SERVICOS TECNICOS AUTOMACAO MOTORES E MAQUINAS LTDA (02.370.080/0001-00)
2026-05-20 11:16:05 | INFO     | __main__:extract_pendencias:222 - PDF encontrado: https://storage.googleapis.com/storagescrapings.appspot.com/ecac/49586312000118/situacao-fiscal-2026-04-22-02370080000100--7821671160151285367.pdf
2026-05-20 11:16:06 | INFO     | __main__:extract_pendencias:231 - Texto extraído (10947 chars). Analisando pendências...
2026-05-20 11:16:06 | INFO     | __main__:extract_pendencias:210 - [114] Processando: STELU PATRIMONIAL LIMITADA (11.501.054/0001-57)
2026-05-20 11:16:06 | INFO     | __main__:extract_pendencias:222 - PDF encontrado: https://storage.googleapis.com/storagescrapings.appspot.com/ecac/49586312000118/situacao-fiscal-2026-04-22-11501054000157--907711984747552535.pdf
2026-05-20 11:16:06 | INFO     | __main__:extract_pendencias:231 - Texto extraído (3069 chars). Analisando pendências...
2026-05-20 11:16:06 | INFO     | __main__:extract_pendencias:210 - [115] Processando: STK - ENSINO MEDIO LTDA. (07.007.823/0001-98)
2026-05-20 11:16:06 | INFO     | __main__:extract_pendencias:222 - PDF encontrado: https://storage.googleapis.com/storagescrapings.appspot.com/ecac/49586312000118/situacao-fiscal-2026-04-22-07007823000198-2118369821591352876.pdf
2026-05-20 11:16:07 | INFO     | __main__:extract_pendencias:231 - Texto extraído (7872 chars). Analisando pendências...
2026-05-20 11:16:07 | INFO     | __main__:extract_pendencias:210 - [116] Processando: TAI SAN RESTAURANTE LTDA (33.802.703/0001-92)
2026-05-20 11:16:07 | INFO     | __main__:extract_pendencias:222 - PDF encontrado: https://storage.googleapis.com/storagescrapings.appspot.com/ecac/49586312000118/situacao-fiscal-2026-04-23-33802703000192-7968031321004654301.pdf
2026-05-20 11:16:07 | INFO     | __main__:extract_pendencias:231 - Texto extraído (2528 chars). Analisando pendências...
2026-05-20 11:16:07 | INFO     | __main__:extract_pendencias:210 - [117] Processando: TAMP - ENSINO FUNDAMENTAL LTDA. (04.607.541/0001-33)
2026-05-20 11:16:07 | INFO     | __main__:extract_pendencias:222 - PDF encontrado: https://storage.googleapis.com/storagescrapings.appspot.com/ecac/49586312000118/situacao-fiscal-2026-04-24-04607541000133--3973453339551056621.pdf
2026-05-20 11:16:09 | INFO     | __main__:extract_pendencias:231 - Texto extraído (19782 chars). Analisando pendências...
2026-05-20 11:16:09 | INFO     | __main__:extract_pendencias:210 - [118] Processando: TECMARQUES ASSOCIADOS LTDA (48.772.387/0001-20)
2026-05-20 11:16:09 | INFO     | __main__:extract_pendencias:222 - PDF encontrado: https://storage.googleapis.com/storagescrapings.appspot.com/ecac/49586312000118/situacao-fiscal-2026-04-23-48772387000120-7330700758753744619.pdf
2026-05-20 11:16:09 | INFO     | __main__:extract_pendencias:231 - Texto extraído (3398 chars). Analisando pendências...
2026-05-20 11:16:09 | WARNING  | __main__:extract_pendencias:235 - SiefParser sem pendências. Primeiros 200 chars: MINISTÉRIO DA ECONOMIA Por meio do Integra Contador
SECRETARIA ESPECIAL DA RECEITA FEDERAL DO BRASIL Autor pedido: 49.586.312/0001-18. Contratante: 28.408.293/0001-60
PROCURADORIA-GERAL DA FAZENDA NAC
2026-05-20 11:16:09 | INFO     | __main__:extract_pendencias:210 - [119] Processando: TEMIS PROJETOS DE MEIO AMBIENTE E SUSTENTABILIDADE LTDA (07.345.543/0001-90)
2026-05-20 11:16:09 | INFO     | __main__:extract_pendencias:222 - PDF encontrado: https://storage.googleapis.com/storagescrapings.appspot.com/ecac/49586312000118/situacao-fiscal-2026-05-14-07345543000190-7056204219384724609.pdf
2026-05-20 11:16:09 | INFO     | __main__:extract_pendencias:231 - Texto extraído (2872 chars). Analisando pendências...
2026-05-20 11:16:09 | WARNING  | __main__:extract_pendencias:235 - SiefParser sem pendências. Primeiros 200 chars: MINISTÉRIO DA ECONOMIA Por meio do Integra Contador
SECRETARIA ESPECIAL DA RECEITA FEDERAL DO BRASIL Autor pedido: 49.586.312/0001-18. Contratante: 28.408.293/0001-60
PROCURADORIA-GERAL DA FAZENDA NAC
2026-05-20 11:16:10 | INFO     | __main__:extract_pendencias:210 - [120] Processando: TEPUK COMÉRCIO DE ARTIGOS DO VESTUARIO LTDA (26.219.076/0001-04)
2026-05-20 11:16:10 | INFO     | __main__:extract_pendencias:222 - PDF encontrado: https://storage.googleapis.com/storagescrapings.appspot.com/ecac/49586312000118/situacao-fiscal-2026-04-22-26219076000104-5840750093113148141.pdf
2026-05-20 11:16:10 | INFO     | __main__:extract_pendencias:231 - Texto extraído (2751 chars). Analisando pendências...
2026-05-20 11:16:10 | INFO     | __main__:extract_pendencias:210 - [121] Processando: TEREZA CRISTINA DE ANDRADE CRUZ - EPP (29.278.328/0001-56)
2026-05-20 11:16:10 | INFO     | __main__:extract_pendencias:222 - PDF encontrado: https://storage.googleapis.com/storagescrapings.appspot.com/ecac/49586312000118/situacao-fiscal-2026-04-30-29278328000156-6504872709846532139.pdf
2026-05-20 11:16:10 | INFO     | __main__:extract_pendencias:231 - Texto extraído (3153 chars). Analisando pendências...
2026-05-20 11:16:10 | INFO     | __main__:extract_pendencias:210 - [122] Processando: TOK UNIFORMES COMERCIO DE CONFECCOES LTDA (25.190.228/0001-12)
2026-05-20 11:16:10 | INFO     | __main__:extract_pendencias:222 - PDF encontrado: https://storage.googleapis.com/storagescrapings.appspot.com/ecac/49586312000118/situacao-fiscal-2026-04-23-25190228000112-3593588162206872938.pdf
2026-05-20 11:16:11 | INFO     | __main__:extract_pendencias:231 - Texto extraído (2927 chars). Analisando pendências...
2026-05-20 11:16:11 | INFO     | __main__:extract_pendencias:210 - [123] Processando: TR GESTAO E SERVICOS LTDA (35.840.382/0001-46)
2026-05-20 11:16:11 | INFO     | __main__:extract_pendencias:222 - PDF encontrado: https://storage.googleapis.com/storagescrapings.appspot.com/ecac/49586312000118/situacao-fiscal-2026-04-22-35840382000146--2203732208098362461.pdf
2026-05-20 11:16:11 | INFO     | __main__:extract_pendencias:231 - Texto extraído (2778 chars). Analisando pendências...
2026-05-20 11:16:11 | INFO     | __main__:extract_pendencias:210 - [124] Processando: TXB INVESTIMENTOS LTDA. (20.287.189/0001-52)
2026-05-20 11:16:11 | INFO     | __main__:extract_pendencias:222 - PDF encontrado: https://storage.googleapis.com/storagescrapings.appspot.com/ecac/49586312000118/situacao-fiscal-2026-04-22-20287189000152-3807044645946322612.pdf
2026-05-20 11:16:12 | INFO     | __main__:extract_pendencias:231 - Texto extraído (3275 chars). Analisando pendências...
2026-05-20 11:16:12 | INFO     | __main__:extract_pendencias:179 - Processando página 6...
2026-05-20 11:16:12 | INFO     | __main__:extract_pendencias:186 - Encontradas 4 empresas com Pendência na página 6
2026-05-20 11:16:12 | INFO     | __main__:extract_pendencias:210 - [125] Processando: VERTEX SOLUTION EM SERVICOS LTDA (58.269.983/0001-46)
2026-05-20 11:16:12 | INFO     | __main__:extract_pendencias:222 - PDF encontrado: https://storage.googleapis.com/storagescrapings.appspot.com/ecac/49586312000118/situacao-fiscal-2026-05-06-58269983000146--7697763512740090064.pdf
2026-05-20 11:16:13 | INFO     | __main__:extract_pendencias:231 - Texto extraído (3543 chars). Analisando pendências...
2026-05-20 11:16:13 | INFO     | __main__:extract_pendencias:210 - [126] Processando: VITRINE DA CERVEJA LTDA (18.490.365/0001-07)
2026-05-20 11:16:13 | INFO     | __main__:extract_pendencias:222 - PDF encontrado: https://storage.googleapis.com/storagescrapings.appspot.com/ecac/49586312000118/situacao-fiscal-2026-04-22-18490365000107--3799973239110263093.pdf
2026-05-20 11:16:14 | INFO     | __main__:extract_pendencias:231 - Texto extraído (29702 chars). Analisando pendências...
2026-05-20 11:16:14 | INFO     | __main__:extract_pendencias:210 - [127] Processando: VOLTA DO RIO PATRIMONIAL S/A. (04.771.186/0001-33)
2026-05-20 11:16:14 | INFO     | __main__:extract_pendencias:222 - PDF encontrado: https://storage.googleapis.com/storagescrapings.appspot.com/ecac/49586312000118/situacao-fiscal-2026-04-22-04771186000133--1401356830528062902.pdf
2026-05-20 11:16:15 | INFO     | __main__:extract_pendencias:231 - Texto extraído (7677 chars). Analisando pendências...
2026-05-20 11:16:15 | WARNING  | __main__:extract_pendencias:235 - SiefParser sem pendências. Primeiros 200 chars: MINISTÉRIO DA ECONOMIA Por meio do Integra Contador
SECRETARIA ESPECIAL DA RECEITA FEDERAL DO BRASIL Autor pedido: 49.586.312/0001-18. Contratante: 28.408.293/0001-60
PROCURADORIA-GERAL DA FAZENDA NAC
2026-05-20 11:16:15 | INFO     | __main__:extract_pendencias:210 - [128] Processando: WAR PATRIMONIAL LTDA (05.220.129/0001-29)
2026-05-20 11:16:15 | INFO     | __main__:extract_pendencias:222 - PDF encontrado: https://storage.googleapis.com/storagescrapings.appspot.com/ecac/49586312000118/situacao-fiscal-2026-05-18-05220129000129--4876272761081077271.pdf
2026-05-20 11:16:16 | INFO     | __main__:extract_pendencias:231 - Texto extraído (3451 chars). Analisando pendências...
2026-05-20 11:16:26 | ERROR    | __main__:extract_pendencias:315 - Erro ao gerar PDFs finais: No module named 'reportlab.lib'
2026-05-20 11:49:45 | INFO     | src.core.utils:clear_logs_directory:15 - Limpando diretório de saída: logs...
2026-05-20 11:49:45 | SUCCESS  | src.core.utils:clear_logs_directory:31 - Limpeza concluída com sucesso.
2026-05-20 11:49:45 | INFO     | __main__:extract_pendencias:139 - --- INICIANDO SESSÃO (Batch 1, Página 1) ---
2026-05-20 11:49:48 | INFO     | __main__:_login:22 - Navegando para o login em https://49586312000118.veri.com.br//login
2026-05-20 11:49:49 | INFO     | __main__:_login:25 - Inserindo credenciais...
2026-05-20 11:49:51 | INFO     | __main__:_login:35 - Aguardando redirecionamento pós-login...
2026-05-20 11:49:53 | SUCCESS  | __main__:_login:50 - Logado com sucesso.
2026-05-20 11:49:54 | INFO     | __main__:extract_pendencias:166 - Navegando para lista geral (Resumo na pág 1)...
2026-05-20 11:49:54 | INFO     | __main__:extract_pendencias:179 - Processando página 1...
2026-05-20 11:49:55 | INFO     | __main__:extract_pendencias:186 - Encontradas 13 empresas com Pendência na página 1
2026-05-20 11:49:55 | INFO     | __main__:extract_pendencias:210 - [1] Processando: 19.477.725 AMANE AGUIAR DIAS DE AZEVEDO (19.477.725/0001-01)
2026-05-20 11:49:55 | INFO     | __main__:extract_pendencias:222 - PDF encontrado: https://storage.googleapis.com/storagescrapings.appspot.com/ecac/49586312000118/situacao-fiscal-2026-04-22-19477725000101--2313830565567525848.pdf
2026-05-20 11:49:56 | INFO     | __main__:extract_pendencias:231 - Texto extraído (2549 chars). Analisando pendências...
2026-05-20 11:49:56 | INFO     | __main__:extract_pendencias:210 - [2] Processando: AG VINHOS E GASTRONOMIA LTDA (62.652.792/0001-36)
2026-05-20 11:49:56 | INFO     | __main__:extract_pendencias:222 - PDF encontrado: https://storage.googleapis.com/storagescrapings.appspot.com/ecac/49586312000118/situacao-fiscal-2026-04-22-62652792000136-1671279415572905652.pdf
2026-05-20 11:49:56 | INFO     | __main__:extract_pendencias:231 - Texto extraído (3604 chars). Analisando pendências...
2026-05-20 11:49:56 | INFO     | __main__:extract_pendencias:210 - [3] Processando: ANJU PARICIPACOES LIMITADA (11.233.811/0001-59)
2026-05-20 11:49:56 | INFO     | __main__:extract_pendencias:222 - PDF encontrado: https://storage.googleapis.com/storagescrapings.appspot.com/ecac/49586312000118/situacao-fiscal-2026-04-23-11233811000159--2784572705628874897.pdf
2026-05-20 11:49:57 | INFO     | __main__:extract_pendencias:231 - Texto extraído (2102 chars). Analisando pendências...
2026-05-20 11:49:57 | INFO     | __main__:extract_pendencias:210 - [4] Processando: ARCO APOIO RODOVIARIO COLETIVO SA (16.199.705/0001-10)
2026-05-20 11:49:57 | INFO     | __main__:extract_pendencias:222 - PDF encontrado: https://storage.googleapis.com/storagescrapings.appspot.com/ecac/49586312000118/situacao-fiscal-2026-04-22-16199705000110--1648758018877423569.pdf
2026-05-20 11:49:57 | INFO     | __main__:extract_pendencias:231 - Texto extraído (2280 chars). Analisando pendências...
2026-05-20 11:49:57 | INFO     | __main__:extract_pendencias:210 - [5] Processando: BAHIA FARMS INVESTIMENTOS AGRICOLAS LTDA (09.106.487/0001-66)
2026-05-20 11:49:57 | INFO     | __main__:extract_pendencias:222 - PDF encontrado: https://storage.googleapis.com/storagescrapings.appspot.com/ecac/49586312000118/situacao-fiscal-2026-04-22-09106487000166--3222407098522715014.pdf
2026-05-20 11:49:58 | INFO     | __main__:extract_pendencias:231 - Texto extraído (17782 chars). Analisando pendências...
2026-05-20 11:49:58 | INFO     | __main__:extract_pendencias:210 - [6] Processando: BAHIA LAND CONSULTORIA DE NEGOCIOS E INVESTIMENTOS LTDA (09.023.277/0001-04)
2026-05-20 11:49:58 | INFO     | __main__:extract_pendencias:222 - PDF encontrado: https://storage.googleapis.com/storagescrapings.appspot.com/ecac/49586312000118/situacao-fiscal-2026-04-22-09023277000104--6645011028922007272.pdf
2026-05-20 11:49:59 | INFO     | __main__:extract_pendencias:231 - Texto extraído (2385 chars). Analisando pendências...
2026-05-20 11:49:59 | INFO     | __main__:extract_pendencias:210 - [7] Processando: BLANCO IMOBILIARIA E ADMINISTRADORA LTDA (06.915.315/0001-45)
2026-05-20 11:49:59 | INFO     | __main__:extract_pendencias:222 - PDF encontrado: https://storage.googleapis.com/storagescrapings.appspot.com/ecac/49586312000118/situacao-fiscal-2026-04-22-06915315000145-7893176447010149672.pdf
2026-05-20 11:49:59 | INFO     | __main__:extract_pendencias:231 - Texto extraído (10338 chars). Analisando pendências...
2026-05-20 11:49:59 | INFO     | __main__:extract_pendencias:210 - [8] Processando: C G F EMPRENDIMENTO EDUCACIONAL ALFABETO LTDA (58.140.131/0001-54)
2026-05-20 11:49:59 | INFO     | __main__:extract_pendencias:222 - PDF encontrado: https://storage.googleapis.com/storagescrapings.appspot.com/ecac/49586312000118/situacao-fiscal-2026-04-22-58140131000154-8392235432986923320.pdf
2026-05-20 11:50:00 | INFO     | __main__:extract_pendencias:231 - Texto extraído (2636 chars). Analisando pendências...
2026-05-20 11:50:00 | WARNING  | __main__:extract_pendencias:235 - SiefParser sem pendências. Primeiros 200 chars: MINISTÉRIO DA ECONOMIA Por meio do Integra Contador
SECRETARIA ESPECIAL DA RECEITA FEDERAL DO BRASIL Autor pedido: 49.586.312/0001-18. Contratante: 28.408.293/0001-60
PROCURADORIA-GERAL DA FAZENDA NAC
2026-05-20 11:50:00 | INFO     | __main__:extract_pendencias:210 - [9] Processando: CCA REPARACAO DE CALCADOS E BOLSAS LTDA (04.778.322/0001-17)
2026-05-20 11:50:00 | INFO     | __main__:extract_pendencias:222 - PDF encontrado: https://storage.googleapis.com/storagescrapings.appspot.com/ecac/49586312000118/situacao-fiscal-2026-05-18-04778322000117-5919946769513188137.pdf
2026-05-20 11:50:01 | INFO     | __main__:extract_pendencias:231 - Texto extraído (10686 chars). Analisando pendências...
2026-05-20 11:50:01 | INFO     | __main__:extract_pendencias:210 - [10] Processando: CEMECOR CENTRO MEDICO CARDIOLOGICO S/C LTDA (00.807.080/0001-91)
2026-05-20 11:50:01 | INFO     | __main__:extract_pendencias:222 - PDF encontrado: https://storage.googleapis.com/storagescrapings.appspot.com/ecac/49586312000118/situacao-fiscal-2026-04-22-00807080000191-7200815439518741977.pdf
2026-05-20 11:50:01 | INFO     | __main__:extract_pendencias:231 - Texto extraído (5974 chars). Analisando pendências...
2026-05-20 11:50:01 | INFO     | __main__:extract_pendencias:210 - [11] Processando: CENTRAL DO DENTE - CLINICA ODONTOLOGICA LTDA (08.154.181/0001-12)
2026-05-20 11:50:01 | INFO     | __main__:extract_pendencias:222 - PDF encontrado: https://storage.googleapis.com/storagescrapings.appspot.com/ecac/49586312000118/situacao-fiscal-2026-04-22-08154181000112-8426779309114161491.pdf
2026-05-20 11:50:03 | INFO     | __main__:extract_pendencias:231 - Texto extraído (36494 chars). Analisando pendências...
2026-05-20 11:50:03 | INFO     | __main__:extract_pendencias:210 - [12] Processando: CHAVES COMERCIO DE LIVROS E PAPELARIA LTDA (15.114.762/0001-96)
2026-05-20 11:50:03 | INFO     | __main__:extract_pendencias:222 - PDF encontrado: https://storage.googleapis.com/storagescrapings.appspot.com/ecac/49586312000118/situacao-fiscal-2026-04-22-15114762000196--547486814152383431.pdf
2026-05-20 11:50:04 | INFO     | __main__:extract_pendencias:231 - Texto extraído (6778 chars). Analisando pendências...
2026-05-20 11:50:04 | INFO     | __main__:extract_pendencias:210 - [13] Processando: CLIMACONTTROL AR CONDICIONADOS LTDA (42.159.055/0001-99)
2026-05-20 11:50:04 | INFO     | __main__:extract_pendencias:222 - PDF encontrado: https://storage.googleapis.com/storagescrapings.appspot.com/ecac/49586312000118/situacao-fiscal-2026-04-23-42159055000199--5160016703614810813.pdf
2026-05-20 11:50:04 | INFO     | __main__:extract_pendencias:231 - Texto extraído (3247 chars). Analisando pendências...
2026-05-20 11:50:04 | INFO     | __main__:extract_pendencias:179 - Processando página 2...
2026-05-20 11:50:04 | INFO     | __main__:extract_pendencias:186 - Encontradas 16 empresas com Pendência na página 2
2026-05-20 11:50:04 | INFO     | __main__:extract_pendencias:210 - [14] Processando: CMNR PATRIMONIAL LTDA. (14.429.350/0001-82)
2026-05-20 11:50:04 | INFO     | __main__:extract_pendencias:222 - PDF encontrado: https://storage.googleapis.com/storagescrapings.appspot.com/ecac/49586312000118/situacao-fiscal-2026-04-22-14429350000182-9006505399029421031.pdf
2026-05-20 11:50:05 | INFO     | __main__:extract_pendencias:231 - Texto extraído (2942 chars). Analisando pendências...
2026-05-20 11:50:05 | INFO     | __main__:extract_pendencias:210 - [15] Processando: CORPORATIVA REVESTIMENTOS METALICOS LTDA (44.573.989/0001-06)
2026-05-20 11:50:05 | INFO     | __main__:extract_pendencias:222 - PDF encontrado: https://storage.googleapis.com/storagescrapings.appspot.com/ecac/49586312000118/situacao-fiscal-2026-04-22-44573989000106--6956239738839559127.pdf
2026-05-20 11:50:06 | INFO     | __main__:extract_pendencias:231 - Texto extraído (9785 chars). Analisando pendências...
2026-05-20 11:50:06 | INFO     | __main__:extract_pendencias:210 - [16] Processando: D L COMERCIO DE ALIMENTOS LTDA (28.590.601/0001-10)
2026-05-20 11:50:06 | INFO     | __main__:extract_pendencias:222 - PDF encontrado: https://storage.googleapis.com/storagescrapings.appspot.com/ecac/49586312000118/situacao-fiscal-2026-04-22-28590601000110--185585550766311600.pdf
2026-05-20 11:50:07 | INFO     | __main__:extract_pendencias:231 - Texto extraído (25285 chars). Analisando pendências...
2026-05-20 11:50:07 | INFO     | __main__:extract_pendencias:210 - [17] Processando: D. A. MACEDO (15.360.279/0002-72)
2026-05-20 11:50:07 | INFO     | __main__:extract_pendencias:222 - PDF encontrado: https://storage.googleapis.com/storagescrapings.appspot.com/ecac/49586312000118/situacao-fiscal-2026-04-23-15360279000272--1644647116826218973.pdf
2026-05-20 11:50:08 | INFO     | __main__:extract_pendencias:231 - Texto extraído (6292 chars). Analisando pendências...
2026-05-20 11:50:08 | INFO     | __main__:extract_pendencias:210 - [18] Processando: DARCYDIAS REPRESENTACOES LTDA MICRO EMPRESA (13.709.910/0001-90)
2026-05-20 11:50:08 | INFO     | __main__:extract_pendencias:222 - PDF encontrado: https://storage.googleapis.com/storagescrapings.appspot.com/ecac/49586312000118/situacao-fiscal-2026-04-22-13709910000190-5269132006760604951.pdf
2026-05-20 11:50:09 | INFO     | __main__:extract_pendencias:231 - Texto extraído (18147 chars). Analisando pendências...
2026-05-20 11:50:09 | INFO     | __main__:extract_pendencias:210 - [19] Processando: DINAMO SALVADOR LTDA (60.205.781/0001-82)
2026-05-20 11:50:09 | INFO     | __main__:extract_pendencias:222 - PDF encontrado: https://storage.googleapis.com/storagescrapings.appspot.com/ecac/49586312000118/situacao-fiscal-2026-04-22-60205781000182-374362608442666348.pdf
2026-05-20 11:50:09 | INFO     | __main__:extract_pendencias:231 - Texto extraído (2983 chars). Analisando pendências...
2026-05-20 11:50:09 | INFO     | __main__:extract_pendencias:210 - [20] Processando: EDEMILSON LOPES DA SILVA (03.641.819/0001-26)
2026-05-20 11:50:09 | INFO     | __main__:extract_pendencias:222 - PDF encontrado: https://storage.googleapis.com/storagescrapings.appspot.com/ecac/49586312000118/situacao-fiscal-2026-04-22-03641819000126--5837673686960330020.pdf
2026-05-20 11:50:10 | INFO     | __main__:extract_pendencias:231 - Texto extraído (2542 chars). Analisando pendências...
2026-05-20 11:50:10 | INFO     | __main__:extract_pendencias:210 - [21] Processando: EXTERNATO MATER ET MAGISTRA E COM DE MAT DIDATICO LTDA (13.064.209/0001-60)
2026-05-20 11:50:10 | INFO     | __main__:extract_pendencias:222 - PDF encontrado: https://storage.googleapis.com/storagescrapings.appspot.com/ecac/49586312000118/situacao-fiscal-2026-04-22-13064209000160-8818945524132271760.pdf
2026-05-20 11:50:11 | INFO     | __main__:extract_pendencias:231 - Texto extraído (27986 chars). Analisando pendências...
2026-05-20 11:50:11 | INFO     | __main__:extract_pendencias:210 - [22] Processando: FOLHAS URBANAS LTDA (43.886.789/0001-32)
2026-05-20 11:50:11 | INFO     | __main__:extract_pendencias:222 - PDF encontrado: https://storage.googleapis.com/storagescrapings.appspot.com/ecac/49586312000118/situacao-fiscal-2026-04-22-43886789000132--7403899473269546639.pdf
2026-05-20 11:50:12 | INFO     | __main__:extract_pendencias:231 - Texto extraído (2220 chars). Analisando pendências...
2026-05-20 11:50:12 | WARNING  | __main__:extract_pendencias:235 - SiefParser sem pendências. Primeiros 200 chars: MINISTÉRIO DA ECONOMIA Por meio do Integra Contador
SECRETARIA ESPECIAL DA RECEITA FEDERAL DO BRASIL Autor pedido: 49.586.312/0001-18. Contratante: 28.408.293/0001-60
PROCURADORIA-GERAL DA FAZENDA NAC
2026-05-20 11:50:12 | INFO     | __main__:extract_pendencias:210 - [23] Processando: GUARAJUBA IMOVEIS LTDA (22.203.034/0001-16)
2026-05-20 11:50:12 | INFO     | __main__:extract_pendencias:222 - PDF encontrado: https://storage.googleapis.com/storagescrapings.appspot.com/ecac/49586312000118/situacao-fiscal-2026-04-22-22203034000116--279746222502948747.pdf
2026-05-20 11:50:12 | INFO     | __main__:extract_pendencias:231 - Texto extraído (3068 chars). Analisando pendências...
2026-05-20 11:50:12 | INFO     | __main__:extract_pendencias:210 - [24] Processando: GUARAJUBAIMOB NEGOCIOS IMOBILIARIOS LTDA (27.371.776/0001-74)
2026-05-20 11:50:12 | INFO     | __main__:extract_pendencias:222 - PDF encontrado: https://storage.googleapis.com/storagescrapings.appspot.com/ecac/49586312000118/situacao-fiscal-2026-04-22-27371776000174-3296924738820585546.pdf
2026-05-20 11:50:13 | INFO     | __main__:extract_pendencias:231 - Texto extraído (3220 chars). Analisando pendências...
2026-05-20 11:50:13 | INFO     | __main__:extract_pendencias:210 - [25] Processando: H. Z. PATRIMONIAL LTDA. (10.791.569/0001-76)
2026-05-20 11:50:13 | INFO     | __main__:extract_pendencias:222 - PDF encontrado: https://storage.googleapis.com/storagescrapings.appspot.com/ecac/49586312000118/situacao-fiscal-2026-04-22-10791569000176--6350398839451844963.pdf
2026-05-20 11:50:13 | INFO     | __main__:extract_pendencias:231 - Texto extraído (3153 chars). Analisando pendências...
2026-05-20 11:50:13 | INFO     | __main__:extract_pendencias:210 - [26] Processando: HOTEIS E TURISMO ITAPOAN LTDA. (14.309.694/0001-58)
2026-05-20 11:50:13 | INFO     | __main__:extract_pendencias:222 - PDF encontrado: https://storage.googleapis.com/storagescrapings.appspot.com/ecac/49586312000118/situacao-fiscal-2026-04-22-14309694000158--7860920183797688905.pdf
2026-05-20 11:50:15 | INFO     | __main__:extract_pendencias:231 - Texto extraído (23443 chars). Analisando pendências...
2026-05-20 11:50:15 | INFO     | __main__:extract_pendencias:210 - [27] Processando: IMPACT SERVICES INTEGRADOS EM SOLUCOES INDUSTRIAIS LTDA (18.953.881/0001-20)
2026-05-20 11:50:15 | INFO     | __main__:extract_pendencias:222 - PDF encontrado: https://storage.googleapis.com/storagescrapings.appspot.com/ecac/49586312000118/situacao-fiscal-2026-04-22-18953881000120--4943466833102370489.pdf
2026-05-20 11:50:15 | INFO     | __main__:extract_pendencias:231 - Texto extraído (4599 chars). Analisando pendências...
2026-05-20 11:50:15 | INFO     | __main__:extract_pendencias:210 - [28] Processando: INSTITUTO ELOS ONCOLOGIA E CIRURGIA AVANCADA LTDA (60.225.957/0001-68)
2026-05-20 11:50:15 | INFO     | __main__:extract_pendencias:222 - PDF encontrado: https://storage.googleapis.com/storagescrapings.appspot.com/ecac/49586312000118/situacao-fiscal-2026-04-22-60225957000168-5849283317970770150.pdf
2026-05-20 11:50:16 | INFO     | __main__:extract_pendencias:231 - Texto extraído (2933 chars). Analisando pendências...
2026-05-20 11:50:16 | INFO     | __main__:extract_pendencias:210 - [29] Processando: INSTITUTO MULHER LTDA (55.147.736/0001-89)
2026-05-20 11:50:16 | INFO     | __main__:extract_pendencias:222 - PDF encontrado: https://storage.googleapis.com/storagescrapings.appspot.com/ecac/49586312000118/situacao-fiscal-2026-04-22-55147736000189-4366821651544107450.pdf
2026-05-20 11:50:16 | INFO     | __main__:extract_pendencias:231 - Texto extraído (2971 chars). Analisando pendências...
2026-05-20 11:50:16 | INFO     | __main__:extract_pendencias:179 - Processando página 3...
2026-05-20 11:50:16 | INFO     | __main__:extract_pendencias:186 - Encontradas 23 empresas com Pendência na página 3
2026-05-20 11:50:16 | INFO     | __main__:extract_pendencias:210 - [30] Processando: INVERBANCA - BRASIL EMPREENDIMENTOS IMOBILIARIOS E TURISTICOS LTDA (08.204.318/0001-04)
2026-05-20 11:50:16 | INFO     | __main__:extract_pendencias:222 - PDF encontrado: https://storage.googleapis.com/storagescrapings.appspot.com/ecac/49586312000118/situacao-fiscal-2026-04-22-08204318000104--5811018523628754305.pdf
2026-05-20 11:50:17 | INFO     | __main__:extract_pendencias:231 - Texto extraído (2881 chars). Analisando pendências...
2026-05-20 11:50:17 | INFO     | __main__:extract_pendencias:210 - [31] Processando: J R J - SERVICOS MEDICOS E CIRURGICOS LTDA. (12.756.985/0001-69)
2026-05-20 11:50:17 | INFO     | __main__:extract_pendencias:222 - PDF encontrado: https://storage.googleapis.com/storagescrapings.appspot.com/ecac/49586312000118/situacao-fiscal-2026-04-23-12756985000169-1018289682162888962.pdf
2026-05-20 11:50:18 | INFO     | __main__:extract_pendencias:231 - Texto extraído (8401 chars). Analisando pendências...
2026-05-20 11:50:18 | INFO     | __main__:extract_pendencias:210 - [32] Processando: J. MACEDO AGROPECUARIA LTDA (04.692.740/0001-97)
2026-05-20 11:50:18 | INFO     | __main__:extract_pendencias:222 - PDF encontrado: https://storage.googleapis.com/storagescrapings.appspot.com/ecac/49586312000118/situacao-fiscal-2026-04-22-04692740000197-4215431883023907059.pdf
2026-05-20 11:50:18 | INFO     | __main__:extract_pendencias:231 - Texto extraído (3182 chars). Analisando pendências...
2026-05-20 11:50:18 | INFO     | __main__:extract_pendencias:210 - [33] Processando: JEAR ENSINO MEDIO LTDA. (04.607.567/0001-81)
2026-05-20 11:50:18 | INFO     | __main__:extract_pendencias:222 - PDF encontrado: https://storage.googleapis.com/storagescrapings.appspot.com/ecac/49586312000118/situacao-fiscal-2026-04-22-04607567000181-2281694846264474203.pdf
2026-05-20 11:50:20 | INFO     | __main__:extract_pendencias:231 - Texto extraído (33889 chars). Analisando pendências...
2026-05-20 11:50:20 | INFO     | __main__:extract_pendencias:210 - [34] Processando: JM COMÉRCIO ALIMENTICIOS LTDA (55.870.283/0001-14)
2026-05-20 11:50:20 | INFO     | __main__:extract_pendencias:222 - PDF encontrado: https://storage.googleapis.com/storagescrapings.appspot.com/ecac/49586312000118/situacao-fiscal-2026-04-22-55870283000114--6073276630133409729.pdf
2026-05-20 11:50:21 | INFO     | __main__:extract_pendencias:231 - Texto extraído (3617 chars). Analisando pendências...
2026-05-20 11:50:21 | INFO     | __main__:extract_pendencias:210 - [35] Processando: JORGE RIBEIRO CORTIZO (20.734.790/0001-46)
2026-05-20 11:50:21 | INFO     | __main__:extract_pendencias:222 - PDF encontrado: https://storage.googleapis.com/storagescrapings.appspot.com/ecac/49586312000118/situacao-fiscal-2026-04-22-20734790000146--8927549092302313739.pdf
2026-05-20 11:50:21 | INFO     | __main__:extract_pendencias:231 - Texto extraído (4691 chars). Analisando pendências...
2026-05-20 11:50:21 | INFO     | __main__:extract_pendencias:210 - [36] Processando: K T - ENSINO FUNDAMENTAL LTDA. (07.008.842/0001-39)
2026-05-20 11:50:21 | INFO     | __main__:extract_pendencias:222 - PDF encontrado: https://storage.googleapis.com/storagescrapings.appspot.com/ecac/49586312000118/situacao-fiscal-2026-04-30-07008842000139-4088958678346599096.pdf
2026-05-20 11:50:22 | INFO     | __main__:extract_pendencias:231 - Texto extraído (11162 chars). Analisando pendências...
2026-05-20 11:50:22 | INFO     | __main__:extract_pendencias:210 - [37] Processando: KETPU COMERCIO DE ARTIGOS DO VESTUÁRIO LTDA (36.126.523/0001-26)
2026-05-20 11:50:22 | INFO     | __main__:extract_pendencias:222 - PDF encontrado: https://storage.googleapis.com/storagescrapings.appspot.com/ecac/49586312000118/situacao-fiscal-2026-04-22-36126523000126-5805054434063043784.pdf
2026-05-20 11:50:23 | INFO     | __main__:extract_pendencias:231 - Texto extraído (3051 chars). Analisando pendências...
2026-05-20 11:50:23 | INFO     | __main__:extract_pendencias:210 - [38] Processando: L F PATRIMONIAL EMPREENDIMENTOS LTDA (13.341.532/0001-34)
2026-05-20 11:50:23 | INFO     | __main__:extract_pendencias:222 - PDF encontrado: https://storage.googleapis.com/storagescrapings.appspot.com/ecac/49586312000118/situacao-fiscal-2026-04-22-13341532000134--7392430584614533095.pdf
2026-05-20 11:50:23 | INFO     | __main__:extract_pendencias:231 - Texto extraído (3462 chars). Analisando pendências...
2026-05-20 11:50:23 | INFO     | __main__:extract_pendencias:210 - [39] Processando: L. J. COMERCIO DE MATERIAIS DE CONSTRUCAO LTDA - EPP (01.937.682/0001-26)
2026-05-20 11:50:23 | INFO     | __main__:extract_pendencias:222 - PDF encontrado: https://storage.googleapis.com/storagescrapings.appspot.com/ecac/49586312000118/situacao-fiscal-2026-04-23-01937682000126-3159774788943038011.pdf
2026-05-20 11:50:24 | INFO     | __main__:extract_pendencias:231 - Texto extraído (2933 chars). Analisando pendências...
2026-05-20 11:50:24 | INFO     | __main__:extract_pendencias:210 - [40] Processando: LACERDA PATRIMONIAL LTDA. (06.314.992/0001-08)
2026-05-20 11:50:24 | INFO     | __main__:extract_pendencias:222 - PDF encontrado: https://storage.googleapis.com/storagescrapings.appspot.com/ecac/49586312000118/situacao-fiscal-2026-04-22-06314992000108--4487014433561385560.pdf
2026-05-20 11:50:25 | INFO     | __main__:extract_pendencias:231 - Texto extraído (10534 chars). Analisando pendências...
2026-05-20 11:50:25 | INFO     | __main__:extract_pendencias:210 - [41] Processando: LITORAL BAHIA IMOBILIARIA LTDA (42.740.527/0001-00)
2026-05-20 11:50:25 | INFO     | __main__:extract_pendencias:222 - PDF encontrado: https://storage.googleapis.com/storagescrapings.appspot.com/ecac/49586312000118/situacao-fiscal-2026-04-22-42740527000100--5589820545870268657.pdf
2026-05-20 11:50:25 | INFO     | __main__:extract_pendencias:231 - Texto extraído (2765 chars). Analisando pendências...
2026-05-20 11:50:25 | INFO     | __main__:extract_pendencias:210 - [42] Processando: MACEDO COMERCIAL DE CALCADOS LTDA (04.074.648/0001-63)
2026-05-20 11:50:25 | INFO     | __main__:extract_pendencias:222 - PDF encontrado: https://storage.googleapis.com/storagescrapings.appspot.com/ecac/49586312000118/situacao-fiscal-2026-04-22-04074648000163-1924711977767968128.pdf
2026-05-20 11:50:27 | INFO     | __main__:extract_pendencias:231 - Texto extraído (19590 chars). Analisando pendências...
2026-05-20 11:50:27 | INFO     | __main__:extract_pendencias:210 - [43] Processando: MACEDO COMERCIAL DE CALCADOS LTDA (04.074.648/0002-44)
2026-05-20 11:50:27 | INFO     | __main__:extract_pendencias:222 - PDF encontrado: https://storage.googleapis.com/storagescrapings.appspot.com/ecac/49586312000118/situacao-fiscal-2026-04-22-04074648000244-8302162447885227742.pdf
2026-05-20 11:50:28 | INFO     | __main__:extract_pendencias:231 - Texto extraído (20058 chars). Analisando pendências...
2026-05-20 11:50:28 | INFO     | __main__:extract_pendencias:210 - [44] Processando: MACEDO COMERCIAL DE CALCADOS LTDA (04.074.648/0003-25)
2026-05-20 11:50:28 | INFO     | __main__:extract_pendencias:222 - PDF encontrado: https://storage.googleapis.com/storagescrapings.appspot.com/ecac/49586312000118/situacao-fiscal-2026-04-22-04074648000325-7101257031099333104.pdf
2026-05-20 11:50:30 | INFO     | __main__:extract_pendencias:231 - Texto extraído (20015 chars). Analisando pendências...
2026-05-20 11:50:30 | INFO     | __main__:extract_pendencias:210 - [45] Processando: MACEDO COMERCIAL DE CALCADOS LTDA (04.074.648/0004-06)
2026-05-20 11:50:30 | INFO     | __main__:extract_pendencias:222 - PDF encontrado: https://storage.googleapis.com/storagescrapings.appspot.com/ecac/49586312000118/situacao-fiscal-2026-04-22-04074648000406--5428450619623283093.pdf
2026-05-20 11:50:31 | INFO     | __main__:extract_pendencias:231 - Texto extraído (20050 chars). Analisando pendências...
2026-05-20 11:50:31 | INFO     | __main__:extract_pendencias:210 - [46] Processando: MALU EMPREENDIMENTOS E PARTICIPACOES LTDA (08.545.897/0001-40)
2026-05-20 11:50:31 | INFO     | __main__:extract_pendencias:222 - PDF encontrado: https://storage.googleapis.com/storagescrapings.appspot.com/ecac/49586312000118/situacao-fiscal-2026-04-22-08545897000140-2847329685060422529.pdf
2026-05-20 11:50:32 | INFO     | __main__:extract_pendencias:231 - Texto extraído (3991 chars). Analisando pendências...
2026-05-20 11:50:32 | INFO     | __main__:extract_pendencias:210 - [47] Processando: MAPLE REVESTIMENTO LTDA (62.328.532/0001-00)
2026-05-20 11:50:32 | INFO     | __main__:extract_pendencias:222 - PDF encontrado: https://storage.googleapis.com/storagescrapings.appspot.com/ecac/49586312000118/situacao-fiscal-2026-05-12-62328532000100--2856875138160061796.pdf
2026-05-20 11:50:32 | INFO     | __main__:extract_pendencias:231 - Texto extraído (2277 chars). Analisando pendências...
2026-05-20 11:50:32 | INFO     | __main__:extract_pendencias:210 - [48] Processando: MASSA ALIMENTAÇÃO E SERVIÇOS S/A (09.033.381/0001-80)
2026-05-20 11:50:32 | INFO     | __main__:extract_pendencias:222 - PDF encontrado: https://storage.googleapis.com/storagescrapings.appspot.com/ecac/49586312000118/situacao-fiscal-2026-04-22-09033381000180--1156225473659545182.pdf
2026-05-20 11:50:34 | INFO     | __main__:extract_pendencias:231 - Texto extraído (34166 chars). Analisando pendências...
2026-05-20 11:50:34 | INFO     | __main__:extract_pendencias:210 - [49] Processando: MASSA ALIMENTAÇÃO E SERVIÇOS S/A (09.033.381/0014-02)
2026-05-20 11:50:34 | INFO     | __main__:extract_pendencias:222 - PDF encontrado: https://storage.googleapis.com/storagescrapings.appspot.com/ecac/49586312000118/situacao-fiscal-2026-04-22-09033381001402-7134323736767349703.pdf
2026-05-20 11:50:36 | INFO     | __main__:extract_pendencias:231 - Texto extraído (34976 chars). Analisando pendências...
2026-05-20 11:50:36 | INFO     | __main__:extract_pendencias:210 - [50] Processando: MASSA ALIMENTAÇÃO E SERVIÇOS S/A (09.033.381/0005-03)
2026-05-20 11:50:36 | INFO     | __main__:extract_pendencias:222 - PDF encontrado: https://storage.googleapis.com/storagescrapings.appspot.com/ecac/49586312000118/situacao-fiscal-2026-04-22-09033381000503--1697455311138456054.pdf
2026-05-20 11:50:38 | INFO     | __main__:extract_pendencias:231 - Texto extraído (34928 chars). Analisando pendências...
2026-05-20 11:50:38 | WARNING  | __main__:extract_pendencias:255 - Lote de 50 atingido. Reiniciando sessão...
2026-05-20 11:50:38 | INFO     | __main__:extract_pendencias:139 - --- INICIANDO SESSÃO (Batch 2, Página 3) ---
2026-05-20 11:50:39 | INFO     | __main__:_login:22 - Navegando para o login em https://49586312000118.veri.com.br//login
2026-05-20 11:50:40 | INFO     | __main__:_login:25 - Inserindo credenciais...
2026-05-20 11:50:42 | INFO     | __main__:_login:35 - Aguardando redirecionamento pós-login...
2026-05-20 11:50:47 | SUCCESS  | __main__:_login:50 - Logado com sucesso.
2026-05-20 11:50:47 | INFO     | __main__:extract_pendencias:166 - Navegando para lista geral (Resumo na pág 3)...
2026-05-20 11:50:48 | INFO     | __main__:extract_pendencias:172 - Avançando para página 2 para retomar...
2026-05-20 11:50:49 | INFO     | __main__:extract_pendencias:172 - Avançando para página 3 para retomar...
2026-05-20 11:50:51 | INFO     | __main__:extract_pendencias:179 - Processando página 3...
2026-05-20 11:50:51 | INFO     | __main__:extract_pendencias:186 - Encontradas 23 empresas com Pendência na página 3
2026-05-20 11:50:51 | INFO     | __main__:extract_pendencias:210 - [51] Processando: INVERBANCA - BRASIL EMPREENDIMENTOS IMOBILIARIOS E TURISTICOS LTDA (08.204.318/0001-04)
2026-05-20 11:50:51 | INFO     | __main__:extract_pendencias:222 - PDF encontrado: https://storage.googleapis.com/storagescrapings.appspot.com/ecac/49586312000118/situacao-fiscal-2026-04-22-08204318000104--5811018523628754305.pdf
2026-05-20 11:50:51 | INFO     | __main__:extract_pendencias:231 - Texto extraído (2881 chars). Analisando pendências...
2026-05-20 11:50:51 | INFO     | __main__:extract_pendencias:210 - [52] Processando: J R J - SERVICOS MEDICOS E CIRURGICOS LTDA. (12.756.985/0001-69)
2026-05-20 11:50:51 | INFO     | __main__:extract_pendencias:222 - PDF encontrado: https://storage.googleapis.com/storagescrapings.appspot.com/ecac/49586312000118/situacao-fiscal-2026-04-23-12756985000169-1018289682162888962.pdf
2026-05-20 11:50:52 | INFO     | __main__:extract_pendencias:231 - Texto extraído (8401 chars). Analisando pendências...
2026-05-20 11:50:52 | INFO     | __main__:extract_pendencias:210 - [53] Processando: J. MACEDO AGROPECUARIA LTDA (04.692.740/0001-97)
2026-05-20 11:50:52 | INFO     | __main__:extract_pendencias:222 - PDF encontrado: https://storage.googleapis.com/storagescrapings.appspot.com/ecac/49586312000118/situacao-fiscal-2026-04-22-04692740000197-4215431883023907059.pdf
2026-05-20 11:50:53 | INFO     | __main__:extract_pendencias:231 - Texto extraído (3182 chars). Analisando pendências...
2026-05-20 11:50:53 | INFO     | __main__:extract_pendencias:210 - [54] Processando: JEAR ENSINO MEDIO LTDA. (04.607.567/0001-81)
2026-05-20 11:50:53 | INFO     | __main__:extract_pendencias:222 - PDF encontrado: https://storage.googleapis.com/storagescrapings.appspot.com/ecac/49586312000118/situacao-fiscal-2026-04-22-04607567000181-2281694846264474203.pdf
2026-05-20 11:50:54 | INFO     | __main__:extract_pendencias:231 - Texto extraído (33889 chars). Analisando pendências...
2026-05-20 11:50:54 | INFO     | __main__:extract_pendencias:210 - [55] Processando: JM COMÉRCIO ALIMENTICIOS LTDA (55.870.283/0001-14)
2026-05-20 11:50:54 | INFO     | __main__:extract_pendencias:222 - PDF encontrado: https://storage.googleapis.com/storagescrapings.appspot.com/ecac/49586312000118/situacao-fiscal-2026-04-22-55870283000114--6073276630133409729.pdf
2026-05-20 11:50:55 | INFO     | __main__:extract_pendencias:231 - Texto extraído (3617 chars). Analisando pendências...
2026-05-20 11:50:55 | INFO     | __main__:extract_pendencias:210 - [56] Processando: JORGE RIBEIRO CORTIZO (20.734.790/0001-46)
2026-05-20 11:50:55 | INFO     | __main__:extract_pendencias:222 - PDF encontrado: https://storage.googleapis.com/storagescrapings.appspot.com/ecac/49586312000118/situacao-fiscal-2026-04-22-20734790000146--8927549092302313739.pdf
2026-05-20 11:50:55 | INFO     | __main__:extract_pendencias:231 - Texto extraído (4691 chars). Analisando pendências...
2026-05-20 11:50:55 | INFO     | __main__:extract_pendencias:210 - [57] Processando: K T - ENSINO FUNDAMENTAL LTDA. (07.008.842/0001-39)
2026-05-20 11:50:55 | INFO     | __main__:extract_pendencias:222 - PDF encontrado: https://storage.googleapis.com/storagescrapings.appspot.com/ecac/49586312000118/situacao-fiscal-2026-04-30-07008842000139-4088958678346599096.pdf
2026-05-20 11:50:56 | INFO     | __main__:extract_pendencias:231 - Texto extraído (11162 chars). Analisando pendências...
2026-05-20 11:50:56 | INFO     | __main__:extract_pendencias:210 - [58] Processando: KETPU COMERCIO DE ARTIGOS DO VESTUÁRIO LTDA (36.126.523/0001-26)
2026-05-20 11:50:56 | INFO     | __main__:extract_pendencias:222 - PDF encontrado: https://storage.googleapis.com/storagescrapings.appspot.com/ecac/49586312000118/situacao-fiscal-2026-04-22-36126523000126-5805054434063043784.pdf
2026-05-20 11:50:57 | INFO     | __main__:extract_pendencias:231 - Texto extraído (3051 chars). Analisando pendências...
2026-05-20 11:50:57 | INFO     | __main__:extract_pendencias:210 - [59] Processando: L F PATRIMONIAL EMPREENDIMENTOS LTDA (13.341.532/0001-34)
2026-05-20 11:50:57 | INFO     | __main__:extract_pendencias:222 - PDF encontrado: https://storage.googleapis.com/storagescrapings.appspot.com/ecac/49586312000118/situacao-fiscal-2026-04-22-13341532000134--7392430584614533095.pdf
2026-05-20 11:50:57 | INFO     | __main__:extract_pendencias:231 - Texto extraído (3462 chars). Analisando pendências...
2026-05-20 11:50:57 | INFO     | __main__:extract_pendencias:210 - [60] Processando: L. J. COMERCIO DE MATERIAIS DE CONSTRUCAO LTDA - EPP (01.937.682/0001-26)
2026-05-20 11:50:57 | INFO     | __main__:extract_pendencias:222 - PDF encontrado: https://storage.googleapis.com/storagescrapings.appspot.com/ecac/49586312000118/situacao-fiscal-2026-04-23-01937682000126-3159774788943038011.pdf
2026-05-20 11:50:57 | INFO     | __main__:extract_pendencias:231 - Texto extraído (2933 chars). Analisando pendências...
2026-05-20 11:50:57 | INFO     | __main__:extract_pendencias:210 - [61] Processando: LACERDA PATRIMONIAL LTDA. (06.314.992/0001-08)
2026-05-20 11:50:57 | INFO     | __main__:extract_pendencias:222 - PDF encontrado: https://storage.googleapis.com/storagescrapings.appspot.com/ecac/49586312000118/situacao-fiscal-2026-04-22-06314992000108--4487014433561385560.pdf
2026-05-20 11:50:58 | INFO     | __main__:extract_pendencias:231 - Texto extraído (10534 chars). Analisando pendências...
2026-05-20 11:50:58 | INFO     | __main__:extract_pendencias:210 - [62] Processando: LITORAL BAHIA IMOBILIARIA LTDA (42.740.527/0001-00)
2026-05-20 11:50:58 | INFO     | __main__:extract_pendencias:222 - PDF encontrado: https://storage.googleapis.com/storagescrapings.appspot.com/ecac/49586312000118/situacao-fiscal-2026-04-22-42740527000100--5589820545870268657.pdf
2026-05-20 11:50:58 | INFO     | __main__:extract_pendencias:231 - Texto extraído (2765 chars). Analisando pendências...
2026-05-20 11:50:58 | INFO     | __main__:extract_pendencias:210 - [63] Processando: MACEDO COMERCIAL DE CALCADOS LTDA (04.074.648/0001-63)
2026-05-20 11:50:58 | INFO     | __main__:extract_pendencias:222 - PDF encontrado: https://storage.googleapis.com/storagescrapings.appspot.com/ecac/49586312000118/situacao-fiscal-2026-04-22-04074648000163-1924711977767968128.pdf
2026-05-20 11:51:00 | INFO     | __main__:extract_pendencias:231 - Texto extraído (19590 chars). Analisando pendências...
2026-05-20 11:51:00 | INFO     | __main__:extract_pendencias:210 - [64] Processando: MACEDO COMERCIAL DE CALCADOS LTDA (04.074.648/0002-44)
2026-05-20 11:51:00 | INFO     | __main__:extract_pendencias:222 - PDF encontrado: https://storage.googleapis.com/storagescrapings.appspot.com/ecac/49586312000118/situacao-fiscal-2026-04-22-04074648000244-8302162447885227742.pdf
2026-05-20 11:51:01 | INFO     | __main__:extract_pendencias:231 - Texto extraído (20058 chars). Analisando pendências...
2026-05-20 11:51:01 | INFO     | __main__:extract_pendencias:210 - [65] Processando: MACEDO COMERCIAL DE CALCADOS LTDA (04.074.648/0003-25)
2026-05-20 11:51:01 | INFO     | __main__:extract_pendencias:222 - PDF encontrado: https://storage.googleapis.com/storagescrapings.appspot.com/ecac/49586312000118/situacao-fiscal-2026-04-22-04074648000325-7101257031099333104.pdf
2026-05-20 11:51:02 | INFO     | __main__:extract_pendencias:231 - Texto extraído (20015 chars). Analisando pendências...
2026-05-20 11:51:02 | INFO     | __main__:extract_pendencias:210 - [66] Processando: MACEDO COMERCIAL DE CALCADOS LTDA (04.074.648/0004-06)
2026-05-20 11:51:02 | INFO     | __main__:extract_pendencias:222 - PDF encontrado: https://storage.googleapis.com/storagescrapings.appspot.com/ecac/49586312000118/situacao-fiscal-2026-04-22-04074648000406--5428450619623283093.pdf
2026-05-20 11:51:04 | INFO     | __main__:extract_pendencias:231 - Texto extraído (20050 chars). Analisando pendências...
2026-05-20 11:51:04 | INFO     | __main__:extract_pendencias:210 - [67] Processando: MALU EMPREENDIMENTOS E PARTICIPACOES LTDA (08.545.897/0001-40)
2026-05-20 11:51:04 | INFO     | __main__:extract_pendencias:222 - PDF encontrado: https://storage.googleapis.com/storagescrapings.appspot.com/ecac/49586312000118/situacao-fiscal-2026-04-22-08545897000140-2847329685060422529.pdf
2026-05-20 11:51:04 | INFO     | __main__:extract_pendencias:231 - Texto extraído (3991 chars). Analisando pendências...
2026-05-20 11:51:04 | INFO     | __main__:extract_pendencias:210 - [68] Processando: MAPLE REVESTIMENTO LTDA (62.328.532/0001-00)
2026-05-20 11:51:04 | INFO     | __main__:extract_pendencias:222 - PDF encontrado: https://storage.googleapis.com/storagescrapings.appspot.com/ecac/49586312000118/situacao-fiscal-2026-05-12-62328532000100--2856875138160061796.pdf
2026-05-20 11:51:04 | INFO     | __main__:extract_pendencias:231 - Texto extraído (2277 chars). Analisando pendências...
2026-05-20 11:51:04 | INFO     | __main__:extract_pendencias:210 - [69] Processando: MASSA ALIMENTAÇÃO E SERVIÇOS S/A (09.033.381/0001-80)
2026-05-20 11:51:04 | INFO     | __main__:extract_pendencias:222 - PDF encontrado: https://storage.googleapis.com/storagescrapings.appspot.com/ecac/49586312000118/situacao-fiscal-2026-04-22-09033381000180--1156225473659545182.pdf
2026-05-20 11:51:06 | INFO     | __main__:extract_pendencias:231 - Texto extraído (34166 chars). Analisando pendências...
2026-05-20 11:51:06 | INFO     | __main__:extract_pendencias:210 - [70] Processando: MASSA ALIMENTAÇÃO E SERVIÇOS S/A (09.033.381/0014-02)
2026-05-20 11:51:06 | INFO     | __main__:extract_pendencias:222 - PDF encontrado: https://storage.googleapis.com/storagescrapings.appspot.com/ecac/49586312000118/situacao-fiscal-2026-04-22-09033381001402-7134323736767349703.pdf
2026-05-20 11:51:08 | INFO     | __main__:extract_pendencias:231 - Texto extraído (34976 chars). Analisando pendências...
2026-05-20 11:51:08 | INFO     | __main__:extract_pendencias:210 - [71] Processando: MASSA ALIMENTAÇÃO E SERVIÇOS S/A (09.033.381/0005-03)
2026-05-20 11:51:08 | INFO     | __main__:extract_pendencias:222 - PDF encontrado: https://storage.googleapis.com/storagescrapings.appspot.com/ecac/49586312000118/situacao-fiscal-2026-04-22-09033381000503--1697455311138456054.pdf
2026-05-20 11:51:10 | INFO     | __main__:extract_pendencias:231 - Texto extraído (34928 chars). Analisando pendências...
2026-05-20 11:51:10 | INFO     | __main__:extract_pendencias:210 - [72] Processando: MAX CALCADOS DA BAHIA LTDA. (22.331.256/0001-14)
2026-05-20 11:51:10 | INFO     | __main__:extract_pendencias:222 - PDF encontrado: https://storage.googleapis.com/storagescrapings.appspot.com/ecac/49586312000118/situacao-fiscal-2026-04-22-22331256000114-4243398450979995340.pdf
2026-05-20 11:51:12 | INFO     | __main__:extract_pendencias:231 - Texto extraído (33555 chars). Analisando pendências...
2026-05-20 11:51:12 | INFO     | __main__:extract_pendencias:210 - [73] Processando: MENERI TRANSPORTE, LOGISTICA E PARTICIPACOES LTDA (15.571.070/0001-77)
2026-05-20 11:51:12 | INFO     | __main__:extract_pendencias:222 - PDF encontrado: https://storage.googleapis.com/storagescrapings.appspot.com/ecac/49586312000118/situacao-fiscal-2026-04-22-15571070000177--3872490118339712446.pdf
2026-05-20 11:51:12 | INFO     | __main__:extract_pendencias:231 - Texto extraído (2989 chars). Analisando pendências...
2026-05-20 11:51:13 | INFO     | __main__:extract_pendencias:179 - Processando página 4...
2026-05-20 11:51:13 | INFO     | __main__:extract_pendencias:186 - Encontradas 18 empresas com Pendência na página 4
2026-05-20 11:51:13 | INFO     | __main__:extract_pendencias:210 - [74] Processando: MINIMERCADO SANTO ANTONIO DE JESUS LTDA (63.801.749/0001-58)
2026-05-20 11:51:13 | INFO     | __main__:extract_pendencias:222 - PDF encontrado: https://storage.googleapis.com/storagescrapings.appspot.com/ecac/49586312000118/situacao-fiscal-2026-04-22-63801749000158-3362254561547369713.pdf
2026-05-20 11:51:13 | INFO     | __main__:extract_pendencias:231 - Texto extraído (2795 chars). Analisando pendências...
2026-05-20 11:51:13 | WARNING  | __main__:extract_pendencias:235 - SiefParser sem pendências. Primeiros 200 chars: MINISTÉRIO DA ECONOMIA Por meio do Integra Contador
SECRETARIA ESPECIAL DA RECEITA FEDERAL DO BRASIL Autor pedido: 49.586.312/0001-18. Contratante: 28.408.293/0001-60
PROCURADORIA-GERAL DA FAZENDA NAC
2026-05-20 11:51:13 | INFO     | __main__:extract_pendencias:210 - [75] Processando: MIRANDA E ROCHA LIMA LTDA (13.959.382/0001-27)
2026-05-20 11:51:13 | INFO     | __main__:extract_pendencias:222 - PDF encontrado: https://storage.googleapis.com/storagescrapings.appspot.com/ecac/49586312000118/situacao-fiscal-2026-04-22-13959382000127-478539950657811473.pdf
2026-05-20 11:51:13 | INFO     | __main__:extract_pendencias:231 - Texto extraído (3054 chars). Analisando pendências...
2026-05-20 11:51:13 | INFO     | __main__:extract_pendencias:210 - [76] Processando: MONUMENTAL DO BRASIL LTDA. (18.783.002/0001-60)
2026-05-20 11:51:13 | INFO     | __main__:extract_pendencias:222 - PDF encontrado: https://storage.googleapis.com/storagescrapings.appspot.com/ecac/49586312000118/situacao-fiscal-2026-04-22-18783002000160-6280208755311195445.pdf
2026-05-20 11:51:14 | INFO     | __main__:extract_pendencias:231 - Texto extraído (2895 chars). Analisando pendências...
2026-05-20 11:51:14 | INFO     | __main__:extract_pendencias:210 - [77] Processando: NACIONAL PARTICIPACOES S. A (24.605.630/0001-58)
2026-05-20 11:51:14 | INFO     | __main__:extract_pendencias:222 - PDF encontrado: https://storage.googleapis.com/storagescrapings.appspot.com/ecac/49586312000118/situacao-fiscal-2026-04-22-24605630000158-3931079664649891145.pdf
2026-05-20 11:51:14 | INFO     | __main__:extract_pendencias:231 - Texto extraído (2231 chars). Analisando pendências...
2026-05-20 11:51:14 | WARNING  | __main__:extract_pendencias:235 - SiefParser sem pendências. Primeiros 200 chars: MINISTÉRIO DA ECONOMIA Por meio do Integra Contador
SECRETARIA ESPECIAL DA RECEITA FEDERAL DO BRASIL Autor pedido: 49.586.312/0001-18. Contratante: 28.408.293/0001-60
PROCURADORIA-GERAL DA FAZENDA NAC
2026-05-20 11:51:14 | INFO     | __main__:extract_pendencias:210 - [78] Processando: NOVE PATRIMONIAL LTDA (08.894.711/0001-69)
2026-05-20 11:51:14 | INFO     | __main__:extract_pendencias:222 - PDF encontrado: https://storage.googleapis.com/storagescrapings.appspot.com/ecac/49586312000118/situacao-fiscal-2026-04-22-08894711000169-7827366803421334876.pdf
2026-05-20 11:51:14 | INFO     | __main__:extract_pendencias:231 - Texto extraído (2979 chars). Analisando pendências...
2026-05-20 11:51:14 | WARNING  | __main__:extract_pendencias:235 - SiefParser sem pendências. Primeiros 200 chars: MINISTÉRIO DA ECONOMIA Por meio do Integra Contador
SECRETARIA ESPECIAL DA RECEITA FEDERAL DO BRASIL Autor pedido: 49.586.312/0001-18. Contratante: 28.408.293/0001-60
PROCURADORIA-GERAL DA FAZENDA NAC
2026-05-20 11:51:14 | INFO     | __main__:extract_pendencias:210 - [79] Processando: PARAISO EMPREENDIMENTOS LTDA (34.099.622/0001-30)
2026-05-20 11:51:14 | INFO     | __main__:extract_pendencias:222 - PDF encontrado: https://storage.googleapis.com/storagescrapings.appspot.com/ecac/49586312000118/situacao-fiscal-2026-04-22-34099622000130-936569280110795255.pdf
2026-05-20 11:51:15 | INFO     | __main__:extract_pendencias:231 - Texto extraído (7440 chars). Analisando pendências...
2026-05-20 11:51:15 | WARNING  | __main__:extract_pendencias:235 - SiefParser sem pendências. Primeiros 200 chars: MINISTÉRIO DA ECONOMIA Por meio do Integra Contador
SECRETARIA ESPECIAL DA RECEITA FEDERAL DO BRASIL Autor pedido: 49.586.312/0001-18. Contratante: 28.408.293/0001-60
PROCURADORIA-GERAL DA FAZENDA NAC
2026-05-20 11:51:15 | INFO     | __main__:extract_pendencias:210 - [80] Processando: PATRIMONIAL COSTA CARNEIRO LTDA (05.416.834/0001-04)
2026-05-20 11:51:15 | INFO     | __main__:extract_pendencias:222 - PDF encontrado: https://storage.googleapis.com/storagescrapings.appspot.com/ecac/49586312000118/situacao-fiscal-2026-04-22-05416834000104-1349764411598536961.pdf
2026-05-20 11:51:16 | INFO     | __main__:extract_pendencias:231 - Texto extraído (2869 chars). Analisando pendências...
2026-05-20 11:51:16 | INFO     | __main__:extract_pendencias:210 - [81] Processando: PATRIMONIAL LIBERDADE LTDA (04.872.981/0001-18)
2026-05-20 11:51:16 | INFO     | __main__:extract_pendencias:222 - PDF encontrado: https://storage.googleapis.com/storagescrapings.appspot.com/ecac/49586312000118/situacao-fiscal-2026-04-22-04872981000118-3761544210894069284.pdf
2026-05-20 11:51:16 | INFO     | __main__:extract_pendencias:231 - Texto extraído (2279 chars). Analisando pendências...
2026-05-20 11:51:16 | INFO     | __main__:extract_pendencias:210 - [82] Processando: PATRIMONIAL SAO GONCALO LTDA. (07.224.478/0001-44)
2026-05-20 11:51:16 | INFO     | __main__:extract_pendencias:222 - PDF encontrado: https://storage.googleapis.com/storagescrapings.appspot.com/ecac/49586312000118/situacao-fiscal-2026-04-22-07224478000144-7718596402852818543.pdf
2026-05-20 11:51:16 | INFO     | __main__:extract_pendencias:231 - Texto extraído (2757 chars). Analisando pendências...
2026-05-20 11:51:16 | WARNING  | __main__:extract_pendencias:235 - SiefParser sem pendências. Primeiros 200 chars: MINISTÉRIO DA ECONOMIA Por meio do Integra Contador
SECRETARIA ESPECIAL DA RECEITA FEDERAL DO BRASIL Autor pedido: 49.586.312/0001-18. Contratante: 28.408.293/0001-60
PROCURADORIA-GERAL DA FAZENDA NAC
2026-05-20 11:51:16 | INFO     | __main__:extract_pendencias:210 - [83] Processando: PATROL CONSTRUCOES LTDA (01.086.932/0001-61)
2026-05-20 11:51:16 | INFO     | __main__:extract_pendencias:222 - PDF encontrado: https://storage.googleapis.com/storagescrapings.appspot.com/ecac/49586312000118/situacao-fiscal-2026-04-22-01086932000161-3823766226439183152.pdf
2026-05-20 11:51:18 | INFO     | __main__:extract_pendencias:231 - Texto extraído (21839 chars). Analisando pendências...
2026-05-20 11:51:18 | WARNING  | __main__:extract_pendencias:235 - SiefParser sem pendências. Primeiros 200 chars: MINISTÉRIO DA ECONOMIA Por meio do Integra Contador
SECRETARIA ESPECIAL DA RECEITA FEDERAL DO BRASIL Autor pedido: 49.586.312/0001-18. Contratante: 28.408.293/0001-60
PROCURADORIA-GERAL DA FAZENDA NAC
2026-05-20 11:51:18 | INFO     | __main__:extract_pendencias:210 - [84] Processando: PDK ADMINISTRADORA DE BENS LTDA (08.000.034/0001-98)
2026-05-20 11:51:18 | INFO     | __main__:extract_pendencias:222 - PDF encontrado: https://storage.googleapis.com/storagescrapings.appspot.com/ecac/49586312000118/situacao-fiscal-2026-04-22-08000034000198-53074280308073668.pdf
2026-05-20 11:51:18 | INFO     | __main__:extract_pendencias:231 - Texto extraído (3323 chars). Analisando pendências...
2026-05-20 11:51:18 | INFO     | __main__:extract_pendencias:210 - [85] Processando: PH GESTAO E CONSULTORIA S.A. (25.311.856/0001-09)
2026-05-20 11:51:18 | INFO     | __main__:extract_pendencias:222 - PDF encontrado: https://storage.googleapis.com/storagescrapings.appspot.com/ecac/49586312000118/situacao-fiscal-2026-04-22-25311856000109--9008016141876852729.pdf
2026-05-20 11:51:19 | INFO     | __main__:extract_pendencias:231 - Texto extraído (3677 chars). Analisando pendências...
2026-05-20 11:51:19 | INFO     | __main__:extract_pendencias:210 - [86] Processando: PML REVESTIMENTOS LTDA (40.010.011/0001-77)
2026-05-20 11:51:19 | INFO     | __main__:extract_pendencias:222 - PDF encontrado: https://storage.googleapis.com/storagescrapings.appspot.com/ecac/49586312000118/situacao-fiscal-2026-04-22-40010011000177--6129246505019043764.pdf
2026-05-20 11:51:20 | INFO     | __main__:extract_pendencias:231 - Texto extraído (25222 chars). Analisando pendências...
2026-05-20 11:51:20 | INFO     | __main__:extract_pendencias:210 - [87] Processando: PML REVESTIMENTOS LTDA (40.010.011/0002-58)
2026-05-20 11:51:20 | INFO     | __main__:extract_pendencias:222 - PDF encontrado: https://storage.googleapis.com/storagescrapings.appspot.com/ecac/49586312000118/situacao-fiscal-2026-04-22-40010011000258-4432407727085848892.pdf
2026-05-20 11:51:22 | INFO     | __main__:extract_pendencias:231 - Texto extraído (26006 chars). Analisando pendências...
2026-05-20 11:51:22 | INFO     | __main__:extract_pendencias:210 - [88] Processando: PRIME ALUGUEL DE MAQUINAS LTDA (12.620.821/0001-00)
2026-05-20 11:51:22 | INFO     | __main__:extract_pendencias:222 - PDF encontrado: https://storage.googleapis.com/storagescrapings.appspot.com/ecac/49586312000118/situacao-fiscal-2026-04-22-12620821000100--1463942204409726582.pdf
2026-05-20 11:51:22 | INFO     | __main__:extract_pendencias:231 - Texto extraído (3206 chars). Analisando pendências...
2026-05-20 11:51:22 | INFO     | __main__:extract_pendencias:210 - [89] Processando: QUANTICO MOLDAVITA LTDA (37.250.815/0001-39)
2026-05-20 11:51:22 | INFO     | __main__:extract_pendencias:222 - PDF encontrado: https://storage.googleapis.com/storagescrapings.appspot.com/ecac/49586312000118/situacao-fiscal-2026-04-22-37250815000139-1524135072537740975.pdf
2026-05-20 11:51:23 | INFO     | __main__:extract_pendencias:231 - Texto extraído (2771 chars). Analisando pendências...
2026-05-20 11:51:23 | INFO     | __main__:extract_pendencias:210 - [90] Processando: RC COMERCIO DE ALIMENTOS LTDA (31.495.226/0001-34)
2026-05-20 11:51:23 | INFO     | __main__:extract_pendencias:222 - PDF encontrado: https://storage.googleapis.com/storagescrapings.appspot.com/ecac/49586312000118/situacao-fiscal-2026-04-22-31495226000134--4967250470748762176.pdf
2026-05-20 11:51:23 | INFO     | __main__:extract_pendencias:231 - Texto extraído (7413 chars). Analisando pendências...
2026-05-20 11:51:23 | INFO     | __main__:extract_pendencias:210 - [91] Processando: REINA PIANO LTDA (52.029.265/0001-16)
2026-05-20 11:51:23 | INFO     | __main__:extract_pendencias:222 - PDF encontrado: https://storage.googleapis.com/storagescrapings.appspot.com/ecac/49586312000118/situacao-fiscal-2026-04-22-52029265000116--4590658828122588184.pdf
2026-05-20 11:51:24 | INFO     | __main__:extract_pendencias:231 - Texto extraído (3286 chars). Analisando pendências...
2026-05-20 11:51:24 | INFO     | __main__:extract_pendencias:179 - Processando página 5...
2026-05-20 11:51:24 | INFO     | __main__:extract_pendencias:186 - Encontradas 24 empresas com Pendência na página 5
2026-05-20 11:51:24 | INFO     | __main__:extract_pendencias:210 - [92] Processando: ROBERTA COSTA CARDOSO (34.243.775/0001-00)
2026-05-20 11:51:24 | INFO     | __main__:extract_pendencias:222 - PDF encontrado: https://storage.googleapis.com/storagescrapings.appspot.com/ecac/49586312000118/situacao-fiscal-2026-04-22-34243775000100--3548381339090108247.pdf
2026-05-20 11:51:24 | INFO     | __main__:extract_pendencias:231 - Texto extraído (4071 chars). Analisando pendências...
2026-05-20 11:51:24 | INFO     | __main__:extract_pendencias:210 - [93] Processando: ROSEMERY ALMEIDA MACÊDO (04.689.608/0001-26)
2026-05-20 11:51:24 | INFO     | __main__:extract_pendencias:222 - PDF encontrado: https://storage.googleapis.com/storagescrapings.appspot.com/ecac/49586312000118/situacao-fiscal-2026-04-22-04689608000126--4336592526846366940.pdf
2026-05-20 11:51:26 | INFO     | __main__:extract_pendencias:231 - Texto extraído (39858 chars). Analisando pendências...
2026-05-20 11:51:26 | INFO     | __main__:extract_pendencias:210 - [94] Processando: ROSEMERY ALMEIDA MACÊDO (04.689.608/0002-07)
2026-05-20 11:51:26 | INFO     | __main__:extract_pendencias:222 - PDF encontrado: https://storage.googleapis.com/storagescrapings.appspot.com/ecac/49586312000118/situacao-fiscal-2026-04-22-04689608000207-8112199096828910405.pdf
2026-05-20 11:51:29 | INFO     | __main__:extract_pendencias:231 - Texto extraído (40263 chars). Analisando pendências...
2026-05-20 11:51:29 | INFO     | __main__:extract_pendencias:210 - [95] Processando: ROSEMERY ALMEIDA MACÊDO (04.689.608/0003-98)
2026-05-20 11:51:29 | INFO     | __main__:extract_pendencias:222 - PDF encontrado: https://storage.googleapis.com/storagescrapings.appspot.com/ecac/49586312000118/situacao-fiscal-2026-04-22-04689608000398-7432965350314485186.pdf
2026-05-20 11:51:30 | INFO     | __main__:extract_pendencias:231 - Texto extraído (40251 chars). Analisando pendências...
2026-05-20 11:51:30 | INFO     | __main__:extract_pendencias:210 - [96] Processando: S A 4 MARKETING EMPRESARIAL LTDA. (09.199.339/0001-33)
2026-05-20 11:51:30 | INFO     | __main__:extract_pendencias:222 - PDF encontrado: https://storage.googleapis.com/storagescrapings.appspot.com/ecac/49586312000118/situacao-fiscal-2026-04-22-09199339000133-682147675603974772.pdf
2026-05-20 11:51:31 | INFO     | __main__:extract_pendencias:231 - Texto extraído (2732 chars). Analisando pendências...
2026-05-20 11:51:31 | INFO     | __main__:extract_pendencias:210 - [97] Processando: SAEF COMERCIO DE CONFECCOES LTDA (31.320.817/0001-70)
2026-05-20 11:51:31 | INFO     | __main__:extract_pendencias:222 - PDF encontrado: https://storage.googleapis.com/storagescrapings.appspot.com/ecac/49586312000118/situacao-fiscal-2026-04-22-31320817000170-3342990516665056262.pdf
2026-05-20 11:51:31 | INFO     | __main__:extract_pendencias:231 - Texto extraído (2191 chars). Analisando pendências...
2026-05-20 11:51:31 | WARNING  | __main__:extract_pendencias:235 - SiefParser sem pendências. Primeiros 200 chars: MINISTÉRIO DA ECONOMIA Por meio do Integra Contador
SECRETARIA ESPECIAL DA RECEITA FEDERAL DO BRASIL Autor pedido: 49.586.312/0001-18. Contratante: 28.408.293/0001-60
PROCURADORIA-GERAL DA FAZENDA NAC
2026-05-20 11:51:31 | INFO     | __main__:extract_pendencias:210 - [98] Processando: SAMP ADMINISTRACAO LTDA (33.903.444/0001-96)
2026-05-20 11:51:31 | INFO     | __main__:extract_pendencias:222 - PDF encontrado: https://storage.googleapis.com/storagescrapings.appspot.com/ecac/49586312000118/situacao-fiscal-2026-04-22-33903444000196-4832606912095421694.pdf
2026-05-20 11:51:32 | INFO     | __main__:extract_pendencias:231 - Texto extraído (2381 chars). Analisando pendências...
2026-05-20 11:51:32 | INFO     | __main__:extract_pendencias:210 - [99] Processando: SARAVIMANA PATRIMONIAL LTDA. (04.904.636/0001-19)
2026-05-20 11:51:32 | INFO     | __main__:extract_pendencias:222 - PDF encontrado: https://storage.googleapis.com/storagescrapings.appspot.com/ecac/49586312000118/situacao-fiscal-2026-04-22-04904636000119-1271228803365190604.pdf
2026-05-20 11:51:32 | INFO     | __main__:extract_pendencias:231 - Texto extraído (2990 chars). Analisando pendências...
2026-05-20 11:51:32 | INFO     | __main__:extract_pendencias:210 - [100] Processando: SERRA DA ESTRELA PATRIMONIAL S/A. (04.091.558/0001-80)
2026-05-20 11:51:32 | INFO     | __main__:extract_pendencias:222 - PDF encontrado: https://storage.googleapis.com/storagescrapings.appspot.com/ecac/49586312000118/situacao-fiscal-2026-04-22-04091558000180--8040808427782924365.pdf
2026-05-20 11:51:32 | INFO     | __main__:extract_pendencias:231 - Texto extraído (2096 chars). Analisando pendências...
2026-05-20 11:51:32 | WARNING  | __main__:extract_pendencias:255 - Lote de 50 atingido. Reiniciando sessão...
2026-05-20 11:51:33 | INFO     | __main__:extract_pendencias:139 - --- INICIANDO SESSÃO (Batch 3, Página 5) ---
2026-05-20 11:51:34 | INFO     | __main__:_login:22 - Navegando para o login em https://49586312000118.veri.com.br//login
2026-05-20 11:51:35 | INFO     | __main__:_login:25 - Inserindo credenciais...
2026-05-20 11:51:37 | INFO     | __main__:_login:35 - Aguardando redirecionamento pós-login...
2026-05-20 11:51:40 | SUCCESS  | __main__:_login:50 - Logado com sucesso.
2026-05-20 11:51:40 | INFO     | __main__:extract_pendencias:166 - Navegando para lista geral (Resumo na pág 5)...
2026-05-20 11:51:41 | INFO     | __main__:extract_pendencias:172 - Avançando para página 2 para retomar...
2026-05-20 11:51:42 | INFO     | __main__:extract_pendencias:172 - Avançando para página 3 para retomar...
2026-05-20 11:51:44 | INFO     | __main__:extract_pendencias:172 - Avançando para página 4 para retomar...
2026-05-20 11:51:45 | INFO     | __main__:extract_pendencias:172 - Avançando para página 5 para retomar...
2026-05-20 11:51:46 | INFO     | __main__:extract_pendencias:179 - Processando página 5...
2026-05-20 11:51:46 | INFO     | __main__:extract_pendencias:186 - Encontradas 24 empresas com Pendência na página 5
2026-05-20 11:51:46 | INFO     | __main__:extract_pendencias:210 - [101] Processando: ROBERTA COSTA CARDOSO (34.243.775/0001-00)
2026-05-20 11:51:46 | INFO     | __main__:extract_pendencias:222 - PDF encontrado: https://storage.googleapis.com/storagescrapings.appspot.com/ecac/49586312000118/situacao-fiscal-2026-04-22-34243775000100--3548381339090108247.pdf
2026-05-20 11:51:46 | INFO     | __main__:extract_pendencias:231 - Texto extraído (4071 chars). Analisando pendências...
2026-05-20 11:51:46 | INFO     | __main__:extract_pendencias:210 - [102] Processando: ROSEMERY ALMEIDA MACÊDO (04.689.608/0001-26)
2026-05-20 11:51:46 | INFO     | __main__:extract_pendencias:222 - PDF encontrado: https://storage.googleapis.com/storagescrapings.appspot.com/ecac/49586312000118/situacao-fiscal-2026-04-22-04689608000126--4336592526846366940.pdf
2026-05-20 11:51:48 | INFO     | __main__:extract_pendencias:231 - Texto extraído (39858 chars). Analisando pendências...
2026-05-20 11:51:48 | INFO     | __main__:extract_pendencias:210 - [103] Processando: ROSEMERY ALMEIDA MACÊDO (04.689.608/0002-07)
2026-05-20 11:51:48 | INFO     | __main__:extract_pendencias:222 - PDF encontrado: https://storage.googleapis.com/storagescrapings.appspot.com/ecac/49586312000118/situacao-fiscal-2026-04-22-04689608000207-8112199096828910405.pdf
2026-05-20 11:51:49 | INFO     | __main__:extract_pendencias:231 - Texto extraído (40263 chars). Analisando pendências...
2026-05-20 11:51:49 | INFO     | __main__:extract_pendencias:210 - [104] Processando: ROSEMERY ALMEIDA MACÊDO (04.689.608/0003-98)
2026-05-20 11:51:49 | INFO     | __main__:extract_pendencias:222 - PDF encontrado: https://storage.googleapis.com/storagescrapings.appspot.com/ecac/49586312000118/situacao-fiscal-2026-04-22-04689608000398-7432965350314485186.pdf
2026-05-20 11:51:51 | INFO     | __main__:extract_pendencias:231 - Texto extraído (40251 chars). Analisando pendências...
2026-05-20 11:51:51 | INFO     | __main__:extract_pendencias:210 - [105] Processando: S A 4 MARKETING EMPRESARIAL LTDA. (09.199.339/0001-33)
2026-05-20 11:51:51 | INFO     | __main__:extract_pendencias:222 - PDF encontrado: https://storage.googleapis.com/storagescrapings.appspot.com/ecac/49586312000118/situacao-fiscal-2026-04-22-09199339000133-682147675603974772.pdf
2026-05-20 11:51:51 | INFO     | __main__:extract_pendencias:231 - Texto extraído (2732 chars). Analisando pendências...
2026-05-20 11:51:51 | INFO     | __main__:extract_pendencias:210 - [106] Processando: SAEF COMERCIO DE CONFECCOES LTDA (31.320.817/0001-70)
2026-05-20 11:51:51 | INFO     | __main__:extract_pendencias:222 - PDF encontrado: https://storage.googleapis.com/storagescrapings.appspot.com/ecac/49586312000118/situacao-fiscal-2026-04-22-31320817000170-3342990516665056262.pdf
2026-05-20 11:51:51 | INFO     | __main__:extract_pendencias:231 - Texto extraído (2191 chars). Analisando pendências...
2026-05-20 11:51:51 | WARNING  | __main__:extract_pendencias:235 - SiefParser sem pendências. Primeiros 200 chars: MINISTÉRIO DA ECONOMIA Por meio do Integra Contador
SECRETARIA ESPECIAL DA RECEITA FEDERAL DO BRASIL Autor pedido: 49.586.312/0001-18. Contratante: 28.408.293/0001-60
PROCURADORIA-GERAL DA FAZENDA NAC
2026-05-20 11:51:51 | INFO     | __main__:extract_pendencias:210 - [107] Processando: SAMP ADMINISTRACAO LTDA (33.903.444/0001-96)
2026-05-20 11:51:51 | INFO     | __main__:extract_pendencias:222 - PDF encontrado: https://storage.googleapis.com/storagescrapings.appspot.com/ecac/49586312000118/situacao-fiscal-2026-04-22-33903444000196-4832606912095421694.pdf
2026-05-20 11:51:51 | INFO     | __main__:extract_pendencias:231 - Texto extraído (2381 chars). Analisando pendências...
2026-05-20 11:51:51 | INFO     | __main__:extract_pendencias:210 - [108] Processando: SARAVIMANA PATRIMONIAL LTDA. (04.904.636/0001-19)
2026-05-20 11:51:51 | INFO     | __main__:extract_pendencias:222 - PDF encontrado: https://storage.googleapis.com/storagescrapings.appspot.com/ecac/49586312000118/situacao-fiscal-2026-04-22-04904636000119-1271228803365190604.pdf
2026-05-20 11:51:51 | INFO     | __main__:extract_pendencias:231 - Texto extraído (2990 chars). Analisando pendências...
2026-05-20 11:51:51 | INFO     | __main__:extract_pendencias:210 - [109] Processando: SERRA DA ESTRELA PATRIMONIAL S/A. (04.091.558/0001-80)
2026-05-20 11:51:51 | INFO     | __main__:extract_pendencias:222 - PDF encontrado: https://storage.googleapis.com/storagescrapings.appspot.com/ecac/49586312000118/situacao-fiscal-2026-04-22-04091558000180--8040808427782924365.pdf
2026-05-20 11:51:52 | INFO     | __main__:extract_pendencias:231 - Texto extraído (2096 chars). Analisando pendências...
2026-05-20 11:51:52 | INFO     | __main__:extract_pendencias:210 - [110] Processando: SERRA NEGRA PARTICIPACOES LTDA (15.332.740/0001-00)
2026-05-20 11:51:52 | INFO     | __main__:extract_pendencias:222 - PDF encontrado: https://storage.googleapis.com/storagescrapings.appspot.com/ecac/49586312000118/situacao-fiscal-2026-04-22-15332740000100--5756799133024187212.pdf
2026-05-20 11:51:52 | INFO     | __main__:extract_pendencias:231 - Texto extraído (3211 chars). Analisando pendências...
2026-05-20 11:51:52 | INFO     | __main__:extract_pendencias:210 - [111] Processando: SERVIR SEGURANCA E VIGILANCIA LTDA (02.642.837/0001-60)
2026-05-20 11:51:52 | INFO     | __main__:extract_pendencias:222 - PDF encontrado: https://storage.googleapis.com/storagescrapings.appspot.com/ecac/49586312000118/situacao-fiscal-2026-05-18-02642837000160--252214245728308547.pdf
2026-05-20 11:51:53 | INFO     | __main__:extract_pendencias:231 - Texto extraído (7527 chars). Analisando pendências...
2026-05-20 11:51:53 | INFO     | __main__:extract_pendencias:210 - [112] Processando: SINDICATO DOS DELEGADOS DE POLICIA DO ESTADO DA BAHIA - ADPEB/SINDICATO (73.393.696/0001-37)
2026-05-20 11:51:53 | INFO     | __main__:extract_pendencias:222 - PDF encontrado: https://storage.googleapis.com/storagescrapings.appspot.com/ecac/49586312000118/situacao-fiscal-2026-04-22-73393696000137-1028621021217122268.pdf
2026-05-20 11:51:53 | INFO     | __main__:extract_pendencias:231 - Texto extraído (2929 chars). Analisando pendências...
2026-05-20 11:51:53 | INFO     | __main__:extract_pendencias:210 - [113] Processando: STAUMMAQ SERVICOS TECNICOS AUTOMACAO MOTORES E MAQUINAS LTDA (02.370.080/0001-00)
2026-05-20 11:51:53 | INFO     | __main__:extract_pendencias:222 - PDF encontrado: https://storage.googleapis.com/storagescrapings.appspot.com/ecac/49586312000118/situacao-fiscal-2026-04-22-02370080000100--7821671160151285367.pdf
2026-05-20 11:51:54 | INFO     | __main__:extract_pendencias:231 - Texto extraído (10947 chars). Analisando pendências...
2026-05-20 11:51:54 | INFO     | __main__:extract_pendencias:210 - [114] Processando: STELU PATRIMONIAL LIMITADA (11.501.054/0001-57)
2026-05-20 11:51:54 | INFO     | __main__:extract_pendencias:222 - PDF encontrado: https://storage.googleapis.com/storagescrapings.appspot.com/ecac/49586312000118/situacao-fiscal-2026-04-22-11501054000157--907711984747552535.pdf
2026-05-20 11:51:54 | INFO     | __main__:extract_pendencias:231 - Texto extraído (3069 chars). Analisando pendências...
2026-05-20 11:51:54 | INFO     | __main__:extract_pendencias:210 - [115] Processando: STK - ENSINO MEDIO LTDA. (07.007.823/0001-98)
2026-05-20 11:51:54 | INFO     | __main__:extract_pendencias:222 - PDF encontrado: https://storage.googleapis.com/storagescrapings.appspot.com/ecac/49586312000118/situacao-fiscal-2026-04-22-07007823000198-2118369821591352876.pdf
2026-05-20 11:51:55 | INFO     | __main__:extract_pendencias:231 - Texto extraído (7872 chars). Analisando pendências...
2026-05-20 11:51:55 | INFO     | __main__:extract_pendencias:210 - [116] Processando: TAI SAN RESTAURANTE LTDA (33.802.703/0001-92)
2026-05-20 11:51:55 | INFO     | __main__:extract_pendencias:222 - PDF encontrado: https://storage.googleapis.com/storagescrapings.appspot.com/ecac/49586312000118/situacao-fiscal-2026-04-23-33802703000192-7968031321004654301.pdf
2026-05-20 11:51:55 | INFO     | __main__:extract_pendencias:231 - Texto extraído (2528 chars). Analisando pendências...
2026-05-20 11:51:55 | INFO     | __main__:extract_pendencias:210 - [117] Processando: TAMP - ENSINO FUNDAMENTAL LTDA. (04.607.541/0001-33)
2026-05-20 11:51:55 | INFO     | __main__:extract_pendencias:222 - PDF encontrado: https://storage.googleapis.com/storagescrapings.appspot.com/ecac/49586312000118/situacao-fiscal-2026-04-24-04607541000133--3973453339551056621.pdf
2026-05-20 11:51:56 | INFO     | __main__:extract_pendencias:231 - Texto extraído (19782 chars). Analisando pendências...
2026-05-20 11:51:56 | INFO     | __main__:extract_pendencias:210 - [118] Processando: TECMARQUES ASSOCIADOS LTDA (48.772.387/0001-20)
2026-05-20 11:51:56 | INFO     | __main__:extract_pendencias:222 - PDF encontrado: https://storage.googleapis.com/storagescrapings.appspot.com/ecac/49586312000118/situacao-fiscal-2026-04-23-48772387000120-7330700758753744619.pdf
2026-05-20 11:51:57 | INFO     | __main__:extract_pendencias:231 - Texto extraído (3398 chars). Analisando pendências...
2026-05-20 11:51:57 | WARNING  | __main__:extract_pendencias:235 - SiefParser sem pendências. Primeiros 200 chars: MINISTÉRIO DA ECONOMIA Por meio do Integra Contador
SECRETARIA ESPECIAL DA RECEITA FEDERAL DO BRASIL Autor pedido: 49.586.312/0001-18. Contratante: 28.408.293/0001-60
PROCURADORIA-GERAL DA FAZENDA NAC
2026-05-20 11:51:57 | INFO     | __main__:extract_pendencias:210 - [119] Processando: TEMIS PROJETOS DE MEIO AMBIENTE E SUSTENTABILIDADE LTDA (07.345.543/0001-90)
2026-05-20 11:51:57 | INFO     | __main__:extract_pendencias:222 - PDF encontrado: https://storage.googleapis.com/storagescrapings.appspot.com/ecac/49586312000118/situacao-fiscal-2026-05-14-07345543000190-7056204219384724609.pdf
2026-05-20 11:51:57 | INFO     | __main__:extract_pendencias:231 - Texto extraído (2872 chars). Analisando pendências...
2026-05-20 11:51:57 | WARNING  | __main__:extract_pendencias:235 - SiefParser sem pendências. Primeiros 200 chars: MINISTÉRIO DA ECONOMIA Por meio do Integra Contador
SECRETARIA ESPECIAL DA RECEITA FEDERAL DO BRASIL Autor pedido: 49.586.312/0001-18. Contratante: 28.408.293/0001-60
PROCURADORIA-GERAL DA FAZENDA NAC
2026-05-20 11:51:57 | INFO     | __main__:extract_pendencias:210 - [120] Processando: TEPUK COMÉRCIO DE ARTIGOS DO VESTUARIO LTDA (26.219.076/0001-04)
2026-05-20 11:51:57 | INFO     | __main__:extract_pendencias:222 - PDF encontrado: https://storage.googleapis.com/storagescrapings.appspot.com/ecac/49586312000118/situacao-fiscal-2026-04-22-26219076000104-5840750093113148141.pdf
2026-05-20 11:51:57 | INFO     | __main__:extract_pendencias:231 - Texto extraído (2751 chars). Analisando pendências...
2026-05-20 11:51:57 | INFO     | __main__:extract_pendencias:210 - [121] Processando: TEREZA CRISTINA DE ANDRADE CRUZ - EPP (29.278.328/0001-56)
2026-05-20 11:51:57 | INFO     | __main__:extract_pendencias:222 - PDF encontrado: https://storage.googleapis.com/storagescrapings.appspot.com/ecac/49586312000118/situacao-fiscal-2026-04-30-29278328000156-6504872709846532139.pdf
2026-05-20 11:51:58 | INFO     | __main__:extract_pendencias:231 - Texto extraído (3153 chars). Analisando pendências...
2026-05-20 11:51:58 | INFO     | __main__:extract_pendencias:210 - [122] Processando: TOK UNIFORMES COMERCIO DE CONFECCOES LTDA (25.190.228/0001-12)
2026-05-20 11:51:58 | INFO     | __main__:extract_pendencias:222 - PDF encontrado: https://storage.googleapis.com/storagescrapings.appspot.com/ecac/49586312000118/situacao-fiscal-2026-04-23-25190228000112-3593588162206872938.pdf
2026-05-20 11:51:58 | INFO     | __main__:extract_pendencias:231 - Texto extraído (2927 chars). Analisando pendências...
2026-05-20 11:51:58 | INFO     | __main__:extract_pendencias:210 - [123] Processando: TR GESTAO E SERVICOS LTDA (35.840.382/0001-46)
2026-05-20 11:51:58 | INFO     | __main__:extract_pendencias:222 - PDF encontrado: https://storage.googleapis.com/storagescrapings.appspot.com/ecac/49586312000118/situacao-fiscal-2026-04-22-35840382000146--2203732208098362461.pdf
2026-05-20 11:51:58 | INFO     | __main__:extract_pendencias:231 - Texto extraído (2778 chars). Analisando pendências...
2026-05-20 11:51:58 | INFO     | __main__:extract_pendencias:210 - [124] Processando: TXB INVESTIMENTOS LTDA. (20.287.189/0001-52)
2026-05-20 11:51:58 | INFO     | __main__:extract_pendencias:222 - PDF encontrado: https://storage.googleapis.com/storagescrapings.appspot.com/ecac/49586312000118/situacao-fiscal-2026-04-22-20287189000152-3807044645946322612.pdf
2026-05-20 11:51:59 | INFO     | __main__:extract_pendencias:231 - Texto extraído (3275 chars). Analisando pendências...
2026-05-20 11:51:59 | INFO     | __main__:extract_pendencias:179 - Processando página 6...
2026-05-20 11:51:59 | INFO     | __main__:extract_pendencias:186 - Encontradas 4 empresas com Pendência na página 6
2026-05-20 11:51:59 | INFO     | __main__:extract_pendencias:210 - [125] Processando: VERTEX SOLUTION EM SERVICOS LTDA (58.269.983/0001-46)
2026-05-20 11:51:59 | INFO     | __main__:extract_pendencias:222 - PDF encontrado: https://storage.googleapis.com/storagescrapings.appspot.com/ecac/49586312000118/situacao-fiscal-2026-05-06-58269983000146--7697763512740090064.pdf
2026-05-20 11:52:00 | INFO     | __main__:extract_pendencias:231 - Texto extraído (3543 chars). Analisando pendências...
2026-05-20 11:52:00 | INFO     | __main__:extract_pendencias:210 - [126] Processando: VITRINE DA CERVEJA LTDA (18.490.365/0001-07)
2026-05-20 11:52:00 | INFO     | __main__:extract_pendencias:222 - PDF encontrado: https://storage.googleapis.com/storagescrapings.appspot.com/ecac/49586312000118/situacao-fiscal-2026-04-22-18490365000107--3799973239110263093.pdf
2026-05-20 11:52:01 | INFO     | __main__:extract_pendencias:231 - Texto extraído (29702 chars). Analisando pendências...
2026-05-20 11:52:01 | INFO     | __main__:extract_pendencias:210 - [127] Processando: VOLTA DO RIO PATRIMONIAL S/A. (04.771.186/0001-33)
2026-05-20 11:52:01 | INFO     | __main__:extract_pendencias:222 - PDF encontrado: https://storage.googleapis.com/storagescrapings.appspot.com/ecac/49586312000118/situacao-fiscal-2026-04-22-04771186000133--1401356830528062902.pdf
2026-05-20 11:52:02 | INFO     | __main__:extract_pendencias:231 - Texto extraído (7677 chars). Analisando pendências...
2026-05-20 11:52:02 | WARNING  | __main__:extract_pendencias:235 - SiefParser sem pendências. Primeiros 200 chars: MINISTÉRIO DA ECONOMIA Por meio do Integra Contador
SECRETARIA ESPECIAL DA RECEITA FEDERAL DO BRASIL Autor pedido: 49.586.312/0001-18. Contratante: 28.408.293/0001-60
PROCURADORIA-GERAL DA FAZENDA NAC
2026-05-20 11:52:02 | INFO     | __main__:extract_pendencias:210 - [128] Processando: WAR PATRIMONIAL LTDA (05.220.129/0001-29)
2026-05-20 11:52:02 | INFO     | __main__:extract_pendencias:222 - PDF encontrado: https://storage.googleapis.com/storagescrapings.appspot.com/ecac/49586312000118/situacao-fiscal-2026-05-18-05220129000129--4876272761081077271.pdf
2026-05-20 11:52:02 | INFO     | __main__:extract_pendencias:231 - Texto extraído (3451 chars). Analisando pendências...
2026-05-20 11:52:13 | SUCCESS  | __main__:extract_pendencias:313 - Relatórios separados gerados com sucesso na pasta logs/.
2026-05-26 10:23:10 | INFO     | src.core.utils:clear_logs_directory:15 - Limpando diretório de saída: logs...
2026-05-26 10:23:11 | SUCCESS  | src.core.utils:clear_logs_directory:31 - Limpeza concluída com sucesso.
2026-05-26 10:23:11 | INFO     | __main__:extract_pendencias:139 - --- INICIANDO SESSÃO (Batch 1, Página 1) ---
2026-05-26 10:23:13 | INFO     | __main__:_login:22 - Navegando para o login em https://49586312000118.veri.com.br//login
2026-05-26 10:23:14 | INFO     | __main__:_login:25 - Inserindo credenciais...
2026-05-26 10:23:16 | INFO     | __main__:_login:35 - Aguardando redirecionamento pós-login...
2026-05-26 10:23:20 | SUCCESS  | __main__:_login:50 - Logado com sucesso.
2026-05-26 10:23:20 | INFO     | __main__:extract_pendencias:166 - Navegando para lista geral (Resumo na pág 1)...
2026-05-26 10:23:20 | INFO     | __main__:extract_pendencias:179 - Processando página 1...
2026-05-26 10:23:21 | INFO     | __main__:extract_pendencias:186 - Encontradas 15 empresas com Pendência na página 1
2026-05-26 10:23:21 | INFO     | __main__:extract_pendencias:210 - [1] Processando: 19.477.725 AMANE AGUIAR DIAS DE AZEVEDO (19.477.725/0001-01)
2026-05-26 10:23:21 | INFO     | __main__:extract_pendencias:222 - PDF encontrado: https://storage.googleapis.com/storagescrapings.appspot.com/ecac/49586312000118/situacao-fiscal-2026-05-22-19477725000101-559846768166786495.pdf
2026-05-26 10:23:22 | INFO     | __main__:extract_pendencias:231 - Texto extraído (2549 chars). Analisando pendências...
2026-05-26 10:23:22 | INFO     | __main__:extract_pendencias:210 - [2] Processando: AG VINHOS E GASTRONOMIA LTDA (62.652.792/0001-36)
2026-05-26 10:23:22 | INFO     | __main__:extract_pendencias:222 - PDF encontrado: https://storage.googleapis.com/storagescrapings.appspot.com/ecac/49586312000118/situacao-fiscal-2026-05-22-62652792000136-6049890159962170344.pdf
2026-05-26 10:23:22 | INFO     | __main__:extract_pendencias:231 - Texto extraído (3858 chars). Analisando pendências...
2026-05-26 10:23:22 | INFO     | __main__:extract_pendencias:210 - [3] Processando: ANJU PARICIPACOES LIMITADA (11.233.811/0001-59)
2026-05-26 10:23:22 | INFO     | __main__:extract_pendencias:222 - PDF encontrado: https://storage.googleapis.com/storagescrapings.appspot.com/ecac/49586312000118/situacao-fiscal-2026-05-22-11233811000159--5972789646735439628.pdf
2026-05-26 10:23:22 | INFO     | __main__:extract_pendencias:231 - Texto extraído (2767 chars). Analisando pendências...
2026-05-26 10:23:23 | INFO     | __main__:extract_pendencias:210 - [4] Processando: ARCO APOIO RODOVIARIO COLETIVO SA (16.199.705/0001-10)
2026-05-26 10:23:23 | INFO     | __main__:extract_pendencias:222 - PDF encontrado: https://storage.googleapis.com/storagescrapings.appspot.com/ecac/49586312000118/situacao-fiscal-2026-05-22-16199705000110-2926101467424535382.pdf
2026-05-26 10:23:23 | INFO     | __main__:extract_pendencias:231 - Texto extraído (2280 chars). Analisando pendências...
2026-05-26 10:23:23 | INFO     | __main__:extract_pendencias:210 - [5] Processando: BAHIA FARMS INVESTIMENTOS AGRICOLAS LTDA (09.106.487/0001-66)
2026-05-26 10:23:23 | INFO     | __main__:extract_pendencias:222 - PDF encontrado: https://storage.googleapis.com/storagescrapings.appspot.com/ecac/49586312000118/situacao-fiscal-2026-05-22-09106487000166--1243826859144515319.pdf
2026-05-26 10:23:24 | INFO     | __main__:extract_pendencias:231 - Texto extraído (18258 chars). Analisando pendências...
2026-05-26 10:23:24 | INFO     | __main__:extract_pendencias:210 - [6] Processando: BAHIA LAND CONSULTORIA DE NEGOCIOS E INVESTIMENTOS LTDA (09.023.277/0001-04)
2026-05-26 10:23:24 | INFO     | __main__:extract_pendencias:222 - PDF encontrado: https://storage.googleapis.com/storagescrapings.appspot.com/ecac/49586312000118/situacao-fiscal-2026-05-22-09023277000104-2043775265498841652.pdf
2026-05-26 10:23:24 | INFO     | __main__:extract_pendencias:231 - Texto extraído (2385 chars). Analisando pendências...
2026-05-26 10:23:24 | INFO     | __main__:extract_pendencias:210 - [7] Processando: BFC.- COMERCIO E SERVICOS LTDA (00.323.181/0001-97)
2026-05-26 10:23:24 | INFO     | __main__:extract_pendencias:222 - PDF encontrado: https://storage.googleapis.com/storagescrapings.appspot.com/ecac/49586312000118/situacao-fiscal-2026-05-22-00323181000197-1475707799466177009.pdf
2026-05-26 10:23:25 | INFO     | __main__:extract_pendencias:231 - Texto extraído (2544 chars). Analisando pendências...
2026-05-26 10:23:25 | INFO     | __main__:extract_pendencias:210 - [8] Processando: BLANCO IMOBILIARIA E ADMINISTRADORA LTDA (06.915.315/0001-45)
2026-05-26 10:23:25 | INFO     | __main__:extract_pendencias:222 - PDF encontrado: https://storage.googleapis.com/storagescrapings.appspot.com/ecac/49586312000118/situacao-fiscal-2026-05-22-06915315000145--721868494787516594.pdf
2026-05-26 10:23:25 | INFO     | __main__:extract_pendencias:231 - Texto extraído (11360 chars). Analisando pendências...
2026-05-26 10:23:25 | INFO     | __main__:extract_pendencias:210 - [9] Processando: C G F EMPRENDIMENTO EDUCACIONAL ALFABETO LTDA (58.140.131/0001-54)
2026-05-26 10:23:25 | INFO     | __main__:extract_pendencias:222 - PDF encontrado: https://storage.googleapis.com/storagescrapings.appspot.com/ecac/49586312000118/situacao-fiscal-2026-05-22-58140131000154-6058257398952767358.pdf
2026-05-26 10:23:26 | INFO     | __main__:extract_pendencias:231 - Texto extraído (2636 chars). Analisando pendências...
2026-05-26 10:23:26 | WARNING  | __main__:extract_pendencias:235 - SiefParser sem pendências. Primeiros 200 chars: MINISTÉRIO DA ECONOMIA Por meio do Integra Contador
SECRETARIA ESPECIAL DA RECEITA FEDERAL DO BRASIL Autor pedido: 49.586.312/0001-18. Contratante: 28.408.293/0001-60
PROCURADORIA-GERAL DA FAZENDA NAC
2026-05-26 10:23:26 | INFO     | __main__:extract_pendencias:210 - [10] Processando: CAMILLA PINON ALPHONSE KARR (25.196.780/0001-18)
2026-05-26 10:23:26 | INFO     | __main__:extract_pendencias:222 - PDF encontrado: https://storage.googleapis.com/storagescrapings.appspot.com/ecac/49586312000118/situacao-fiscal-2026-05-22-25196780000118-4409046226016673238.pdf
2026-05-26 10:23:26 | INFO     | __main__:extract_pendencias:231 - Texto extraído (3036 chars). Analisando pendências...
2026-05-26 10:23:26 | INFO     | __main__:extract_pendencias:210 - [11] Processando: CAPITAL COMERCIO DE CONFECCOES LTDA (29.172.686/0001-80)
2026-05-26 10:23:26 | INFO     | __main__:extract_pendencias:222 - PDF encontrado: https://storage.googleapis.com/storagescrapings.appspot.com/ecac/49586312000118/situacao-fiscal-2026-05-22-29172686000180--7219727631813708603.pdf
2026-05-26 10:23:27 | INFO     | __main__:extract_pendencias:231 - Texto extraído (3747 chars). Analisando pendências...
2026-05-26 10:23:27 | INFO     | __main__:extract_pendencias:210 - [12] Processando: CCA REPARACAO DE CALCADOS E BOLSAS LTDA (04.778.322/0001-17)
2026-05-26 10:23:27 | INFO     | __main__:extract_pendencias:222 - PDF encontrado: https://storage.googleapis.com/storagescrapings.appspot.com/ecac/49586312000118/situacao-fiscal-2026-05-22-04778322000117-6935517321627317612.pdf
2026-05-26 10:23:27 | INFO     | __main__:extract_pendencias:231 - Texto extraído (10662 chars). Analisando pendências...
2026-05-26 10:23:27 | INFO     | __main__:extract_pendencias:210 - [13] Processando: CEMECOR CENTRO MEDICO CARDIOLOGICO S/C LTDA (00.807.080/0001-91)
2026-05-26 10:23:27 | INFO     | __main__:extract_pendencias:222 - PDF encontrado: https://storage.googleapis.com/storagescrapings.appspot.com/ecac/49586312000118/situacao-fiscal-2026-05-22-00807080000191--502043640400075285.pdf
2026-05-26 10:23:28 | INFO     | __main__:extract_pendencias:231 - Texto extraído (6298 chars). Analisando pendências...
2026-05-26 10:23:28 | INFO     | __main__:extract_pendencias:210 - [14] Processando: CENTRAL DO DENTE - CLINICA ODONTOLOGICA LTDA (08.154.181/0001-12)
2026-05-26 10:23:28 | INFO     | __main__:extract_pendencias:222 - PDF encontrado: https://storage.googleapis.com/storagescrapings.appspot.com/ecac/49586312000118/situacao-fiscal-2026-05-22-08154181000112--7680714151935653014.pdf
2026-05-26 10:23:30 | INFO     | __main__:extract_pendencias:231 - Texto extraído (39364 chars). Analisando pendências...
2026-05-26 10:23:30 | INFO     | __main__:extract_pendencias:210 - [15] Processando: CHAVES COMERCIO DE LIVROS E PAPELARIA LTDA (15.114.762/0001-96)
2026-05-26 10:23:30 | INFO     | __main__:extract_pendencias:222 - PDF encontrado: https://storage.googleapis.com/storagescrapings.appspot.com/ecac/49586312000118/situacao-fiscal-2026-05-22-15114762000196--1399552040653972484.pdf
2026-05-26 10:23:30 | INFO     | __main__:extract_pendencias:231 - Texto extraído (6544 chars). Analisando pendências...
2026-05-26 10:23:31 | INFO     | __main__:extract_pendencias:179 - Processando página 2...
2026-05-26 10:23:31 | INFO     | __main__:extract_pendencias:186 - Encontradas 15 empresas com Pendência na página 2
2026-05-26 10:23:31 | INFO     | __main__:extract_pendencias:210 - [16] Processando: CLINICA DE NEFROLOGIA DE BREJO SANTO LTDA (37.927.805/0001-95)
2026-05-26 10:23:31 | INFO     | __main__:extract_pendencias:222 - PDF encontrado: https://storage.googleapis.com/storagescrapings.appspot.com/ecac/49586312000118/situacao-fiscal-2026-05-22-37927805000195-8063100472487826785.pdf
2026-05-26 10:23:31 | INFO     | __main__:extract_pendencias:231 - Texto extraído (2372 chars). Analisando pendências...
2026-05-26 10:23:31 | WARNING  | __main__:extract_pendencias:235 - SiefParser sem pendências. Primeiros 200 chars: MINISTÉRIO DA ECONOMIA Por meio do Integra Contador
SECRETARIA ESPECIAL DA RECEITA FEDERAL DO BRASIL Autor pedido: 49.586.312/0001-18. Contratante: 28.408.293/0001-60
PROCURADORIA-GERAL DA FAZENDA NAC
2026-05-26 10:23:31 | INFO     | __main__:extract_pendencias:210 - [17] Processando: CMNR PATRIMONIAL LTDA. (14.429.350/0001-82)
2026-05-26 10:23:31 | INFO     | __main__:extract_pendencias:222 - PDF encontrado: https://storage.googleapis.com/storagescrapings.appspot.com/ecac/49586312000118/situacao-fiscal-2026-05-22-14429350000182--697954111949611349.pdf
2026-05-26 10:23:31 | INFO     | __main__:extract_pendencias:231 - Texto extraído (3561 chars). Analisando pendências...
2026-05-26 10:23:31 | INFO     | __main__:extract_pendencias:210 - [18] Processando: CORPORATIVA REVESTIMENTOS METALICOS LTDA (44.573.989/0001-06)
2026-05-26 10:23:31 | INFO     | __main__:extract_pendencias:222 - PDF encontrado: https://storage.googleapis.com/storagescrapings.appspot.com/ecac/49586312000118/situacao-fiscal-2026-05-22-44573989000106-8674356329543302781.pdf
2026-05-26 10:23:32 | INFO     | __main__:extract_pendencias:231 - Texto extraído (7616 chars). Analisando pendências...
2026-05-26 10:23:32 | INFO     | __main__:extract_pendencias:210 - [19] Processando: D L COMERCIO DE ALIMENTOS LTDA (28.590.601/0001-10)
2026-05-26 10:23:32 | INFO     | __main__:extract_pendencias:222 - PDF encontrado: https://storage.googleapis.com/storagescrapings.appspot.com/ecac/49586312000118/situacao-fiscal-2026-05-22-28590601000110--5918456120951011107.pdf
2026-05-26 10:23:33 | INFO     | __main__:extract_pendencias:231 - Texto extraído (26584 chars). Analisando pendências...
2026-05-26 10:23:33 | INFO     | __main__:extract_pendencias:210 - [20] Processando: D. A. MACEDO (15.360.279/0002-72)
2026-05-26 10:23:33 | INFO     | __main__:extract_pendencias:222 - PDF encontrado: https://storage.googleapis.com/storagescrapings.appspot.com/ecac/49586312000118/situacao-fiscal-2026-05-22-15360279000272-103814844106207419.pdf
2026-05-26 10:23:34 | INFO     | __main__:extract_pendencias:231 - Texto extraído (6395 chars). Analisando pendências...
2026-05-26 10:23:34 | INFO     | __main__:extract_pendencias:210 - [21] Processando: DARCYDIAS REPRESENTACOES LTDA MICRO EMPRESA (13.709.910/0001-90)
2026-05-26 10:23:34 | INFO     | __main__:extract_pendencias:222 - PDF encontrado: https://storage.googleapis.com/storagescrapings.appspot.com/ecac/49586312000118/situacao-fiscal-2026-05-22-13709910000190-6453808086057970430.pdf
2026-05-26 10:23:35 | INFO     | __main__:extract_pendencias:231 - Texto extraído (19098 chars). Analisando pendências...
2026-05-26 10:23:35 | INFO     | __main__:extract_pendencias:210 - [22] Processando: DINAMO SALVADOR LTDA (60.205.781/0001-82)
2026-05-26 10:23:35 | INFO     | __main__:extract_pendencias:222 - PDF encontrado: https://storage.googleapis.com/storagescrapings.appspot.com/ecac/49586312000118/situacao-fiscal-2026-05-22-60205781000182-3559479684307233871.pdf
2026-05-26 10:23:36 | INFO     | __main__:extract_pendencias:231 - Texto extraído (3053 chars). Analisando pendências...
2026-05-26 10:23:36 | INFO     | __main__:extract_pendencias:210 - [23] Processando: EDEMILSON LOPES DA SILVA (03.641.819/0001-26)
2026-05-26 10:23:36 | INFO     | __main__:extract_pendencias:222 - PDF encontrado: https://storage.googleapis.com/storagescrapings.appspot.com/ecac/49586312000118/situacao-fiscal-2026-05-22-03641819000126--6390707366430230651.pdf
2026-05-26 10:23:36 | INFO     | __main__:extract_pendencias:231 - Texto extraído (2544 chars). Analisando pendências...
2026-05-26 10:23:36 | INFO     | __main__:extract_pendencias:210 - [24] Processando: EDIFICIO AGENOR CERQUEIRA (34.283.234/0001-05)
2026-05-26 10:23:36 | INFO     | __main__:extract_pendencias:222 - PDF encontrado: https://storage.googleapis.com/storagescrapings.appspot.com/ecac/49586312000118/situacao-fiscal-2026-05-22-34283234000105-8562733642344151601.pdf
2026-05-26 10:23:36 | INFO     | __main__:extract_pendencias:231 - Texto extraído (1940 chars). Analisando pendências...
2026-05-26 10:23:36 | WARNING  | __main__:extract_pendencias:235 - SiefParser sem pendências. Primeiros 200 chars: MINISTÉRIO DA ECONOMIA Por meio do Integra Contador
SECRETARIA ESPECIAL DA RECEITA FEDERAL DO BRASIL Autor pedido: 49.586.312/0001-18. Contratante: 28.408.293/0001-60
PROCURADORIA-GERAL DA FAZENDA NAC
2026-05-26 10:23:36 | INFO     | __main__:extract_pendencias:210 - [25] Processando: EXTERNATO MATER ET MAGISTRA E COM DE MAT DIDATICO LTDA (13.064.209/0001-60)
2026-05-26 10:23:36 | INFO     | __main__:extract_pendencias:222 - PDF encontrado: https://storage.googleapis.com/storagescrapings.appspot.com/ecac/49586312000118/situacao-fiscal-2026-05-22-13064209000160-5612471425659529421.pdf
2026-05-26 10:23:38 | INFO     | __main__:extract_pendencias:231 - Texto extraído (27992 chars). Analisando pendências...
2026-05-26 10:23:38 | INFO     | __main__:extract_pendencias:210 - [26] Processando: GUARAJUBA CONSULTORIA, COMPRA E VENDA DE IMOVEIS LTDA (26.318.746/0001-31)
2026-05-26 10:23:38 | INFO     | __main__:extract_pendencias:222 - PDF encontrado: https://storage.googleapis.com/storagescrapings.appspot.com/ecac/49586312000118/situacao-fiscal-2026-05-22-26318746000131-2295590598693725649.pdf
2026-05-26 10:23:38 | INFO     | __main__:extract_pendencias:231 - Texto extraído (3454 chars). Analisando pendências...
2026-05-26 10:23:38 | WARNING  | __main__:extract_pendencias:235 - SiefParser sem pendências. Primeiros 200 chars: MINISTÉRIO DA ECONOMIA Por meio do Integra Contador
SECRETARIA ESPECIAL DA RECEITA FEDERAL DO BRASIL Autor pedido: 49.586.312/0001-18. Contratante: 28.408.293/0001-60
PROCURADORIA-GERAL DA FAZENDA NAC
2026-05-26 10:23:38 | INFO     | __main__:extract_pendencias:210 - [27] Processando: GUARAJUBAIMOB NEGOCIOS IMOBILIARIOS LTDA (27.371.776/0001-74)
2026-05-26 10:23:38 | INFO     | __main__:extract_pendencias:222 - PDF encontrado: https://storage.googleapis.com/storagescrapings.appspot.com/ecac/49586312000118/situacao-fiscal-2026-05-22-27371776000174--6098876770116482138.pdf
2026-05-26 10:23:39 | INFO     | __main__:extract_pendencias:231 - Texto extraído (3556 chars). Analisando pendências...
2026-05-26 10:23:39 | INFO     | __main__:extract_pendencias:210 - [28] Processando: H. Z. PATRIMONIAL LTDA. (10.791.569/0001-76)
2026-05-26 10:23:39 | INFO     | __main__:extract_pendencias:222 - PDF encontrado: https://storage.googleapis.com/storagescrapings.appspot.com/ecac/49586312000118/situacao-fiscal-2026-05-22-10791569000176-7879823892445894880.pdf
2026-05-26 10:23:39 | INFO     | __main__:extract_pendencias:231 - Texto extraído (4088 chars). Analisando pendências...
2026-05-26 10:23:39 | INFO     | __main__:extract_pendencias:210 - [29] Processando: HOTEIS E TURISMO ITAPOAN LTDA. (14.309.694/0001-58)
2026-05-26 10:23:39 | INFO     | __main__:extract_pendencias:222 - PDF encontrado: https://storage.googleapis.com/storagescrapings.appspot.com/ecac/49586312000118/situacao-fiscal-2026-05-22-14309694000158--898104768547763.pdf
2026-05-26 10:23:40 | INFO     | __main__:extract_pendencias:231 - Texto extraído (23432 chars). Analisando pendências...
2026-05-26 10:23:40 | INFO     | __main__:extract_pendencias:210 - [30] Processando: IMPACT SERVICES INTEGRADOS EM SOLUCOES INDUSTRIAIS LTDA (18.953.881/0001-20)
2026-05-26 10:23:40 | INFO     | __main__:extract_pendencias:222 - PDF encontrado: https://storage.googleapis.com/storagescrapings.appspot.com/ecac/49586312000118/situacao-fiscal-2026-05-22-18953881000120--4658971509567653494.pdf
2026-05-26 10:23:41 | INFO     | __main__:extract_pendencias:231 - Texto extraído (4599 chars). Analisando pendências...
2026-05-26 10:23:41 | INFO     | __main__:extract_pendencias:179 - Processando página 3...
2026-05-26 10:23:41 | INFO     | __main__:extract_pendencias:186 - Encontradas 25 empresas com Pendência na página 3
2026-05-26 10:23:41 | INFO     | __main__:extract_pendencias:210 - [31] Processando: J. MACEDO AGROPECUARIA LTDA (04.692.740/0001-97)
2026-05-26 10:23:41 | INFO     | __main__:extract_pendencias:222 - PDF encontrado: https://storage.googleapis.com/storagescrapings.appspot.com/ecac/49586312000118/situacao-fiscal-2026-05-22-04692740000197--1572888572607394305.pdf
2026-05-26 10:23:41 | INFO     | __main__:extract_pendencias:231 - Texto extraído (3100 chars). Analisando pendências...
2026-05-26 10:23:41 | INFO     | __main__:extract_pendencias:210 - [32] Processando: JEAR ENSINO MEDIO LTDA. (04.607.567/0001-81)
2026-05-26 10:23:41 | INFO     | __main__:extract_pendencias:222 - PDF encontrado: https://storage.googleapis.com/storagescrapings.appspot.com/ecac/49586312000118/situacao-fiscal-2026-05-22-04607567000181--4922665677733370754.pdf
2026-05-26 10:23:43 | INFO     | __main__:extract_pendencias:231 - Texto extraído (36385 chars). Analisando pendências...
2026-05-26 10:23:43 | INFO     | __main__:extract_pendencias:210 - [33] Processando: JITAHY PATRIMONIAL LTDA (05.365.392/0001-06)
2026-05-26 10:23:43 | INFO     | __main__:extract_pendencias:222 - PDF encontrado: https://storage.googleapis.com/storagescrapings.appspot.com/ecac/49586312000118/situacao-fiscal-2026-05-22-05365392000106-1602637751106066584.pdf
2026-05-26 10:23:43 | INFO     | __main__:extract_pendencias:231 - Texto extraído (5283 chars). Analisando pendências...
2026-05-26 10:23:43 | WARNING  | __main__:extract_pendencias:235 - SiefParser sem pendências. Primeiros 200 chars: MINISTÉRIO DA ECONOMIA Por meio do Integra Contador
SECRETARIA ESPECIAL DA RECEITA FEDERAL DO BRASIL Autor pedido: 49.586.312/0001-18. Contratante: 28.408.293/0001-60
PROCURADORIA-GERAL DA FAZENDA NAC
2026-05-26 10:23:43 | INFO     | __main__:extract_pendencias:210 - [34] Processando: JM COMÉRCIO ALIMENTICIOS LTDA (55.870.283/0001-14)
2026-05-26 10:23:43 | INFO     | __main__:extract_pendencias:222 - PDF encontrado: https://storage.googleapis.com/storagescrapings.appspot.com/ecac/49586312000118/situacao-fiscal-2026-05-22-55870283000114-6290327797778487998.pdf
2026-05-26 10:23:44 | INFO     | __main__:extract_pendencias:231 - Texto extraído (3618 chars). Analisando pendências...
2026-05-26 10:23:44 | INFO     | __main__:extract_pendencias:210 - [35] Processando: JORGE RIBEIRO CORTIZO (20.734.790/0001-46)
2026-05-26 10:23:44 | INFO     | __main__:extract_pendencias:222 - PDF encontrado: https://storage.googleapis.com/storagescrapings.appspot.com/ecac/49586312000118/situacao-fiscal-2026-05-22-20734790000146--4401560791850746946.pdf
2026-05-26 10:23:44 | INFO     | __main__:extract_pendencias:231 - Texto extraído (4770 chars). Analisando pendências...
2026-05-26 10:23:44 | INFO     | __main__:extract_pendencias:210 - [36] Processando: K T - ENSINO FUNDAMENTAL LTDA. (07.008.842/0001-39)
2026-05-26 10:23:44 | INFO     | __main__:extract_pendencias:222 - PDF encontrado: https://storage.googleapis.com/storagescrapings.appspot.com/ecac/49586312000118/situacao-fiscal-2026-05-22-07008842000139-1013014632128614202.pdf
2026-05-26 10:23:45 | INFO     | __main__:extract_pendencias:231 - Texto extraído (11679 chars). Analisando pendências...
2026-05-26 10:23:45 | INFO     | __main__:extract_pendencias:210 - [37] Processando: KETPU COMERCIO DE ARTIGOS DO VESTUÁRIO LTDA (36.126.523/0001-26)
2026-05-26 10:23:45 | INFO     | __main__:extract_pendencias:222 - PDF encontrado: https://storage.googleapis.com/storagescrapings.appspot.com/ecac/49586312000118/situacao-fiscal-2026-05-22-36126523000126-8969801824812954504.pdf
2026-05-26 10:23:46 | INFO     | __main__:extract_pendencias:231 - Texto extraído (3579 chars). Analisando pendências...
2026-05-26 10:23:46 | INFO     | __main__:extract_pendencias:210 - [38] Processando: L F PATRIMONIAL EMPREENDIMENTOS LTDA (13.341.532/0001-34)
2026-05-26 10:23:46 | INFO     | __main__:extract_pendencias:222 - PDF encontrado: https://storage.googleapis.com/storagescrapings.appspot.com/ecac/49586312000118/situacao-fiscal-2026-05-22-13341532000134--1632044630628296058.pdf
2026-05-26 10:23:46 | INFO     | __main__:extract_pendencias:231 - Texto extraído (5150 chars). Analisando pendências...
2026-05-26 10:23:46 | INFO     | __main__:extract_pendencias:210 - [39] Processando: L. J. COMERCIO DE MATERIAIS DE CONSTRUCAO LTDA - EPP (01.937.682/0001-26)
2026-05-26 10:23:46 | INFO     | __main__:extract_pendencias:222 - PDF encontrado: https://storage.googleapis.com/storagescrapings.appspot.com/ecac/49586312000118/situacao-fiscal-2026-05-22-01937682000126-3563849092592932219.pdf
2026-05-26 10:23:46 | INFO     | __main__:extract_pendencias:231 - Texto extraído (3085 chars). Analisando pendências...
2026-05-26 10:23:46 | INFO     | __main__:extract_pendencias:210 - [40] Processando: LACERDA PATRIMONIAL LTDA. (06.314.992/0001-08)
2026-05-26 10:23:46 | INFO     | __main__:extract_pendencias:222 - PDF encontrado: https://storage.googleapis.com/storagescrapings.appspot.com/ecac/49586312000118/situacao-fiscal-2026-05-22-06314992000108-7299230711054345531.pdf
2026-05-26 10:23:47 | INFO     | __main__:extract_pendencias:231 - Texto extraído (11962 chars). Analisando pendências...
2026-05-26 10:23:47 | INFO     | __main__:extract_pendencias:210 - [41] Processando: LEGACY PARTICIPACOES S.A. (65.927.859/0001-96)
2026-05-26 10:23:47 | INFO     | __main__:extract_pendencias:222 - PDF encontrado: https://storage.googleapis.com/storagescrapings.appspot.com/ecac/49586312000118/situacao-fiscal-2026-05-22-65927859000196-5379245296633205052.pdf
2026-05-26 10:23:48 | INFO     | __main__:extract_pendencias:231 - Texto extraído (2878 chars). Analisando pendências...
2026-05-26 10:23:48 | INFO     | __main__:extract_pendencias:210 - [42] Processando: LILIAN DIAS RIGAUD DE JESUS LTDA (10.632.502/0001-99)
2026-05-26 10:23:48 | INFO     | __main__:extract_pendencias:222 - PDF encontrado: https://storage.googleapis.com/storagescrapings.appspot.com/ecac/49586312000118/situacao-fiscal-2026-05-22-10632502000199-6729247196853466319.pdf
2026-05-26 10:23:48 | INFO     | __main__:extract_pendencias:231 - Texto extraído (3950 chars). Analisando pendências...
2026-05-26 10:23:48 | INFO     | __main__:extract_pendencias:210 - [43] Processando: LITORAL BAHIA IMOBILIARIA LTDA (42.740.527/0001-00)
2026-05-26 10:23:48 | INFO     | __main__:extract_pendencias:222 - PDF encontrado: https://storage.googleapis.com/storagescrapings.appspot.com/ecac/49586312000118/situacao-fiscal-2026-05-22-42740527000100--4738851883600359575.pdf
2026-05-26 10:23:48 | INFO     | __main__:extract_pendencias:231 - Texto extraído (3239 chars). Analisando pendências...
2026-05-26 10:23:48 | INFO     | __main__:extract_pendencias:210 - [44] Processando: M P COMERCIO DE VARIEDADES, PRESENTES E MOVEIS LTDA (33.985.763/0001-98)
2026-05-26 10:23:48 | INFO     | __main__:extract_pendencias:222 - PDF encontrado: https://storage.googleapis.com/storagescrapings.appspot.com/ecac/49586312000118/situacao-fiscal-2026-05-22-33985763000198-5636903776677158115.pdf
2026-05-26 10:23:49 | INFO     | __main__:extract_pendencias:231 - Texto extraído (3981 chars). Analisando pendências...
2026-05-26 10:23:49 | INFO     | __main__:extract_pendencias:210 - [45] Processando: MACEDO COMERCIAL DE CALCADOS LTDA (04.074.648/0001-63)
2026-05-26 10:23:49 | INFO     | __main__:extract_pendencias:222 - PDF encontrado: https://storage.googleapis.com/storagescrapings.appspot.com/ecac/49586312000118/situacao-fiscal-2026-05-22-04074648000163--4964566962435043838.pdf
2026-05-26 10:23:50 | INFO     | __main__:extract_pendencias:231 - Texto extraído (22463 chars). Analisando pendências...
2026-05-26 10:23:50 | INFO     | __main__:extract_pendencias:210 - [46] Processando: MACEDO COMERCIAL DE CALCADOS LTDA (04.074.648/0002-44)
2026-05-26 10:23:50 | INFO     | __main__:extract_pendencias:222 - PDF encontrado: https://storage.googleapis.com/storagescrapings.appspot.com/ecac/49586312000118/situacao-fiscal-2026-05-22-04074648000244-4848468945886498985.pdf
2026-05-26 10:23:51 | INFO     | __main__:extract_pendencias:231 - Texto extraído (22931 chars). Analisando pendências...
2026-05-26 10:23:51 | INFO     | __main__:extract_pendencias:210 - [47] Processando: MACEDO COMERCIAL DE CALCADOS LTDA (04.074.648/0003-25)
2026-05-26 10:23:51 | INFO     | __main__:extract_pendencias:222 - PDF encontrado: https://storage.googleapis.com/storagescrapings.appspot.com/ecac/49586312000118/situacao-fiscal-2026-05-22-04074648000325--2235402504220538675.pdf
2026-05-26 10:23:53 | INFO     | __main__:extract_pendencias:231 - Texto extraído (22888 chars). Analisando pendências...
2026-05-26 10:23:53 | INFO     | __main__:extract_pendencias:210 - [48] Processando: MACEDO COMERCIAL DE CALCADOS LTDA (04.074.648/0004-06)
2026-05-26 10:23:53 | INFO     | __main__:extract_pendencias:222 - PDF encontrado: https://storage.googleapis.com/storagescrapings.appspot.com/ecac/49586312000118/situacao-fiscal-2026-05-22-04074648000406-8211826430722607372.pdf
2026-05-26 10:23:54 | INFO     | __main__:extract_pendencias:231 - Texto extraído (22923 chars). Analisando pendências...
2026-05-26 10:23:54 | INFO     | __main__:extract_pendencias:210 - [49] Processando: MALU EMPREENDIMENTOS E PARTICIPACOES LTDA (08.545.897/0001-40)
2026-05-26 10:23:54 | INFO     | __main__:extract_pendencias:222 - PDF encontrado: https://storage.googleapis.com/storagescrapings.appspot.com/ecac/49586312000118/situacao-fiscal-2026-05-22-08545897000140--4423606332664825874.pdf
2026-05-26 10:23:54 | INFO     | __main__:extract_pendencias:231 - Texto extraído (4156 chars). Analisando pendências...
2026-05-26 10:23:54 | WARNING  | __main__:extract_pendencias:235 - SiefParser sem pendências. Primeiros 200 chars: MINISTÉRIO DA ECONOMIA Por meio do Integra Contador
SECRETARIA ESPECIAL DA RECEITA FEDERAL DO BRASIL Autor pedido: 49.586.312/0001-18. Contratante: 28.408.293/0001-60
PROCURADORIA-GERAL DA FAZENDA NAC
2026-05-26 10:23:54 | INFO     | __main__:extract_pendencias:210 - [50] Processando: MAPLE REVESTIMENTO LTDA (62.328.532/0001-00)
2026-05-26 10:23:54 | INFO     | __main__:extract_pendencias:222 - PDF encontrado: https://storage.googleapis.com/storagescrapings.appspot.com/ecac/49586312000118/situacao-fiscal-2026-05-22-62328532000100-3420295682666405555.pdf
2026-05-26 10:23:55 | INFO     | __main__:extract_pendencias:231 - Texto extraído (2278 chars). Analisando pendências...
2026-05-26 10:23:55 | WARNING  | __main__:extract_pendencias:255 - Lote de 50 atingido. Reiniciando sessão...
2026-05-26 10:23:55 | INFO     | __main__:extract_pendencias:139 - --- INICIANDO SESSÃO (Batch 2, Página 3) ---
2026-05-26 10:23:56 | INFO     | __main__:_login:22 - Navegando para o login em https://49586312000118.veri.com.br//login
2026-05-26 10:23:57 | INFO     | __main__:_login:25 - Inserindo credenciais...
2026-05-26 10:23:58 | INFO     | __main__:_login:35 - Aguardando redirecionamento pós-login...
2026-05-26 10:24:01 | SUCCESS  | __main__:_login:50 - Logado com sucesso.
2026-05-26 10:24:01 | INFO     | __main__:extract_pendencias:166 - Navegando para lista geral (Resumo na pág 3)...
2026-05-26 10:24:01 | INFO     | __main__:extract_pendencias:172 - Avançando para página 2 para retomar...
2026-05-26 10:24:03 | INFO     | __main__:extract_pendencias:172 - Avançando para página 3 para retomar...
2026-05-26 10:24:04 | INFO     | __main__:extract_pendencias:179 - Processando página 3...
2026-05-26 10:24:04 | INFO     | __main__:extract_pendencias:186 - Encontradas 25 empresas com Pendência na página 3
2026-05-26 10:24:04 | INFO     | __main__:extract_pendencias:210 - [51] Processando: J. MACEDO AGROPECUARIA LTDA (04.692.740/0001-97)
2026-05-26 10:24:04 | INFO     | __main__:extract_pendencias:222 - PDF encontrado: https://storage.googleapis.com/storagescrapings.appspot.com/ecac/49586312000118/situacao-fiscal-2026-05-22-04692740000197--1572888572607394305.pdf
2026-05-26 10:24:05 | INFO     | __main__:extract_pendencias:231 - Texto extraído (3100 chars). Analisando pendências...
2026-05-26 10:24:05 | INFO     | __main__:extract_pendencias:210 - [52] Processando: JEAR ENSINO MEDIO LTDA. (04.607.567/0001-81)
2026-05-26 10:24:05 | INFO     | __main__:extract_pendencias:222 - PDF encontrado: https://storage.googleapis.com/storagescrapings.appspot.com/ecac/49586312000118/situacao-fiscal-2026-05-22-04607567000181--4922665677733370754.pdf
2026-05-26 10:24:06 | INFO     | __main__:extract_pendencias:231 - Texto extraído (36385 chars). Analisando pendências...
2026-05-26 10:24:06 | INFO     | __main__:extract_pendencias:210 - [53] Processando: JITAHY PATRIMONIAL LTDA (05.365.392/0001-06)
2026-05-26 10:24:06 | INFO     | __main__:extract_pendencias:222 - PDF encontrado: https://storage.googleapis.com/storagescrapings.appspot.com/ecac/49586312000118/situacao-fiscal-2026-05-22-05365392000106-1602637751106066584.pdf
2026-05-26 10:24:06 | INFO     | __main__:extract_pendencias:231 - Texto extraído (5283 chars). Analisando pendências...
2026-05-26 10:24:06 | WARNING  | __main__:extract_pendencias:235 - SiefParser sem pendências. Primeiros 200 chars: MINISTÉRIO DA ECONOMIA Por meio do Integra Contador
SECRETARIA ESPECIAL DA RECEITA FEDERAL DO BRASIL Autor pedido: 49.586.312/0001-18. Contratante: 28.408.293/0001-60
PROCURADORIA-GERAL DA FAZENDA NAC
2026-05-26 10:24:06 | INFO     | __main__:extract_pendencias:210 - [54] Processando: JM COMÉRCIO ALIMENTICIOS LTDA (55.870.283/0001-14)
2026-05-26 10:24:06 | INFO     | __main__:extract_pendencias:222 - PDF encontrado: https://storage.googleapis.com/storagescrapings.appspot.com/ecac/49586312000118/situacao-fiscal-2026-05-22-55870283000114-6290327797778487998.pdf
2026-05-26 10:24:06 | INFO     | __main__:extract_pendencias:231 - Texto extraído (3618 chars). Analisando pendências...
2026-05-26 10:24:06 | INFO     | __main__:extract_pendencias:210 - [55] Processando: JORGE RIBEIRO CORTIZO (20.734.790/0001-46)
2026-05-26 10:24:06 | INFO     | __main__:extract_pendencias:222 - PDF encontrado: https://storage.googleapis.com/storagescrapings.appspot.com/ecac/49586312000118/situacao-fiscal-2026-05-22-20734790000146--4401560791850746946.pdf
2026-05-26 10:24:07 | INFO     | __main__:extract_pendencias:231 - Texto extraído (4770 chars). Analisando pendências...
2026-05-26 10:24:07 | INFO     | __main__:extract_pendencias:210 - [56] Processando: K T - ENSINO FUNDAMENTAL LTDA. (07.008.842/0001-39)
2026-05-26 10:24:07 | INFO     | __main__:extract_pendencias:222 - PDF encontrado: https://storage.googleapis.com/storagescrapings.appspot.com/ecac/49586312000118/situacao-fiscal-2026-05-22-07008842000139-1013014632128614202.pdf
2026-05-26 10:24:07 | INFO     | __main__:extract_pendencias:231 - Texto extraído (11679 chars). Analisando pendências...
2026-05-26 10:24:07 | INFO     | __main__:extract_pendencias:210 - [57] Processando: KETPU COMERCIO DE ARTIGOS DO VESTUÁRIO LTDA (36.126.523/0001-26)
2026-05-26 10:24:07 | INFO     | __main__:extract_pendencias:222 - PDF encontrado: https://storage.googleapis.com/storagescrapings.appspot.com/ecac/49586312000118/situacao-fiscal-2026-05-22-36126523000126-8969801824812954504.pdf
2026-05-26 10:24:07 | INFO     | __main__:extract_pendencias:231 - Texto extraído (3579 chars). Analisando pendências...
2026-05-26 10:24:07 | INFO     | __main__:extract_pendencias:210 - [58] Processando: L F PATRIMONIAL EMPREENDIMENTOS LTDA (13.341.532/0001-34)
2026-05-26 10:24:07 | INFO     | __main__:extract_pendencias:222 - PDF encontrado: https://storage.googleapis.com/storagescrapings.appspot.com/ecac/49586312000118/situacao-fiscal-2026-05-22-13341532000134--1632044630628296058.pdf
2026-05-26 10:24:08 | INFO     | __main__:extract_pendencias:231 - Texto extraído (5150 chars). Analisando pendências...
2026-05-26 10:24:08 | INFO     | __main__:extract_pendencias:210 - [59] Processando: L. J. COMERCIO DE MATERIAIS DE CONSTRUCAO LTDA - EPP (01.937.682/0001-26)
2026-05-26 10:24:08 | INFO     | __main__:extract_pendencias:222 - PDF encontrado: https://storage.googleapis.com/storagescrapings.appspot.com/ecac/49586312000118/situacao-fiscal-2026-05-22-01937682000126-3563849092592932219.pdf
2026-05-26 10:24:08 | INFO     | __main__:extract_pendencias:231 - Texto extraído (3085 chars). Analisando pendências...
2026-05-26 10:24:08 | INFO     | __main__:extract_pendencias:210 - [60] Processando: LACERDA PATRIMONIAL LTDA. (06.314.992/0001-08)
2026-05-26 10:24:08 | INFO     | __main__:extract_pendencias:222 - PDF encontrado: https://storage.googleapis.com/storagescrapings.appspot.com/ecac/49586312000118/situacao-fiscal-2026-05-22-06314992000108-7299230711054345531.pdf
2026-05-26 10:24:08 | INFO     | __main__:extract_pendencias:231 - Texto extraído (11962 chars). Analisando pendências...
2026-05-26 10:24:08 | INFO     | __main__:extract_pendencias:210 - [61] Processando: LEGACY PARTICIPACOES S.A. (65.927.859/0001-96)
2026-05-26 10:24:08 | INFO     | __main__:extract_pendencias:222 - PDF encontrado: https://storage.googleapis.com/storagescrapings.appspot.com/ecac/49586312000118/situacao-fiscal-2026-05-22-65927859000196-5379245296633205052.pdf
2026-05-26 10:24:09 | INFO     | __main__:extract_pendencias:231 - Texto extraído (2878 chars). Analisando pendências...
2026-05-26 10:24:09 | INFO     | __main__:extract_pendencias:210 - [62] Processando: LILIAN DIAS RIGAUD DE JESUS LTDA (10.632.502/0001-99)
2026-05-26 10:24:09 | INFO     | __main__:extract_pendencias:222 - PDF encontrado: https://storage.googleapis.com/storagescrapings.appspot.com/ecac/49586312000118/situacao-fiscal-2026-05-22-10632502000199-6729247196853466319.pdf
2026-05-26 10:24:09 | INFO     | __main__:extract_pendencias:231 - Texto extraído (3950 chars). Analisando pendências...
2026-05-26 10:24:09 | INFO     | __main__:extract_pendencias:210 - [63] Processando: LITORAL BAHIA IMOBILIARIA LTDA (42.740.527/0001-00)
2026-05-26 10:24:09 | INFO     | __main__:extract_pendencias:222 - PDF encontrado: https://storage.googleapis.com/storagescrapings.appspot.com/ecac/49586312000118/situacao-fiscal-2026-05-22-42740527000100--4738851883600359575.pdf
2026-05-26 10:24:09 | INFO     | __main__:extract_pendencias:231 - Texto extraído (3239 chars). Analisando pendências...
2026-05-26 10:24:09 | INFO     | __main__:extract_pendencias:210 - [64] Processando: M P COMERCIO DE VARIEDADES, PRESENTES E MOVEIS LTDA (33.985.763/0001-98)
2026-05-26 10:24:09 | INFO     | __main__:extract_pendencias:222 - PDF encontrado: https://storage.googleapis.com/storagescrapings.appspot.com/ecac/49586312000118/situacao-fiscal-2026-05-22-33985763000198-5636903776677158115.pdf
2026-05-26 10:24:09 | INFO     | __main__:extract_pendencias:231 - Texto extraído (3981 chars). Analisando pendências...
2026-05-26 10:24:09 | INFO     | __main__:extract_pendencias:210 - [65] Processando: MACEDO COMERCIAL DE CALCADOS LTDA (04.074.648/0001-63)
2026-05-26 10:24:09 | INFO     | __main__:extract_pendencias:222 - PDF encontrado: https://storage.googleapis.com/storagescrapings.appspot.com/ecac/49586312000118/situacao-fiscal-2026-05-22-04074648000163--4964566962435043838.pdf
2026-05-26 10:24:10 | INFO     | __main__:extract_pendencias:231 - Texto extraído (22463 chars). Analisando pendências...
2026-05-26 10:24:10 | INFO     | __main__:extract_pendencias:210 - [66] Processando: MACEDO COMERCIAL DE CALCADOS LTDA (04.074.648/0002-44)
2026-05-26 10:24:10 | INFO     | __main__:extract_pendencias:222 - PDF encontrado: https://storage.googleapis.com/storagescrapings.appspot.com/ecac/49586312000118/situacao-fiscal-2026-05-22-04074648000244-4848468945886498985.pdf
2026-05-26 10:24:11 | INFO     | __main__:extract_pendencias:231 - Texto extraído (22931 chars). Analisando pendências...
2026-05-26 10:24:11 | INFO     | __main__:extract_pendencias:210 - [67] Processando: MACEDO COMERCIAL DE CALCADOS LTDA (04.074.648/0003-25)
2026-05-26 10:24:11 | INFO     | __main__:extract_pendencias:222 - PDF encontrado: https://storage.googleapis.com/storagescrapings.appspot.com/ecac/49586312000118/situacao-fiscal-2026-05-22-04074648000325--2235402504220538675.pdf
2026-05-26 10:24:12 | INFO     | __main__:extract_pendencias:231 - Texto extraído (22888 chars). Analisando pendências...
2026-05-26 10:24:12 | INFO     | __main__:extract_pendencias:210 - [68] Processando: MACEDO COMERCIAL DE CALCADOS LTDA (04.074.648/0004-06)
2026-05-26 10:24:12 | INFO     | __main__:extract_pendencias:222 - PDF encontrado: https://storage.googleapis.com/storagescrapings.appspot.com/ecac/49586312000118/situacao-fiscal-2026-05-22-04074648000406-8211826430722607372.pdf
2026-05-26 10:24:13 | INFO     | __main__:extract_pendencias:231 - Texto extraído (22923 chars). Analisando pendências...
2026-05-26 10:24:13 | INFO     | __main__:extract_pendencias:210 - [69] Processando: MALU EMPREENDIMENTOS E PARTICIPACOES LTDA (08.545.897/0001-40)
2026-05-26 10:24:13 | INFO     | __main__:extract_pendencias:222 - PDF encontrado: https://storage.googleapis.com/storagescrapings.appspot.com/ecac/49586312000118/situacao-fiscal-2026-05-22-08545897000140--4423606332664825874.pdf
2026-05-26 10:24:13 | INFO     | __main__:extract_pendencias:231 - Texto extraído (4156 chars). Analisando pendências...
2026-05-26 10:24:13 | WARNING  | __main__:extract_pendencias:235 - SiefParser sem pendências. Primeiros 200 chars: MINISTÉRIO DA ECONOMIA Por meio do Integra Contador
SECRETARIA ESPECIAL DA RECEITA FEDERAL DO BRASIL Autor pedido: 49.586.312/0001-18. Contratante: 28.408.293/0001-60
PROCURADORIA-GERAL DA FAZENDA NAC
2026-05-26 10:24:13 | INFO     | __main__:extract_pendencias:210 - [70] Processando: MAPLE REVESTIMENTO LTDA (62.328.532/0001-00)
2026-05-26 10:24:13 | INFO     | __main__:extract_pendencias:222 - PDF encontrado: https://storage.googleapis.com/storagescrapings.appspot.com/ecac/49586312000118/situacao-fiscal-2026-05-22-62328532000100-3420295682666405555.pdf
2026-05-26 10:24:13 | INFO     | __main__:extract_pendencias:231 - Texto extraído (2278 chars). Analisando pendências...
2026-05-26 10:24:13 | INFO     | __main__:extract_pendencias:210 - [71] Processando: MASSA ALIMENTAÇÃO E SERVIÇOS S/A (09.033.381/0001-80)
2026-05-26 10:24:13 | INFO     | __main__:extract_pendencias:222 - PDF encontrado: https://storage.googleapis.com/storagescrapings.appspot.com/ecac/49586312000118/situacao-fiscal-2026-05-22-09033381000180--2191779148223486345.pdf
2026-05-26 10:24:15 | INFO     | __main__:extract_pendencias:231 - Texto extraído (34346 chars). Analisando pendências...
2026-05-26 10:24:15 | INFO     | __main__:extract_pendencias:210 - [72] Processando: MASSA ALIMENTAÇÃO E SERVIÇOS S/A (09.033.381/0014-02)
2026-05-26 10:24:15 | INFO     | __main__:extract_pendencias:222 - PDF encontrado: https://storage.googleapis.com/storagescrapings.appspot.com/ecac/49586312000118/situacao-fiscal-2026-05-22-09033381001402-1306466645565604250.pdf
2026-05-26 10:24:17 | INFO     | __main__:extract_pendencias:231 - Texto extraído (35156 chars). Analisando pendências...
2026-05-26 10:24:17 | INFO     | __main__:extract_pendencias:210 - [73] Processando: MASSA ALIMENTAÇÃO E SERVIÇOS S/A (09.033.381/0005-03)
2026-05-26 10:24:17 | INFO     | __main__:extract_pendencias:222 - PDF encontrado: https://storage.googleapis.com/storagescrapings.appspot.com/ecac/49586312000118/situacao-fiscal-2026-05-22-09033381000503-3046521122165435833.pdf
2026-05-26 10:24:19 | INFO     | __main__:extract_pendencias:231 - Texto extraído (35108 chars). Analisando pendências...
2026-05-26 10:24:19 | INFO     | __main__:extract_pendencias:210 - [74] Processando: MAX CALCADOS DA BAHIA LTDA. (22.331.256/0001-14)
2026-05-26 10:24:19 | INFO     | __main__:extract_pendencias:222 - PDF encontrado: https://storage.googleapis.com/storagescrapings.appspot.com/ecac/49586312000118/situacao-fiscal-2026-05-22-22331256000114-5180059595250383582.pdf
2026-05-26 10:24:21 | INFO     | __main__:extract_pendencias:231 - Texto extraído (35951 chars). Analisando pendências...
2026-05-26 10:24:21 | INFO     | __main__:extract_pendencias:210 - [75] Processando: MENERI TRANSPORTE, LOGISTICA E PARTICIPACOES LTDA (15.571.070/0001-77)
2026-05-26 10:24:21 | INFO     | __main__:extract_pendencias:222 - PDF encontrado: https://storage.googleapis.com/storagescrapings.appspot.com/ecac/49586312000118/situacao-fiscal-2026-05-22-15571070000177-5440732694518287215.pdf
2026-05-26 10:24:21 | INFO     | __main__:extract_pendencias:231 - Texto extraído (3336 chars). Analisando pendências...
2026-05-26 10:24:21 | INFO     | __main__:extract_pendencias:179 - Processando página 4...
2026-05-26 10:24:21 | INFO     | __main__:extract_pendencias:186 - Encontradas 19 empresas com Pendência na página 4
2026-05-26 10:24:21 | INFO     | __main__:extract_pendencias:210 - [76] Processando: MINIMERCADO SANTO ANTONIO DE JESUS LTDA (63.801.749/0001-58)
2026-05-26 10:24:21 | INFO     | __main__:extract_pendencias:222 - PDF encontrado: https://storage.googleapis.com/storagescrapings.appspot.com/ecac/49586312000118/situacao-fiscal-2026-05-22-63801749000158--7787200607163365166.pdf
2026-05-26 10:24:22 | INFO     | __main__:extract_pendencias:231 - Texto extraído (2795 chars). Analisando pendências...
2026-05-26 10:24:22 | WARNING  | __main__:extract_pendencias:235 - SiefParser sem pendências. Primeiros 200 chars: MINISTÉRIO DA ECONOMIA Por meio do Integra Contador
SECRETARIA ESPECIAL DA RECEITA FEDERAL DO BRASIL Autor pedido: 49.586.312/0001-18. Contratante: 28.408.293/0001-60
PROCURADORIA-GERAL DA FAZENDA NAC
2026-05-26 10:24:22 | INFO     | __main__:extract_pendencias:210 - [77] Processando: MIRANDA E ROCHA LIMA LTDA (13.959.382/0001-27)
2026-05-26 10:24:22 | INFO     | __main__:extract_pendencias:222 - PDF encontrado: https://storage.googleapis.com/storagescrapings.appspot.com/ecac/49586312000118/situacao-fiscal-2026-05-22-13959382000127--1201586596599035188.pdf
2026-05-26 10:24:22 | INFO     | __main__:extract_pendencias:231 - Texto extraído (3288 chars). Analisando pendências...
2026-05-26 10:24:22 | INFO     | __main__:extract_pendencias:210 - [78] Processando: MONUMENTAL DO BRASIL LTDA. (18.783.002/0001-60)
2026-05-26 10:24:22 | INFO     | __main__:extract_pendencias:222 - PDF encontrado: https://storage.googleapis.com/storagescrapings.appspot.com/ecac/49586312000118/situacao-fiscal-2026-05-22-18783002000160--7202305690879396784.pdf
2026-05-26 10:24:23 | INFO     | __main__:extract_pendencias:231 - Texto extraído (2896 chars). Analisando pendências...
2026-05-26 10:24:23 | INFO     | __main__:extract_pendencias:210 - [79] Processando: NACIONAL PARTICIPACOES S. A (24.605.630/0001-58)
2026-05-26 10:24:23 | INFO     | __main__:extract_pendencias:222 - PDF encontrado: https://storage.googleapis.com/storagescrapings.appspot.com/ecac/49586312000118/situacao-fiscal-2026-05-22-24605630000158-313722210833487138.pdf
2026-05-26 10:24:23 | INFO     | __main__:extract_pendencias:231 - Texto extraído (2231 chars). Analisando pendências...
2026-05-26 10:24:23 | WARNING  | __main__:extract_pendencias:235 - SiefParser sem pendências. Primeiros 200 chars: MINISTÉRIO DA ECONOMIA Por meio do Integra Contador
SECRETARIA ESPECIAL DA RECEITA FEDERAL DO BRASIL Autor pedido: 49.586.312/0001-18. Contratante: 28.408.293/0001-60
PROCURADORIA-GERAL DA FAZENDA NAC
2026-05-26 10:24:23 | INFO     | __main__:extract_pendencias:210 - [80] Processando: NATSU - RESTAURANTE LTDA (07.716.237/0001-12)
2026-05-26 10:24:23 | INFO     | __main__:extract_pendencias:222 - PDF encontrado: https://storage.googleapis.com/storagescrapings.appspot.com/ecac/49586312000118/situacao-fiscal-2026-05-22-07716237000112--6583583113899634792.pdf
2026-05-26 10:24:24 | INFO     | __main__:extract_pendencias:231 - Texto extraído (4057 chars). Analisando pendências...
2026-05-26 10:24:24 | INFO     | __main__:extract_pendencias:210 - [81] Processando: NORSAN CONSULTORIA EM GESTAO EMPRESARIAL LTDA (40.626.350/0001-82)
2026-05-26 10:24:24 | INFO     | __main__:extract_pendencias:222 - PDF encontrado: https://storage.googleapis.com/storagescrapings.appspot.com/ecac/49586312000118/situacao-fiscal-2026-05-22-40626350000182-1832237068987167618.pdf
2026-05-26 10:24:24 | INFO     | __main__:extract_pendencias:231 - Texto extraído (8235 chars). Analisando pendências...
2026-05-26 10:24:24 | INFO     | __main__:extract_pendencias:210 - [82] Processando: NOVE PATRIMONIAL LTDA (08.894.711/0001-69)
2026-05-26 10:24:24 | INFO     | __main__:extract_pendencias:222 - PDF encontrado: https://storage.googleapis.com/storagescrapings.appspot.com/ecac/49586312000118/situacao-fiscal-2026-05-22-08894711000169--4987779178114817972.pdf
2026-05-26 10:24:25 | INFO     | __main__:extract_pendencias:231 - Texto extraído (2979 chars). Analisando pendências...
2026-05-26 10:24:25 | WARNING  | __main__:extract_pendencias:235 - SiefParser sem pendências. Primeiros 200 chars: MINISTÉRIO DA ECONOMIA Por meio do Integra Contador
SECRETARIA ESPECIAL DA RECEITA FEDERAL DO BRASIL Autor pedido: 49.586.312/0001-18. Contratante: 28.408.293/0001-60
PROCURADORIA-GERAL DA FAZENDA NAC
2026-05-26 10:24:25 | INFO     | __main__:extract_pendencias:210 - [83] Processando: PARAISO EMPREENDIMENTOS LTDA (34.099.622/0001-30)
2026-05-26 10:24:25 | INFO     | __main__:extract_pendencias:222 - PDF encontrado: https://storage.googleapis.com/storagescrapings.appspot.com/ecac/49586312000118/situacao-fiscal-2026-05-23-34099622000130-8910383578935014134.pdf
2026-05-26 10:24:25 | INFO     | __main__:extract_pendencias:231 - Texto extraído (7440 chars). Analisando pendências...
2026-05-26 10:24:25 | WARNING  | __main__:extract_pendencias:235 - SiefParser sem pendências. Primeiros 200 chars: MINISTÉRIO DA ECONOMIA Por meio do Integra Contador
SECRETARIA ESPECIAL DA RECEITA FEDERAL DO BRASIL Autor pedido: 49.586.312/0001-18. Contratante: 28.408.293/0001-60
PROCURADORIA-GERAL DA FAZENDA NAC
2026-05-26 10:24:25 | INFO     | __main__:extract_pendencias:210 - [84] Processando: PATRIMONIAL COSTA CARNEIRO LTDA (05.416.834/0001-04)
2026-05-26 10:24:25 | INFO     | __main__:extract_pendencias:222 - PDF encontrado: https://storage.googleapis.com/storagescrapings.appspot.com/ecac/49586312000118/situacao-fiscal-2026-05-22-05416834000104-912696855932879513.pdf
2026-05-26 10:24:25 | INFO     | __main__:extract_pendencias:231 - Texto extraído (2313 chars). Analisando pendências...
2026-05-26 10:24:25 | INFO     | __main__:extract_pendencias:210 - [85] Processando: PATRIMONIAL SAO GONCALO LTDA. (07.224.478/0001-44)
2026-05-26 10:24:25 | INFO     | __main__:extract_pendencias:222 - PDF encontrado: https://storage.googleapis.com/storagescrapings.appspot.com/ecac/49586312000118/situacao-fiscal-2026-05-22-07224478000144--3572299426195832691.pdf
2026-05-26 10:24:26 | INFO     | __main__:extract_pendencias:231 - Texto extraído (3379 chars). Analisando pendências...
2026-05-26 10:24:26 | WARNING  | __main__:extract_pendencias:235 - SiefParser sem pendências. Primeiros 200 chars: MINISTÉRIO DA ECONOMIA Por meio do Integra Contador
SECRETARIA ESPECIAL DA RECEITA FEDERAL DO BRASIL Autor pedido: 49.586.312/0001-18. Contratante: 28.408.293/0001-60
PROCURADORIA-GERAL DA FAZENDA NAC
2026-05-26 10:24:26 | INFO     | __main__:extract_pendencias:210 - [86] Processando: PATROL CONSTRUCOES LTDA (01.086.932/0001-61)
2026-05-26 10:24:26 | INFO     | __main__:extract_pendencias:222 - PDF encontrado: https://storage.googleapis.com/storagescrapings.appspot.com/ecac/49586312000118/situacao-fiscal-2026-05-22-01086932000161-904756010774913099.pdf
2026-05-26 10:24:27 | INFO     | __main__:extract_pendencias:231 - Texto extraído (21830 chars). Analisando pendências...
2026-05-26 10:24:27 | WARNING  | __main__:extract_pendencias:235 - SiefParser sem pendências. Primeiros 200 chars: MINISTÉRIO DA ECONOMIA Por meio do Integra Contador
SECRETARIA ESPECIAL DA RECEITA FEDERAL DO BRASIL Autor pedido: 49.586.312/0001-18. Contratante: 28.408.293/0001-60
PROCURADORIA-GERAL DA FAZENDA NAC
2026-05-26 10:24:27 | INFO     | __main__:extract_pendencias:210 - [87] Processando: PDK ADMINISTRADORA DE BENS LTDA (08.000.034/0001-98)
2026-05-26 10:24:27 | INFO     | __main__:extract_pendencias:222 - PDF encontrado: https://storage.googleapis.com/storagescrapings.appspot.com/ecac/49586312000118/situacao-fiscal-2026-05-22-08000034000198--1037049265250422595.pdf
2026-05-26 10:24:28 | INFO     | __main__:extract_pendencias:231 - Texto extraído (3324 chars). Analisando pendências...
2026-05-26 10:24:28 | INFO     | __main__:extract_pendencias:210 - [88] Processando: PH GESTAO E CONSULTORIA S.A. (25.311.856/0001-09)
2026-05-26 10:24:28 | INFO     | __main__:extract_pendencias:222 - PDF encontrado: https://storage.googleapis.com/storagescrapings.appspot.com/ecac/49586312000118/situacao-fiscal-2026-05-22-25311856000109-5458860131796884153.pdf
2026-05-26 10:24:28 | INFO     | __main__:extract_pendencias:231 - Texto extraído (4319 chars). Analisando pendências...
2026-05-26 10:24:28 | INFO     | __main__:extract_pendencias:210 - [89] Processando: PML REVESTIMENTOS LTDA (40.010.011/0001-77)
2026-05-26 10:24:28 | INFO     | __main__:extract_pendencias:222 - PDF encontrado: https://storage.googleapis.com/storagescrapings.appspot.com/ecac/49586312000118/situacao-fiscal-2026-05-22-40010011000177--4016902240796494606.pdf
2026-05-26 10:24:29 | INFO     | __main__:extract_pendencias:231 - Texto extraído (12659 chars). Analisando pendências...
2026-05-26 10:24:29 | INFO     | __main__:extract_pendencias:210 - [90] Processando: PML REVESTIMENTOS LTDA (40.010.011/0002-58)
2026-05-26 10:24:29 | INFO     | __main__:extract_pendencias:222 - PDF encontrado: https://storage.googleapis.com/storagescrapings.appspot.com/ecac/49586312000118/situacao-fiscal-2026-05-22-40010011000258--2473432709843701249.pdf
2026-05-26 10:24:30 | INFO     | __main__:extract_pendencias:231 - Texto extraído (13105 chars). Analisando pendências...
2026-05-26 10:24:30 | INFO     | __main__:extract_pendencias:210 - [91] Processando: PRIME ALUGUEL DE MAQUINAS LTDA (12.620.821/0001-00)
2026-05-26 10:24:30 | INFO     | __main__:extract_pendencias:222 - PDF encontrado: https://storage.googleapis.com/storagescrapings.appspot.com/ecac/49586312000118/situacao-fiscal-2026-05-22-12620821000100-8013498016908354665.pdf
2026-05-26 10:24:30 | INFO     | __main__:extract_pendencias:231 - Texto extraído (3540 chars). Analisando pendências...
2026-05-26 10:24:30 | INFO     | __main__:extract_pendencias:210 - [92] Processando: QUANTICO MOLDAVITA LTDA (37.250.815/0001-39)
2026-05-26 10:24:30 | INFO     | __main__:extract_pendencias:222 - PDF encontrado: https://storage.googleapis.com/storagescrapings.appspot.com/ecac/49586312000118/situacao-fiscal-2026-05-22-37250815000139-8332908714108655396.pdf
2026-05-26 10:24:31 | INFO     | __main__:extract_pendencias:231 - Texto extraído (2771 chars). Analisando pendências...
2026-05-26 10:24:31 | INFO     | __main__:extract_pendencias:210 - [93] Processando: RC COMERCIO DE ALIMENTOS LTDA (31.495.226/0001-34)
2026-05-26 10:24:31 | INFO     | __main__:extract_pendencias:222 - PDF encontrado: https://storage.googleapis.com/storagescrapings.appspot.com/ecac/49586312000118/situacao-fiscal-2026-05-22-31495226000134--2158593923454933763.pdf
2026-05-26 10:24:31 | INFO     | __main__:extract_pendencias:231 - Texto extraído (9545 chars). Analisando pendências...
2026-05-26 10:24:31 | INFO     | __main__:extract_pendencias:210 - [94] Processando: REINA PIANO LTDA (52.029.265/0001-16)
2026-05-26 10:24:31 | INFO     | __main__:extract_pendencias:222 - PDF encontrado: https://storage.googleapis.com/storagescrapings.appspot.com/ecac/49586312000118/situacao-fiscal-2026-05-22-52029265000116-3622528373260720088.pdf
2026-05-26 10:24:32 | INFO     | __main__:extract_pendencias:231 - Texto extraído (3431 chars). Analisando pendências...
2026-05-26 10:24:32 | INFO     | __main__:extract_pendencias:179 - Processando página 5...
2026-05-26 10:24:32 | INFO     | __main__:extract_pendencias:186 - Encontradas 21 empresas com Pendência na página 5
2026-05-26 10:24:32 | INFO     | __main__:extract_pendencias:210 - [95] Processando: ROBERTA COSTA CARDOSO (34.243.775/0001-00)
2026-05-26 10:24:32 | INFO     | __main__:extract_pendencias:222 - PDF encontrado: https://storage.googleapis.com/storagescrapings.appspot.com/ecac/49586312000118/situacao-fiscal-2026-05-22-34243775000100-6693783164322601322.pdf
2026-05-26 10:24:33 | INFO     | __main__:extract_pendencias:231 - Texto extraído (3719 chars). Analisando pendências...
2026-05-26 10:24:33 | INFO     | __main__:extract_pendencias:210 - [96] Processando: ROSEMERY ALMEIDA MACÊDO (04.689.608/0001-26)
2026-05-26 10:24:33 | INFO     | __main__:extract_pendencias:222 - PDF encontrado: https://storage.googleapis.com/storagescrapings.appspot.com/ecac/49586312000118/situacao-fiscal-2026-05-22-04689608000126--3318733773744715350.pdf
2026-05-26 10:24:35 | INFO     | __main__:extract_pendencias:231 - Texto extraído (42684 chars). Analisando pendências...
2026-05-26 10:24:35 | INFO     | __main__:extract_pendencias:210 - [97] Processando: ROSEMERY ALMEIDA MACÊDO (04.689.608/0002-07)
2026-05-26 10:24:35 | INFO     | __main__:extract_pendencias:222 - PDF encontrado: https://storage.googleapis.com/storagescrapings.appspot.com/ecac/49586312000118/situacao-fiscal-2026-05-22-04689608000207--5390847777689225337.pdf
2026-05-26 10:24:37 | INFO     | __main__:extract_pendencias:231 - Texto extraído (43089 chars). Analisando pendências...
2026-05-26 10:24:37 | INFO     | __main__:extract_pendencias:210 - [98] Processando: ROSEMERY ALMEIDA MACÊDO (04.689.608/0003-98)
2026-05-26 10:24:37 | INFO     | __main__:extract_pendencias:222 - PDF encontrado: https://storage.googleapis.com/storagescrapings.appspot.com/ecac/49586312000118/situacao-fiscal-2026-05-22-04689608000398-1690886399591407781.pdf
2026-05-26 10:24:39 | INFO     | __main__:extract_pendencias:231 - Texto extraído (43077 chars). Analisando pendências...
2026-05-26 10:24:39 | INFO     | __main__:extract_pendencias:210 - [99] Processando: S A 4 MARKETING EMPRESARIAL LTDA. (09.199.339/0001-33)
2026-05-26 10:24:39 | INFO     | __main__:extract_pendencias:222 - PDF encontrado: https://storage.googleapis.com/storagescrapings.appspot.com/ecac/49586312000118/situacao-fiscal-2026-05-22-09199339000133--5866562517804633017.pdf
2026-05-26 10:24:39 | INFO     | __main__:extract_pendencias:231 - Texto extraído (2732 chars). Analisando pendências...
2026-05-26 10:24:39 | INFO     | __main__:extract_pendencias:210 - [100] Processando: SAMP ADMINISTRACAO LTDA (33.903.444/0001-96)
2026-05-26 10:24:39 | INFO     | __main__:extract_pendencias:222 - PDF encontrado: https://storage.googleapis.com/storagescrapings.appspot.com/ecac/49586312000118/situacao-fiscal-2026-05-22-33903444000196-1184261957004602566.pdf
2026-05-26 10:24:40 | INFO     | __main__:extract_pendencias:231 - Texto extraído (3183 chars). Analisando pendências...
2026-05-26 10:24:40 | WARNING  | __main__:extract_pendencias:255 - Lote de 50 atingido. Reiniciando sessão...
2026-05-26 10:24:40 | INFO     | __main__:extract_pendencias:139 - --- INICIANDO SESSÃO (Batch 3, Página 5) ---
2026-05-26 10:24:41 | INFO     | __main__:_login:22 - Navegando para o login em https://49586312000118.veri.com.br//login
2026-05-26 10:24:42 | INFO     | __main__:_login:25 - Inserindo credenciais...
2026-05-26 10:24:43 | INFO     | __main__:_login:35 - Aguardando redirecionamento pós-login...
2026-05-26 10:24:45 | SUCCESS  | __main__:_login:50 - Logado com sucesso.
2026-05-26 10:24:46 | INFO     | __main__:extract_pendencias:166 - Navegando para lista geral (Resumo na pág 5)...
2026-05-26 10:24:47 | INFO     | __main__:extract_pendencias:172 - Avançando para página 2 para retomar...
2026-05-26 10:24:48 | INFO     | __main__:extract_pendencias:172 - Avançando para página 3 para retomar...
2026-05-26 10:24:49 | INFO     | __main__:extract_pendencias:172 - Avançando para página 4 para retomar...
2026-05-26 10:24:51 | INFO     | __main__:extract_pendencias:172 - Avançando para página 5 para retomar...
2026-05-26 10:24:52 | INFO     | __main__:extract_pendencias:179 - Processando página 5...
2026-05-26 10:24:52 | INFO     | __main__:extract_pendencias:186 - Encontradas 21 empresas com Pendência na página 5
2026-05-26 10:24:52 | INFO     | __main__:extract_pendencias:210 - [101] Processando: ROBERTA COSTA CARDOSO (34.243.775/0001-00)
2026-05-26 10:24:52 | INFO     | __main__:extract_pendencias:222 - PDF encontrado: https://storage.googleapis.com/storagescrapings.appspot.com/ecac/49586312000118/situacao-fiscal-2026-05-22-34243775000100-6693783164322601322.pdf
2026-05-26 10:24:52 | INFO     | __main__:extract_pendencias:231 - Texto extraído (3719 chars). Analisando pendências...
2026-05-26 10:24:52 | INFO     | __main__:extract_pendencias:210 - [102] Processando: ROSEMERY ALMEIDA MACÊDO (04.689.608/0001-26)
2026-05-26 10:24:52 | INFO     | __main__:extract_pendencias:222 - PDF encontrado: https://storage.googleapis.com/storagescrapings.appspot.com/ecac/49586312000118/situacao-fiscal-2026-05-22-04689608000126--3318733773744715350.pdf
2026-05-26 10:24:54 | INFO     | __main__:extract_pendencias:231 - Texto extraído (42684 chars). Analisando pendências...
2026-05-26 10:24:54 | INFO     | __main__:extract_pendencias:210 - [103] Processando: ROSEMERY ALMEIDA MACÊDO (04.689.608/0002-07)
2026-05-26 10:24:54 | INFO     | __main__:extract_pendencias:222 - PDF encontrado: https://storage.googleapis.com/storagescrapings.appspot.com/ecac/49586312000118/situacao-fiscal-2026-05-22-04689608000207--5390847777689225337.pdf
2026-05-26 10:24:55 | INFO     | __main__:extract_pendencias:231 - Texto extraído (43089 chars). Analisando pendências...
2026-05-26 10:24:55 | INFO     | __main__:extract_pendencias:210 - [104] Processando: ROSEMERY ALMEIDA MACÊDO (04.689.608/0003-98)
2026-05-26 10:24:55 | INFO     | __main__:extract_pendencias:222 - PDF encontrado: https://storage.googleapis.com/storagescrapings.appspot.com/ecac/49586312000118/situacao-fiscal-2026-05-22-04689608000398-1690886399591407781.pdf
2026-05-26 10:24:57 | INFO     | __main__:extract_pendencias:231 - Texto extraído (43077 chars). Analisando pendências...
2026-05-26 10:24:57 | INFO     | __main__:extract_pendencias:210 - [105] Processando: S A 4 MARKETING EMPRESARIAL LTDA. (09.199.339/0001-33)
2026-05-26 10:24:57 | INFO     | __main__:extract_pendencias:222 - PDF encontrado: https://storage.googleapis.com/storagescrapings.appspot.com/ecac/49586312000118/situacao-fiscal-2026-05-22-09199339000133--5866562517804633017.pdf
2026-05-26 10:24:57 | INFO     | __main__:extract_pendencias:231 - Texto extraído (2732 chars). Analisando pendências...
2026-05-26 10:24:57 | INFO     | __main__:extract_pendencias:210 - [106] Processando: SAMP ADMINISTRACAO LTDA (33.903.444/0001-96)
2026-05-26 10:24:57 | INFO     | __main__:extract_pendencias:222 - PDF encontrado: https://storage.googleapis.com/storagescrapings.appspot.com/ecac/49586312000118/situacao-fiscal-2026-05-22-33903444000196-1184261957004602566.pdf
2026-05-26 10:24:57 | INFO     | __main__:extract_pendencias:231 - Texto extraído (3183 chars). Analisando pendências...
2026-05-26 10:24:57 | INFO     | __main__:extract_pendencias:210 - [107] Processando: SAO PEDRO CONSTRUTORA LTDA (03.051.741/0001-90)
2026-05-26 10:24:57 | INFO     | __main__:extract_pendencias:222 - PDF encontrado: https://storage.googleapis.com/storagescrapings.appspot.com/ecac/49586312000118/situacao-fiscal-2026-05-22-03051741000190--1552508426289189129.pdf
2026-05-26 10:24:58 | INFO     | __main__:extract_pendencias:231 - Texto extraído (3008 chars). Analisando pendências...
2026-05-26 10:24:58 | INFO     | __main__:extract_pendencias:210 - [108] Processando: SARAVIMANA PATRIMONIAL LTDA. (04.904.636/0001-19)
2026-05-26 10:24:58 | INFO     | __main__:extract_pendencias:222 - PDF encontrado: https://storage.googleapis.com/storagescrapings.appspot.com/ecac/49586312000118/situacao-fiscal-2026-05-22-04904636000119--2720819135574662310.pdf
2026-05-26 10:24:58 | INFO     | __main__:extract_pendencias:231 - Texto extraído (3464 chars). Analisando pendências...
2026-05-26 10:24:58 | INFO     | __main__:extract_pendencias:210 - [109] Processando: SERRA DA ESTRELA PATRIMONIAL S/A. (04.091.558/0001-80)
2026-05-26 10:24:58 | INFO     | __main__:extract_pendencias:222 - PDF encontrado: https://storage.googleapis.com/storagescrapings.appspot.com/ecac/49586312000118/situacao-fiscal-2026-05-22-04091558000180--8354878563274342211.pdf
2026-05-26 10:24:59 | INFO     | __main__:extract_pendencias:231 - Texto extraído (2838 chars). Analisando pendências...
2026-05-26 10:24:59 | INFO     | __main__:extract_pendencias:210 - [110] Processando: SERRA NEGRA PARTICIPACOES LTDA (15.332.740/0001-00)
2026-05-26 10:24:59 | INFO     | __main__:extract_pendencias:222 - PDF encontrado: https://storage.googleapis.com/storagescrapings.appspot.com/ecac/49586312000118/situacao-fiscal-2026-05-22-15332740000100-6577258405291245537.pdf
2026-05-26 10:24:59 | INFO     | __main__:extract_pendencias:231 - Texto extraído (3534 chars). Analisando pendências...
2026-05-26 10:24:59 | INFO     | __main__:extract_pendencias:210 - [111] Processando: SERVIR SEGURANCA E VIGILANCIA LTDA (02.642.837/0001-60)
2026-05-26 10:24:59 | INFO     | __main__:extract_pendencias:222 - PDF encontrado: https://storage.googleapis.com/storagescrapings.appspot.com/ecac/49586312000118/situacao-fiscal-2026-05-22-02642837000160-4504848898131319948.pdf
2026-05-26 10:25:00 | INFO     | __main__:extract_pendencias:231 - Texto extraído (7469 chars). Analisando pendências...
2026-05-26 10:25:00 | INFO     | __main__:extract_pendencias:210 - [112] Processando: SINDICATO DOS DELEGADOS DE POLICIA DO ESTADO DA BAHIA - ADPEB/SINDICATO (73.393.696/0001-37)
2026-05-26 10:25:00 | INFO     | __main__:extract_pendencias:222 - PDF encontrado: https://storage.googleapis.com/storagescrapings.appspot.com/ecac/49586312000118/situacao-fiscal-2026-05-22-73393696000137--2542308050416388778.pdf
2026-05-26 10:25:00 | INFO     | __main__:extract_pendencias:231 - Texto extraído (3186 chars). Analisando pendências...
2026-05-26 10:25:00 | INFO     | __main__:extract_pendencias:210 - [113] Processando: STAUMMAQ SERVICOS TECNICOS AUTOMACAO MOTORES E MAQUINAS LTDA (02.370.080/0001-00)
2026-05-26 10:25:00 | INFO     | __main__:extract_pendencias:222 - PDF encontrado: https://storage.googleapis.com/storagescrapings.appspot.com/ecac/49586312000118/situacao-fiscal-2026-05-22-02370080000100--5765333278036069936.pdf
2026-05-26 10:25:01 | INFO     | __main__:extract_pendencias:231 - Texto extraído (12382 chars). Analisando pendências...
2026-05-26 10:25:01 | INFO     | __main__:extract_pendencias:210 - [114] Processando: STELU PATRIMONIAL LIMITADA (11.501.054/0001-57)
2026-05-26 10:25:01 | INFO     | __main__:extract_pendencias:222 - PDF encontrado: https://storage.googleapis.com/storagescrapings.appspot.com/ecac/49586312000118/situacao-fiscal-2026-05-22-11501054000157--1129733188019499627.pdf
2026-05-26 10:25:02 | INFO     | __main__:extract_pendencias:231 - Texto extraído (3403 chars). Analisando pendências...
2026-05-26 10:25:02 | INFO     | __main__:extract_pendencias:210 - [115] Processando: STK - ENSINO MEDIO LTDA. (07.007.823/0001-98)
2026-05-26 10:25:02 | INFO     | __main__:extract_pendencias:222 - PDF encontrado: https://storage.googleapis.com/storagescrapings.appspot.com/ecac/49586312000118/situacao-fiscal-2026-05-22-07007823000198-8760018206491053929.pdf
2026-05-26 10:25:03 | INFO     | __main__:extract_pendencias:231 - Texto extraído (7872 chars). Analisando pendências...
2026-05-26 10:25:03 | INFO     | __main__:extract_pendencias:210 - [116] Processando: TAMP - ENSINO FUNDAMENTAL LTDA. (04.607.541/0001-33)
2026-05-26 10:25:03 | INFO     | __main__:extract_pendencias:222 - PDF encontrado: https://storage.googleapis.com/storagescrapings.appspot.com/ecac/49586312000118/situacao-fiscal-2026-05-22-04607541000133-7515511694688024766.pdf
2026-05-26 10:25:04 | INFO     | __main__:extract_pendencias:231 - Texto extraído (19990 chars). Analisando pendências...
2026-05-26 10:25:04 | INFO     | __main__:extract_pendencias:210 - [117] Processando: TECMARQUES ASSOCIADOS LTDA (48.772.387/0001-20)
2026-05-26 10:25:04 | INFO     | __main__:extract_pendencias:222 - PDF encontrado: https://storage.googleapis.com/storagescrapings.appspot.com/ecac/49586312000118/situacao-fiscal-2026-05-22-48772387000120--1619794619520664963.pdf
2026-05-26 10:25:04 | INFO     | __main__:extract_pendencias:231 - Texto extraído (3722 chars). Analisando pendências...
2026-05-26 10:25:04 | INFO     | __main__:extract_pendencias:210 - [118] Processando: TEMIS PROJETOS DE MEIO AMBIENTE E SUSTENTABILIDADE LTDA (07.345.543/0001-90)
2026-05-26 10:25:04 | INFO     | __main__:extract_pendencias:222 - PDF encontrado: https://storage.googleapis.com/storagescrapings.appspot.com/ecac/49586312000118/situacao-fiscal-2026-05-22-07345543000190-2185065690376802309.pdf
2026-05-26 10:25:05 | INFO     | __main__:extract_pendencias:231 - Texto extraído (2872 chars). Analisando pendências...
2026-05-26 10:25:05 | WARNING  | __main__:extract_pendencias:235 - SiefParser sem pendências. Primeiros 200 chars: MINISTÉRIO DA ECONOMIA Por meio do Integra Contador
SECRETARIA ESPECIAL DA RECEITA FEDERAL DO BRASIL Autor pedido: 49.586.312/0001-18. Contratante: 28.408.293/0001-60
PROCURADORIA-GERAL DA FAZENDA NAC
2026-05-26 10:25:05 | INFO     | __main__:extract_pendencias:210 - [119] Processando: TEPUK COMÉRCIO DE ARTIGOS DO VESTUARIO LTDA (26.219.076/0001-04)
2026-05-26 10:25:05 | INFO     | __main__:extract_pendencias:222 - PDF encontrado: https://storage.googleapis.com/storagescrapings.appspot.com/ecac/49586312000118/situacao-fiscal-2026-05-22-26219076000104--7757151283428987037.pdf
2026-05-26 10:25:05 | INFO     | __main__:extract_pendencias:231 - Texto extraído (3256 chars). Analisando pendências...
2026-05-26 10:25:05 | INFO     | __main__:extract_pendencias:210 - [120] Processando: TOK UNIFORMES COMERCIO DE CONFECCOES LTDA (25.190.228/0001-12)
2026-05-26 10:25:05 | INFO     | __main__:extract_pendencias:222 - PDF encontrado: https://storage.googleapis.com/storagescrapings.appspot.com/ecac/49586312000118/situacao-fiscal-2026-05-22-25190228000112--6471713443181339143.pdf
2026-05-26 10:25:06 | INFO     | __main__:extract_pendencias:231 - Texto extraído (2906 chars). Analisando pendências...
2026-05-26 10:25:06 | INFO     | __main__:extract_pendencias:210 - [121] Processando: TR GESTAO E SERVICOS LTDA (35.840.382/0001-46)
2026-05-26 10:25:06 | INFO     | __main__:extract_pendencias:222 - PDF encontrado: https://storage.googleapis.com/storagescrapings.appspot.com/ecac/49586312000118/situacao-fiscal-2026-05-22-35840382000146-1642186205862359530.pdf
2026-05-26 10:25:06 | INFO     | __main__:extract_pendencias:231 - Texto extraído (2784 chars). Analisando pendências...
2026-05-26 10:25:07 | INFO     | __main__:extract_pendencias:179 - Processando página 6...
2026-05-26 10:25:07 | INFO     | __main__:extract_pendencias:186 - Encontradas 4 empresas com Pendência na página 6
2026-05-26 10:25:07 | INFO     | __main__:extract_pendencias:210 - [122] Processando: VERTEX SOLUTION EM SERVICOS LTDA (58.269.983/0001-46)
2026-05-26 10:25:07 | INFO     | __main__:extract_pendencias:222 - PDF encontrado: https://storage.googleapis.com/storagescrapings.appspot.com/ecac/49586312000118/situacao-fiscal-2026-05-22-58269983000146-8220427998895548328.pdf
2026-05-26 10:25:07 | INFO     | __main__:extract_pendencias:231 - Texto extraído (2848 chars). Analisando pendências...
2026-05-26 10:25:07 | INFO     | __main__:extract_pendencias:210 - [123] Processando: VITRINE DA CERVEJA LTDA (18.490.365/0001-07)
2026-05-26 10:25:07 | INFO     | __main__:extract_pendencias:222 - PDF encontrado: https://storage.googleapis.com/storagescrapings.appspot.com/ecac/49586312000118/situacao-fiscal-2026-05-22-18490365000107-2755675413332243946.pdf
2026-05-26 10:25:09 | INFO     | __main__:extract_pendencias:231 - Texto extraído (31489 chars). Analisando pendências...
2026-05-26 10:25:09 | INFO     | __main__:extract_pendencias:210 - [124] Processando: VOLTA DO RIO PATRIMONIAL S/A. (04.771.186/0001-33)
2026-05-26 10:25:09 | INFO     | __main__:extract_pendencias:222 - PDF encontrado: https://storage.googleapis.com/storagescrapings.appspot.com/ecac/49586312000118/situacao-fiscal-2026-05-22-04771186000133--6576596395908469110.pdf
2026-05-26 10:25:10 | INFO     | __main__:extract_pendencias:231 - Texto extraído (7672 chars). Analisando pendências...
2026-05-26 10:25:10 | WARNING  | __main__:extract_pendencias:235 - SiefParser sem pendências. Primeiros 200 chars: MINISTÉRIO DA ECONOMIA Por meio do Integra Contador
SECRETARIA ESPECIAL DA RECEITA FEDERAL DO BRASIL Autor pedido: 49.586.312/0001-18. Contratante: 28.408.293/0001-60
PROCURADORIA-GERAL DA FAZENDA NAC
2026-05-26 10:25:10 | INFO     | __main__:extract_pendencias:210 - [125] Processando: WAR PATRIMONIAL LTDA (05.220.129/0001-29)
2026-05-26 10:25:10 | INFO     | __main__:extract_pendencias:222 - PDF encontrado: https://storage.googleapis.com/storagescrapings.appspot.com/ecac/49586312000118/situacao-fiscal-2026-05-22-05220129000129--1369835539111458292.pdf
2026-05-26 10:25:10 | INFO     | __main__:extract_pendencias:231 - Texto extraído (3214 chars). Analisando pendências...
2026-05-26 10:25:22 | SUCCESS  | __main__:extract_pendencias:313 - Relatórios separados gerados com sucesso na pasta logs/.
2026-06-02 09:57:35 | INFO     | src.core.utils:clear_logs_directory:15 - Limpando diretório de saída: logs...
2026-06-02 09:57:35 | SUCCESS  | src.core.utils:clear_logs_directory:31 - Limpeza concluída com sucesso.
2026-06-02 09:57:35 | INFO     | __main__:extract_pendencias:139 - --- INICIANDO SESSÃO (Batch 1, Página 1) ---
2026-06-02 09:57:38 | INFO     | __main__:_login:22 - Navegando para o login em https://49586312000118.veri.com.br//login
2026-06-02 09:57:39 | INFO     | __main__:_login:25 - Inserindo credenciais...
2026-06-02 09:57:40 | INFO     | __main__:_login:35 - Aguardando redirecionamento pós-login...
2026-06-02 09:57:44 | SUCCESS  | __main__:_login:50 - Logado com sucesso.
2026-06-02 09:57:44 | INFO     | __main__:extract_pendencias:166 - Navegando para lista geral (Resumo na pág 1)...
2026-06-02 09:57:45 | INFO     | __main__:extract_pendencias:179 - Processando página 1...
2026-06-02 09:57:45 | INFO     | __main__:extract_pendencias:186 - Encontradas 17 empresas com Pendência na página 1
2026-06-02 09:57:45 | INFO     | __main__:extract_pendencias:210 - [1] Processando: 19.477.725 AMANE AGUIAR DIAS DE AZEVEDO (19.477.725/0001-01)
2026-06-02 09:57:45 | INFO     | __main__:extract_pendencias:222 - PDF encontrado: https://storage.googleapis.com/storagescrapings.appspot.com/ecac/49586312000118/situacao-fiscal-2026-05-27-19477725000101--5996073017669466800.pdf
2026-06-02 09:57:46 | INFO     | __main__:extract_pendencias:231 - Texto extraído (2549 chars). Analisando pendências...
2026-06-02 09:57:46 | INFO     | __main__:extract_pendencias:210 - [2] Processando: AG VINHOS E GASTRONOMIA LTDA (62.652.792/0001-36)
2026-06-02 09:57:46 | INFO     | __main__:extract_pendencias:222 - PDF encontrado: https://storage.googleapis.com/storagescrapings.appspot.com/ecac/49586312000118/situacao-fiscal-2026-05-22-62652792000136-6049890159962170344.pdf
2026-06-02 09:57:47 | INFO     | __main__:extract_pendencias:231 - Texto extraído (3858 chars). Analisando pendências...
2026-06-02 09:57:47 | INFO     | __main__:extract_pendencias:210 - [3] Processando: ANJU PARICIPACOES LIMITADA (11.233.811/0001-59)
2026-06-02 09:57:47 | INFO     | __main__:extract_pendencias:222 - PDF encontrado: https://storage.googleapis.com/storagescrapings.appspot.com/ecac/49586312000118/situacao-fiscal-2026-05-22-11233811000159--5972789646735439628.pdf
2026-06-02 09:57:47 | INFO     | __main__:extract_pendencias:231 - Texto extraído (2767 chars). Analisando pendências...
2026-06-02 09:57:47 | INFO     | __main__:extract_pendencias:210 - [4] Processando: ARCO APOIO RODOVIARIO COLETIVO SA (16.199.705/0001-10)
2026-06-02 09:57:47 | INFO     | __main__:extract_pendencias:222 - PDF encontrado: https://storage.googleapis.com/storagescrapings.appspot.com/ecac/49586312000118/situacao-fiscal-2026-05-27-16199705000110-2780892158567396156.pdf
2026-06-02 09:57:48 | INFO     | __main__:extract_pendencias:231 - Texto extraído (2280 chars). Analisando pendências...
2026-06-02 09:57:48 | INFO     | __main__:extract_pendencias:210 - [5] Processando: BAHIA FARMS INVESTIMENTOS AGRICOLAS LTDA (09.106.487/0001-66)
2026-06-02 09:57:48 | INFO     | __main__:extract_pendencias:222 - PDF encontrado: https://storage.googleapis.com/storagescrapings.appspot.com/ecac/49586312000118/situacao-fiscal-2026-05-22-09106487000166--1243826859144515319.pdf
2026-06-02 09:57:50 | INFO     | __main__:extract_pendencias:231 - Texto extraído (18258 chars). Analisando pendências...
2026-06-02 09:57:50 | INFO     | __main__:extract_pendencias:210 - [6] Processando: BAHIA LAND CONSULTORIA DE NEGOCIOS E INVESTIMENTOS LTDA (09.023.277/0001-04)
2026-06-02 09:57:50 | INFO     | __main__:extract_pendencias:222 - PDF encontrado: https://storage.googleapis.com/storagescrapings.appspot.com/ecac/49586312000118/situacao-fiscal-2026-05-22-09023277000104-2043775265498841652.pdf
2026-06-02 09:57:50 | INFO     | __main__:extract_pendencias:231 - Texto extraído (2385 chars). Analisando pendências...
2026-06-02 09:57:50 | INFO     | __main__:extract_pendencias:210 - [7] Processando: BFC.- COMERCIO E SERVICOS LTDA (00.323.181/0001-97)
2026-06-02 09:57:50 | INFO     | __main__:extract_pendencias:222 - PDF encontrado: https://storage.googleapis.com/storagescrapings.appspot.com/ecac/49586312000118/situacao-fiscal-2026-05-27-00323181000197-1200535830837560170.pdf
2026-06-02 09:57:51 | INFO     | __main__:extract_pendencias:231 - Texto extraído (2544 chars). Analisando pendências...
2026-06-02 09:57:51 | INFO     | __main__:extract_pendencias:210 - [8] Processando: BLANCO IMOBILIARIA E ADMINISTRADORA LTDA (06.915.315/0001-45)
2026-06-02 09:57:51 | INFO     | __main__:extract_pendencias:222 - PDF encontrado: https://storage.googleapis.com/storagescrapings.appspot.com/ecac/49586312000118/situacao-fiscal-2026-05-22-06915315000145--721868494787516594.pdf
2026-06-02 09:57:52 | INFO     | __main__:extract_pendencias:231 - Texto extraído (11360 chars). Analisando pendências...
2026-06-02 09:57:52 | INFO     | __main__:extract_pendencias:210 - [9] Processando: C G F EMPRENDIMENTO EDUCACIONAL ALFABETO LTDA (58.140.131/0001-54)
2026-06-02 09:57:52 | INFO     | __main__:extract_pendencias:222 - PDF encontrado: https://storage.googleapis.com/storagescrapings.appspot.com/ecac/49586312000118/situacao-fiscal-2026-05-22-58140131000154-6058257398952767358.pdf
2026-06-02 09:57:52 | INFO     | __main__:extract_pendencias:231 - Texto extraído (2636 chars). Analisando pendências...
2026-06-02 09:57:52 | WARNING  | __main__:extract_pendencias:235 - SiefParser sem pendências. Primeiros 200 chars: MINISTÉRIO DA ECONOMIA Por meio do Integra Contador
SECRETARIA ESPECIAL DA RECEITA FEDERAL DO BRASIL Autor pedido: 49.586.312/0001-18. Contratante: 28.408.293/0001-60
PROCURADORIA-GERAL DA FAZENDA NAC
2026-06-02 09:57:52 | INFO     | __main__:extract_pendencias:210 - [10] Processando: CAMILLA PINON ALPHONSE KARR (25.196.780/0001-18)
2026-06-02 09:57:52 | INFO     | __main__:extract_pendencias:222 - PDF encontrado: https://storage.googleapis.com/storagescrapings.appspot.com/ecac/49586312000118/situacao-fiscal-2026-05-27-25196780000118-9183241328170889339.pdf
2026-06-02 09:57:53 | INFO     | __main__:extract_pendencias:231 - Texto extraído (3507 chars). Analisando pendências...
2026-06-02 09:57:53 | INFO     | __main__:extract_pendencias:210 - [11] Processando: CAPITAL COMERCIO DE CONFECCOES LTDA (29.172.686/0001-80)
2026-06-02 09:57:53 | INFO     | __main__:extract_pendencias:222 - PDF encontrado: https://storage.googleapis.com/storagescrapings.appspot.com/ecac/49586312000118/situacao-fiscal-2026-05-27-29172686000180--728922534796538919.pdf
2026-06-02 09:57:53 | INFO     | __main__:extract_pendencias:231 - Texto extraído (3287 chars). Analisando pendências...
2026-06-02 09:57:53 | INFO     | __main__:extract_pendencias:210 - [12] Processando: CCA REPARACAO DE CALCADOS E BOLSAS LTDA (04.778.322/0001-17)
2026-06-02 09:57:53 | INFO     | __main__:extract_pendencias:222 - PDF encontrado: https://storage.googleapis.com/storagescrapings.appspot.com/ecac/49586312000118/situacao-fiscal-2026-05-22-04778322000117-6935517321627317612.pdf
2026-06-02 09:57:54 | INFO     | __main__:extract_pendencias:231 - Texto extraído (10662 chars). Analisando pendências...
2026-06-02 09:57:54 | INFO     | __main__:extract_pendencias:210 - [13] Processando: CEMECOR CENTRO MEDICO CARDIOLOGICO S/C LTDA (00.807.080/0001-91)
2026-06-02 09:57:54 | INFO     | __main__:extract_pendencias:222 - PDF encontrado: https://storage.googleapis.com/storagescrapings.appspot.com/ecac/49586312000118/situacao-fiscal-2026-05-22-00807080000191--502043640400075285.pdf
2026-06-02 09:57:54 | INFO     | __main__:extract_pendencias:231 - Texto extraído (6298 chars). Analisando pendências...
2026-06-02 09:57:54 | INFO     | __main__:extract_pendencias:210 - [14] Processando: CENTRAL DO DENTE - CLINICA ODONTOLOGICA LTDA (08.154.181/0001-12)
2026-06-02 09:57:54 | INFO     | __main__:extract_pendencias:222 - PDF encontrado: https://storage.googleapis.com/storagescrapings.appspot.com/ecac/49586312000118/situacao-fiscal-2026-05-22-08154181000112--7680714151935653014.pdf
2026-06-02 09:57:56 | INFO     | __main__:extract_pendencias:231 - Texto extraído (39364 chars). Analisando pendências...
2026-06-02 09:57:56 | INFO     | __main__:extract_pendencias:210 - [15] Processando: CERAMICA REAL LTDA (14.757.660/0001-26)
2026-06-02 09:57:56 | INFO     | __main__:extract_pendencias:222 - PDF encontrado: https://storage.googleapis.com/storagescrapings.appspot.com/ecac/49586312000118/situacao-fiscal-2026-05-27-14757660000126-6327346999543420460.pdf
2026-06-02 09:57:57 | INFO     | __main__:extract_pendencias:231 - Texto extraído (2810 chars). Analisando pendências...
2026-06-02 09:57:57 | WARNING  | __main__:extract_pendencias:235 - SiefParser sem pendências. Primeiros 200 chars: MINISTÉRIO DA ECONOMIA Por meio do Integra Contador
SECRETARIA ESPECIAL DA RECEITA FEDERAL DO BRASIL Autor pedido: 49.586.312/0001-18. Contratante: 28.408.293/0001-60
PROCURADORIA-GERAL DA FAZENDA NAC
2026-06-02 09:57:57 | INFO     | __main__:extract_pendencias:210 - [16] Processando: CHAVES COMERCIO DE LIVROS E PAPELARIA LTDA (15.114.762/0001-96)
2026-06-02 09:57:57 | INFO     | __main__:extract_pendencias:222 - PDF encontrado: https://storage.googleapis.com/storagescrapings.appspot.com/ecac/49586312000118/situacao-fiscal-2026-05-27-15114762000196--8765849478197937964.pdf
2026-06-02 09:57:57 | INFO     | __main__:extract_pendencias:231 - Texto extraído (6559 chars). Analisando pendências...
2026-06-02 09:57:57 | INFO     | __main__:extract_pendencias:210 - [17] Processando: CLIMACONTTROL AR CONDICIONADOS LTDA (42.159.055/0001-99)
2026-06-02 09:57:57 | INFO     | __main__:extract_pendencias:222 - PDF encontrado: https://storage.googleapis.com/storagescrapings.appspot.com/ecac/49586312000118/situacao-fiscal-2026-05-27-42159055000199-7777916465607842514.pdf
2026-06-02 09:57:58 | INFO     | __main__:extract_pendencias:231 - Texto extraído (2949 chars). Analisando pendências...
2026-06-02 09:57:58 | WARNING  | __main__:extract_pendencias:235 - SiefParser sem pendências. Primeiros 200 chars: MINISTÉRIO DA ECONOMIA Por meio do Integra Contador
SECRETARIA ESPECIAL DA RECEITA FEDERAL DO BRASIL Autor pedido: 49.586.312/0001-18. Contratante: 28.408.293/0001-60
PROCURADORIA-GERAL DA FAZENDA NAC
2026-06-02 09:57:58 | INFO     | __main__:extract_pendencias:179 - Processando página 2...
2026-06-02 09:57:58 | INFO     | __main__:extract_pendencias:186 - Encontradas 16 empresas com Pendência na página 2
2026-06-02 09:57:58 | INFO     | __main__:extract_pendencias:210 - [18] Processando: CLINICA DE NEFROLOGIA DE BREJO SANTO LTDA (37.927.805/0001-95)
2026-06-02 09:57:58 | INFO     | __main__:extract_pendencias:222 - PDF encontrado: https://storage.googleapis.com/storagescrapings.appspot.com/ecac/49586312000118/situacao-fiscal-2026-05-27-37927805000195--4558008864834721344.pdf
2026-06-02 09:57:58 | INFO     | __main__:extract_pendencias:231 - Texto extraído (2372 chars). Analisando pendências...
2026-06-02 09:57:58 | WARNING  | __main__:extract_pendencias:235 - SiefParser sem pendências. Primeiros 200 chars: MINISTÉRIO DA ECONOMIA Por meio do Integra Contador
SECRETARIA ESPECIAL DA RECEITA FEDERAL DO BRASIL Autor pedido: 49.586.312/0001-18. Contratante: 28.408.293/0001-60
PROCURADORIA-GERAL DA FAZENDA NAC
2026-06-02 09:57:58 | INFO     | __main__:extract_pendencias:210 - [19] Processando: CMNR PATRIMONIAL LTDA. (14.429.350/0001-82)
2026-06-02 09:57:58 | INFO     | __main__:extract_pendencias:222 - PDF encontrado: https://storage.googleapis.com/storagescrapings.appspot.com/ecac/49586312000118/situacao-fiscal-2026-05-27-14429350000182-2950719299918406263.pdf
2026-06-02 09:57:59 | INFO     | __main__:extract_pendencias:231 - Texto extraído (3661 chars). Analisando pendências...
2026-06-02 09:57:59 | INFO     | __main__:extract_pendencias:210 - [20] Processando: CORPORATIVA REVESTIMENTOS METALICOS LTDA (44.573.989/0001-06)
2026-06-02 09:57:59 | INFO     | __main__:extract_pendencias:222 - PDF encontrado: https://storage.googleapis.com/storagescrapings.appspot.com/ecac/49586312000118/situacao-fiscal-2026-05-22-44573989000106-8674356329543302781.pdf
2026-06-02 09:57:59 | INFO     | __main__:extract_pendencias:231 - Texto extraído (7616 chars). Analisando pendências...
2026-06-02 09:57:59 | INFO     | __main__:extract_pendencias:210 - [21] Processando: D L COMERCIO DE ALIMENTOS LTDA (28.590.601/0001-10)
2026-06-02 09:57:59 | INFO     | __main__:extract_pendencias:222 - PDF encontrado: https://storage.googleapis.com/storagescrapings.appspot.com/ecac/49586312000118/situacao-fiscal-2026-05-22-28590601000110--5918456120951011107.pdf
2026-06-02 09:58:01 | INFO     | __main__:extract_pendencias:231 - Texto extraído (26584 chars). Analisando pendências...
2026-06-02 09:58:01 | INFO     | __main__:extract_pendencias:210 - [22] Processando: D. A. MACEDO (15.360.279/0002-72)
2026-06-02 09:58:01 | INFO     | __main__:extract_pendencias:222 - PDF encontrado: https://storage.googleapis.com/storagescrapings.appspot.com/ecac/49586312000118/situacao-fiscal-2026-05-22-15360279000272-103814844106207419.pdf
2026-06-02 09:58:01 | INFO     | __main__:extract_pendencias:231 - Texto extraído (6395 chars). Analisando pendências...
2026-06-02 09:58:02 | INFO     | __main__:extract_pendencias:210 - [23] Processando: DARCYDIAS REPRESENTACOES LTDA MICRO EMPRESA (13.709.910/0001-90)
2026-06-02 09:58:02 | INFO     | __main__:extract_pendencias:222 - PDF encontrado: https://storage.googleapis.com/storagescrapings.appspot.com/ecac/49586312000118/situacao-fiscal-2026-05-22-13709910000190-6453808086057970430.pdf
2026-06-02 09:58:03 | INFO     | __main__:extract_pendencias:231 - Texto extraído (19098 chars). Analisando pendências...
2026-06-02 09:58:03 | INFO     | __main__:extract_pendencias:210 - [24] Processando: DELTALINE SERVICOS LTDA. (01.813.680/0001-25)
2026-06-02 09:58:03 | INFO     | __main__:extract_pendencias:222 - PDF encontrado: https://storage.googleapis.com/storagescrapings.appspot.com/ecac/49586312000118/situacao-fiscal-2026-05-27-01813680000125-213425350370831035.pdf
2026-06-02 09:58:03 | INFO     | __main__:extract_pendencias:231 - Texto extraído (2307 chars). Analisando pendências...
2026-06-02 09:58:03 | INFO     | __main__:extract_pendencias:210 - [25] Processando: DINAMO SALVADOR LTDA (60.205.781/0001-82)
2026-06-02 09:58:03 | INFO     | __main__:extract_pendencias:222 - PDF encontrado: https://storage.googleapis.com/storagescrapings.appspot.com/ecac/49586312000118/situacao-fiscal-2026-05-22-60205781000182-3559479684307233871.pdf
2026-06-02 09:58:04 | INFO     | __main__:extract_pendencias:231 - Texto extraído (3053 chars). Analisando pendências...
2026-06-02 09:58:04 | INFO     | __main__:extract_pendencias:210 - [26] Processando: EDEMILSON LOPES DA SILVA (03.641.819/0001-26)
2026-06-02 09:58:04 | INFO     | __main__:extract_pendencias:222 - PDF encontrado: https://storage.googleapis.com/storagescrapings.appspot.com/ecac/49586312000118/situacao-fiscal-2026-05-27-03641819000126-1247520355939759345.pdf
2026-06-02 09:58:04 | INFO     | __main__:extract_pendencias:231 - Texto extraído (2544 chars). Analisando pendências...
2026-06-02 09:58:04 | INFO     | __main__:extract_pendencias:210 - [27] Processando: EDIFICIO AGENOR CERQUEIRA (34.283.234/0001-05)
2026-06-02 09:58:04 | INFO     | __main__:extract_pendencias:222 - PDF encontrado: https://storage.googleapis.com/storagescrapings.appspot.com/ecac/49586312000118/situacao-fiscal-2026-05-27-34283234000105-7617735139373257217.pdf
2026-06-02 09:58:04 | INFO     | __main__:extract_pendencias:231 - Texto extraído (1940 chars). Analisando pendências...
2026-06-02 09:58:04 | WARNING  | __main__:extract_pendencias:235 - SiefParser sem pendências. Primeiros 200 chars: MINISTÉRIO DA ECONOMIA Por meio do Integra Contador
SECRETARIA ESPECIAL DA RECEITA FEDERAL DO BRASIL Autor pedido: 49.586.312/0001-18. Contratante: 28.408.293/0001-60
PROCURADORIA-GERAL DA FAZENDA NAC
2026-06-02 09:58:04 | INFO     | __main__:extract_pendencias:210 - [28] Processando: EXTERNATO MATER ET MAGISTRA E COM DE MAT DIDATICO LTDA (13.064.209/0001-60)
2026-06-02 09:58:04 | INFO     | __main__:extract_pendencias:222 - PDF encontrado: https://storage.googleapis.com/storagescrapings.appspot.com/ecac/49586312000118/situacao-fiscal-2026-05-22-13064209000160-5612471425659529421.pdf
2026-06-02 09:58:06 | INFO     | __main__:extract_pendencias:231 - Texto extraído (27992 chars). Analisando pendências...
2026-06-02 09:58:06 | INFO     | __main__:extract_pendencias:210 - [29] Processando: GUARAJUBA CONSULTORIA, COMPRA E VENDA DE IMOVEIS LTDA (26.318.746/0001-31)
2026-06-02 09:58:06 | INFO     | __main__:extract_pendencias:222 - PDF encontrado: https://storage.googleapis.com/storagescrapings.appspot.com/ecac/49586312000118/situacao-fiscal-2026-05-27-26318746000131--9054631449871840498.pdf
2026-06-02 09:58:06 | INFO     | __main__:extract_pendencias:231 - Texto extraído (3455 chars). Analisando pendências...
2026-06-02 09:58:06 | WARNING  | __main__:extract_pendencias:235 - SiefParser sem pendências. Primeiros 200 chars: MINISTÉRIO DA ECONOMIA Por meio do Integra Contador
SECRETARIA ESPECIAL DA RECEITA FEDERAL DO BRASIL Autor pedido: 49.586.312/0001-18. Contratante: 28.408.293/0001-60
PROCURADORIA-GERAL DA FAZENDA NAC
2026-06-02 09:58:06 | INFO     | __main__:extract_pendencias:210 - [30] Processando: GUARAJUBAIMOB NEGOCIOS IMOBILIARIOS LTDA (27.371.776/0001-74)
2026-06-02 09:58:06 | INFO     | __main__:extract_pendencias:222 - PDF encontrado: https://storage.googleapis.com/storagescrapings.appspot.com/ecac/49586312000118/situacao-fiscal-2026-05-22-27371776000174--6098876770116482138.pdf
2026-06-02 09:58:07 | INFO     | __main__:extract_pendencias:231 - Texto extraído (3556 chars). Analisando pendências...
2026-06-02 09:58:07 | INFO     | __main__:extract_pendencias:210 - [31] Processando: H. Z. PATRIMONIAL LTDA. (10.791.569/0001-76)
2026-06-02 09:58:07 | INFO     | __main__:extract_pendencias:222 - PDF encontrado: https://storage.googleapis.com/storagescrapings.appspot.com/ecac/49586312000118/situacao-fiscal-2026-05-26-10791569000176-5097366045803387969.pdf
2026-06-02 09:58:07 | INFO     | __main__:extract_pendencias:231 - Texto extraído (3941 chars). Analisando pendências...
2026-06-02 09:58:07 | INFO     | __main__:extract_pendencias:210 - [32] Processando: HOTEIS E TURISMO ITAPOAN LTDA. (14.309.694/0001-58)
2026-06-02 09:58:07 | INFO     | __main__:extract_pendencias:222 - PDF encontrado: https://storage.googleapis.com/storagescrapings.appspot.com/ecac/49586312000118/situacao-fiscal-2026-05-22-14309694000158--898104768547763.pdf
2026-06-02 09:58:09 | INFO     | __main__:extract_pendencias:231 - Texto extraído (23432 chars). Analisando pendências...
2026-06-02 09:58:09 | INFO     | __main__:extract_pendencias:210 - [33] Processando: IMPACT SERVICES INTEGRADOS EM SOLUCOES INDUSTRIAIS LTDA (18.953.881/0001-20)
2026-06-02 09:58:09 | INFO     | __main__:extract_pendencias:222 - PDF encontrado: https://storage.googleapis.com/storagescrapings.appspot.com/ecac/49586312000118/situacao-fiscal-2026-05-22-18953881000120--4658971509567653494.pdf
2026-06-02 09:58:09 | INFO     | __main__:extract_pendencias:231 - Texto extraído (4599 chars). Analisando pendências...
2026-06-02 09:58:09 | INFO     | __main__:extract_pendencias:179 - Processando página 3...
2026-06-02 09:58:10 | INFO     | __main__:extract_pendencias:186 - Encontradas 24 empresas com Pendência na página 3
2026-06-02 09:58:10 | INFO     | __main__:extract_pendencias:210 - [34] Processando: J. MACEDO AGROPECUARIA LTDA (04.692.740/0001-97)
2026-06-02 09:58:10 | INFO     | __main__:extract_pendencias:222 - PDF encontrado: https://storage.googleapis.com/storagescrapings.appspot.com/ecac/49586312000118/situacao-fiscal-2026-05-22-04692740000197--1572888572607394305.pdf
2026-06-02 09:58:10 | INFO     | __main__:extract_pendencias:231 - Texto extraído (3100 chars). Analisando pendências...
2026-06-02 09:58:10 | INFO     | __main__:extract_pendencias:210 - [35] Processando: JEAR ENSINO MEDIO LTDA. (04.607.567/0001-81)
2026-06-02 09:58:10 | INFO     | __main__:extract_pendencias:222 - PDF encontrado: https://storage.googleapis.com/storagescrapings.appspot.com/ecac/49586312000118/situacao-fiscal-2026-05-22-04607567000181--4922665677733370754.pdf
2026-06-02 09:58:12 | INFO     | __main__:extract_pendencias:231 - Texto extraído (36385 chars). Analisando pendências...
2026-06-02 09:58:12 | INFO     | __main__:extract_pendencias:210 - [36] Processando: JM COMÉRCIO ALIMENTICIOS LTDA (55.870.283/0001-14)
2026-06-02 09:58:12 | INFO     | __main__:extract_pendencias:222 - PDF encontrado: https://storage.googleapis.com/storagescrapings.appspot.com/ecac/49586312000118/situacao-fiscal-2026-05-22-55870283000114-6290327797778487998.pdf
2026-06-02 09:58:12 | INFO     | __main__:extract_pendencias:231 - Texto extraído (3618 chars). Analisando pendências...
2026-06-02 09:58:12 | INFO     | __main__:extract_pendencias:210 - [37] Processando: JORGE RIBEIRO CORTIZO (20.734.790/0001-46)
2026-06-02 09:58:12 | INFO     | __main__:extract_pendencias:222 - PDF encontrado: https://storage.googleapis.com/storagescrapings.appspot.com/ecac/49586312000118/situacao-fiscal-2026-05-22-20734790000146--4401560791850746946.pdf
2026-06-02 09:58:13 | INFO     | __main__:extract_pendencias:231 - Texto extraído (4770 chars). Analisando pendências...
2026-06-02 09:58:13 | INFO     | __main__:extract_pendencias:210 - [38] Processando: K T - ENSINO FUNDAMENTAL LTDA. (07.008.842/0001-39)
2026-06-02 09:58:13 | INFO     | __main__:extract_pendencias:222 - PDF encontrado: https://storage.googleapis.com/storagescrapings.appspot.com/ecac/49586312000118/situacao-fiscal-2026-05-22-07008842000139-1013014632128614202.pdf
2026-06-02 09:58:14 | INFO     | __main__:extract_pendencias:231 - Texto extraído (11679 chars). Analisando pendências...
2026-06-02 09:58:14 | INFO     | __main__:extract_pendencias:210 - [39] Processando: KETPU COMERCIO DE ARTIGOS DO VESTUÁRIO LTDA (36.126.523/0001-26)
2026-06-02 09:58:14 | INFO     | __main__:extract_pendencias:222 - PDF encontrado: https://storage.googleapis.com/storagescrapings.appspot.com/ecac/49586312000118/situacao-fiscal-2026-05-22-36126523000126-8969801824812954504.pdf
2026-06-02 09:58:14 | INFO     | __main__:extract_pendencias:231 - Texto extraído (3579 chars). Analisando pendências...
2026-06-02 09:58:14 | INFO     | __main__:extract_pendencias:210 - [40] Processando: L F PATRIMONIAL EMPREENDIMENTOS LTDA (13.341.532/0001-34)
2026-06-02 09:58:14 | INFO     | __main__:extract_pendencias:222 - PDF encontrado: https://storage.googleapis.com/storagescrapings.appspot.com/ecac/49586312000118/situacao-fiscal-2026-05-22-13341532000134--1632044630628296058.pdf
2026-06-02 09:58:14 | INFO     | __main__:extract_pendencias:231 - Texto extraído (5150 chars). Analisando pendências...
2026-06-02 09:58:14 | INFO     | __main__:extract_pendencias:210 - [41] Processando: L. J. COMERCIO DE MATERIAIS DE CONSTRUCAO LTDA - EPP (01.937.682/0001-26)
2026-06-02 09:58:14 | INFO     | __main__:extract_pendencias:222 - PDF encontrado: https://storage.googleapis.com/storagescrapings.appspot.com/ecac/49586312000118/situacao-fiscal-2026-05-26-01937682000126--6165507956580705675.pdf
2026-06-02 09:58:15 | INFO     | __main__:extract_pendencias:231 - Texto extraído (3164 chars). Analisando pendências...
2026-06-02 09:58:15 | INFO     | __main__:extract_pendencias:210 - [42] Processando: LACERDA PATRIMONIAL LTDA. (06.314.992/0001-08)
2026-06-02 09:58:15 | INFO     | __main__:extract_pendencias:222 - PDF encontrado: https://storage.googleapis.com/storagescrapings.appspot.com/ecac/49586312000118/situacao-fiscal-2026-05-22-06314992000108-7299230711054345531.pdf
2026-06-02 09:58:16 | INFO     | __main__:extract_pendencias:231 - Texto extraído (11962 chars). Analisando pendências...
2026-06-02 09:58:16 | INFO     | __main__:extract_pendencias:210 - [43] Processando: LEGACY PARTICIPACOES S.A. (65.927.859/0001-96)
2026-06-02 09:58:16 | INFO     | __main__:extract_pendencias:222 - PDF encontrado: https://storage.googleapis.com/storagescrapings.appspot.com/ecac/49586312000118/situacao-fiscal-2026-05-27-65927859000196--7144781560066202439.pdf
2026-06-02 09:58:16 | INFO     | __main__:extract_pendencias:231 - Texto extraído (2983 chars). Analisando pendências...
2026-06-02 09:58:16 | INFO     | __main__:extract_pendencias:210 - [44] Processando: LILIAN DIAS RIGAUD DE JESUS LTDA (10.632.502/0001-99)
2026-06-02 09:58:16 | INFO     | __main__:extract_pendencias:222 - PDF encontrado: https://storage.googleapis.com/storagescrapings.appspot.com/ecac/49586312000118/situacao-fiscal-2026-06-01-10632502000199-8415901819365287723.pdf
2026-06-02 09:58:17 | INFO     | __main__:extract_pendencias:231 - Texto extraído (2874 chars). Analisando pendências...
2026-06-02 09:58:17 | INFO     | __main__:extract_pendencias:210 - [45] Processando: LITORAL BAHIA IMOBILIARIA LTDA (42.740.527/0001-00)
2026-06-02 09:58:17 | INFO     | __main__:extract_pendencias:222 - PDF encontrado: https://storage.googleapis.com/storagescrapings.appspot.com/ecac/49586312000118/situacao-fiscal-2026-05-22-42740527000100--4738851883600359575.pdf
2026-06-02 09:58:17 | INFO     | __main__:extract_pendencias:231 - Texto extraído (3239 chars). Analisando pendências...
2026-06-02 09:58:17 | INFO     | __main__:extract_pendencias:210 - [46] Processando: M P COMERCIO DE VARIEDADES, PRESENTES E MOVEIS LTDA (33.985.763/0001-98)
2026-06-02 09:58:17 | INFO     | __main__:extract_pendencias:222 - PDF encontrado: https://storage.googleapis.com/storagescrapings.appspot.com/ecac/49586312000118/situacao-fiscal-2026-06-01-33985763000198--3879921095697112903.pdf
2026-06-02 09:58:17 | INFO     | __main__:extract_pendencias:231 - Texto extraído (2901 chars). Analisando pendências...
2026-06-02 09:58:17 | INFO     | __main__:extract_pendencias:210 - [47] Processando: MACEDO COMERCIAL DE CALCADOS LTDA (04.074.648/0001-63)
2026-06-02 09:58:17 | INFO     | __main__:extract_pendencias:222 - PDF encontrado: https://storage.googleapis.com/storagescrapings.appspot.com/ecac/49586312000118/situacao-fiscal-2026-05-22-04074648000163--4964566962435043838.pdf
2026-06-02 09:58:19 | INFO     | __main__:extract_pendencias:231 - Texto extraído (22463 chars). Analisando pendências...
2026-06-02 09:58:19 | INFO     | __main__:extract_pendencias:210 - [48] Processando: MACEDO COMERCIAL DE CALCADOS LTDA (04.074.648/0002-44)
2026-06-02 09:58:19 | INFO     | __main__:extract_pendencias:222 - PDF encontrado: https://storage.googleapis.com/storagescrapings.appspot.com/ecac/49586312000118/situacao-fiscal-2026-05-22-04074648000244-4848468945886498985.pdf
2026-06-02 09:58:20 | INFO     | __main__:extract_pendencias:231 - Texto extraído (22931 chars). Analisando pendências...
2026-06-02 09:58:20 | INFO     | __main__:extract_pendencias:210 - [49] Processando: MACEDO COMERCIAL DE CALCADOS LTDA (04.074.648/0003-25)
2026-06-02 09:58:20 | INFO     | __main__:extract_pendencias:222 - PDF encontrado: https://storage.googleapis.com/storagescrapings.appspot.com/ecac/49586312000118/situacao-fiscal-2026-05-22-04074648000325--2235402504220538675.pdf
2026-06-02 09:58:22 | INFO     | __main__:extract_pendencias:231 - Texto extraído (22888 chars). Analisando pendências...
2026-06-02 09:58:22 | INFO     | __main__:extract_pendencias:210 - [50] Processando: MACEDO COMERCIAL DE CALCADOS LTDA (04.074.648/0004-06)
2026-06-02 09:58:22 | INFO     | __main__:extract_pendencias:222 - PDF encontrado: https://storage.googleapis.com/storagescrapings.appspot.com/ecac/49586312000118/situacao-fiscal-2026-05-22-04074648000406-8211826430722607372.pdf
2026-06-02 09:58:23 | INFO     | __main__:extract_pendencias:231 - Texto extraído (22923 chars). Analisando pendências...
2026-06-02 09:58:23 | WARNING  | __main__:extract_pendencias:255 - Lote de 50 atingido. Reiniciando sessão...
2026-06-02 09:58:23 | INFO     | __main__:extract_pendencias:139 - --- INICIANDO SESSÃO (Batch 2, Página 3) ---
2026-06-02 09:58:25 | INFO     | __main__:_login:22 - Navegando para o login em https://49586312000118.veri.com.br//login
2026-06-02 09:58:25 | INFO     | __main__:_login:25 - Inserindo credenciais...
2026-06-02 09:58:27 | INFO     | __main__:_login:35 - Aguardando redirecionamento pós-login...
2026-06-02 09:58:29 | SUCCESS  | __main__:_login:50 - Logado com sucesso.
2026-06-02 09:58:29 | INFO     | __main__:extract_pendencias:166 - Navegando para lista geral (Resumo na pág 3)...
2026-06-02 09:58:30 | INFO     | __main__:extract_pendencias:172 - Avançando para página 2 para retomar...
2026-06-02 09:58:32 | INFO     | __main__:extract_pendencias:172 - Avançando para página 3 para retomar...
2026-06-02 09:58:33 | INFO     | __main__:extract_pendencias:179 - Processando página 3...
2026-06-02 09:58:33 | INFO     | __main__:extract_pendencias:186 - Encontradas 24 empresas com Pendência na página 3
2026-06-02 09:58:33 | INFO     | __main__:extract_pendencias:210 - [51] Processando: J. MACEDO AGROPECUARIA LTDA (04.692.740/0001-97)
2026-06-02 09:58:33 | INFO     | __main__:extract_pendencias:222 - PDF encontrado: https://storage.googleapis.com/storagescrapings.appspot.com/ecac/49586312000118/situacao-fiscal-2026-05-22-04692740000197--1572888572607394305.pdf
2026-06-02 09:58:33 | INFO     | __main__:extract_pendencias:231 - Texto extraído (3100 chars). Analisando pendências...
2026-06-02 09:58:33 | INFO     | __main__:extract_pendencias:210 - [52] Processando: JEAR ENSINO MEDIO LTDA. (04.607.567/0001-81)
2026-06-02 09:58:33 | INFO     | __main__:extract_pendencias:222 - PDF encontrado: https://storage.googleapis.com/storagescrapings.appspot.com/ecac/49586312000118/situacao-fiscal-2026-05-22-04607567000181--4922665677733370754.pdf
2026-06-02 09:58:35 | INFO     | __main__:extract_pendencias:231 - Texto extraído (36385 chars). Analisando pendências...
2026-06-02 09:58:35 | INFO     | __main__:extract_pendencias:210 - [53] Processando: JM COMÉRCIO ALIMENTICIOS LTDA (55.870.283/0001-14)
2026-06-02 09:58:35 | INFO     | __main__:extract_pendencias:222 - PDF encontrado: https://storage.googleapis.com/storagescrapings.appspot.com/ecac/49586312000118/situacao-fiscal-2026-05-22-55870283000114-6290327797778487998.pdf
2026-06-02 09:58:35 | INFO     | __main__:extract_pendencias:231 - Texto extraído (3618 chars). Analisando pendências...
2026-06-02 09:58:35 | INFO     | __main__:extract_pendencias:210 - [54] Processando: JORGE RIBEIRO CORTIZO (20.734.790/0001-46)
2026-06-02 09:58:35 | INFO     | __main__:extract_pendencias:222 - PDF encontrado: https://storage.googleapis.com/storagescrapings.appspot.com/ecac/49586312000118/situacao-fiscal-2026-05-22-20734790000146--4401560791850746946.pdf
2026-06-02 09:58:35 | INFO     | __main__:extract_pendencias:231 - Texto extraído (4770 chars). Analisando pendências...
2026-06-02 09:58:35 | INFO     | __main__:extract_pendencias:210 - [55] Processando: K T - ENSINO FUNDAMENTAL LTDA. (07.008.842/0001-39)
2026-06-02 09:58:35 | INFO     | __main__:extract_pendencias:222 - PDF encontrado: https://storage.googleapis.com/storagescrapings.appspot.com/ecac/49586312000118/situacao-fiscal-2026-05-22-07008842000139-1013014632128614202.pdf
2026-06-02 09:58:36 | INFO     | __main__:extract_pendencias:231 - Texto extraído (11679 chars). Analisando pendências...
2026-06-02 09:58:36 | INFO     | __main__:extract_pendencias:210 - [56] Processando: KETPU COMERCIO DE ARTIGOS DO VESTUÁRIO LTDA (36.126.523/0001-26)
2026-06-02 09:58:36 | INFO     | __main__:extract_pendencias:222 - PDF encontrado: https://storage.googleapis.com/storagescrapings.appspot.com/ecac/49586312000118/situacao-fiscal-2026-05-22-36126523000126-8969801824812954504.pdf
2026-06-02 09:58:36 | INFO     | __main__:extract_pendencias:231 - Texto extraído (3579 chars). Analisando pendências...
2026-06-02 09:58:36 | INFO     | __main__:extract_pendencias:210 - [57] Processando: L F PATRIMONIAL EMPREENDIMENTOS LTDA (13.341.532/0001-34)
2026-06-02 09:58:36 | INFO     | __main__:extract_pendencias:222 - PDF encontrado: https://storage.googleapis.com/storagescrapings.appspot.com/ecac/49586312000118/situacao-fiscal-2026-05-22-13341532000134--1632044630628296058.pdf
2026-06-02 09:58:36 | INFO     | __main__:extract_pendencias:231 - Texto extraído (5150 chars). Analisando pendências...
2026-06-02 09:58:36 | INFO     | __main__:extract_pendencias:210 - [58] Processando: L. J. COMERCIO DE MATERIAIS DE CONSTRUCAO LTDA - EPP (01.937.682/0001-26)
2026-06-02 09:58:36 | INFO     | __main__:extract_pendencias:222 - PDF encontrado: https://storage.googleapis.com/storagescrapings.appspot.com/ecac/49586312000118/situacao-fiscal-2026-05-26-01937682000126--6165507956580705675.pdf
2026-06-02 09:58:36 | INFO     | __main__:extract_pendencias:231 - Texto extraído (3164 chars). Analisando pendências...
2026-06-02 09:58:36 | INFO     | __main__:extract_pendencias:210 - [59] Processando: LACERDA PATRIMONIAL LTDA. (06.314.992/0001-08)
2026-06-02 09:58:36 | INFO     | __main__:extract_pendencias:222 - PDF encontrado: https://storage.googleapis.com/storagescrapings.appspot.com/ecac/49586312000118/situacao-fiscal-2026-05-22-06314992000108-7299230711054345531.pdf
2026-06-02 09:58:37 | INFO     | __main__:extract_pendencias:231 - Texto extraído (11962 chars). Analisando pendências...
2026-06-02 09:58:37 | INFO     | __main__:extract_pendencias:210 - [60] Processando: LEGACY PARTICIPACOES S.A. (65.927.859/0001-96)
2026-06-02 09:58:37 | INFO     | __main__:extract_pendencias:222 - PDF encontrado: https://storage.googleapis.com/storagescrapings.appspot.com/ecac/49586312000118/situacao-fiscal-2026-05-27-65927859000196--7144781560066202439.pdf
2026-06-02 09:58:37 | INFO     | __main__:extract_pendencias:231 - Texto extraído (2983 chars). Analisando pendências...
2026-06-02 09:58:37 | INFO     | __main__:extract_pendencias:210 - [61] Processando: LILIAN DIAS RIGAUD DE JESUS LTDA (10.632.502/0001-99)
2026-06-02 09:58:37 | INFO     | __main__:extract_pendencias:222 - PDF encontrado: https://storage.googleapis.com/storagescrapings.appspot.com/ecac/49586312000118/situacao-fiscal-2026-06-01-10632502000199-8415901819365287723.pdf
2026-06-02 09:58:37 | INFO     | __main__:extract_pendencias:231 - Texto extraído (2874 chars). Analisando pendências...
2026-06-02 09:58:37 | INFO     | __main__:extract_pendencias:210 - [62] Processando: LITORAL BAHIA IMOBILIARIA LTDA (42.740.527/0001-00)
2026-06-02 09:58:37 | INFO     | __main__:extract_pendencias:222 - PDF encontrado: https://storage.googleapis.com/storagescrapings.appspot.com/ecac/49586312000118/situacao-fiscal-2026-05-22-42740527000100--4738851883600359575.pdf
2026-06-02 09:58:37 | INFO     | __main__:extract_pendencias:231 - Texto extraído (3239 chars). Analisando pendências...
2026-06-02 09:58:37 | INFO     | __main__:extract_pendencias:210 - [63] Processando: M P COMERCIO DE VARIEDADES, PRESENTES E MOVEIS LTDA (33.985.763/0001-98)
2026-06-02 09:58:37 | INFO     | __main__:extract_pendencias:222 - PDF encontrado: https://storage.googleapis.com/storagescrapings.appspot.com/ecac/49586312000118/situacao-fiscal-2026-06-01-33985763000198--3879921095697112903.pdf
2026-06-02 09:58:37 | INFO     | __main__:extract_pendencias:231 - Texto extraído (2901 chars). Analisando pendências...
2026-06-02 09:58:37 | INFO     | __main__:extract_pendencias:210 - [64] Processando: MACEDO COMERCIAL DE CALCADOS LTDA (04.074.648/0001-63)
2026-06-02 09:58:37 | INFO     | __main__:extract_pendencias:222 - PDF encontrado: https://storage.googleapis.com/storagescrapings.appspot.com/ecac/49586312000118/situacao-fiscal-2026-05-22-04074648000163--4964566962435043838.pdf
2026-06-02 09:58:38 | INFO     | __main__:extract_pendencias:231 - Texto extraído (22463 chars). Analisando pendências...
2026-06-02 09:58:38 | INFO     | __main__:extract_pendencias:210 - [65] Processando: MACEDO COMERCIAL DE CALCADOS LTDA (04.074.648/0002-44)
2026-06-02 09:58:38 | INFO     | __main__:extract_pendencias:222 - PDF encontrado: https://storage.googleapis.com/storagescrapings.appspot.com/ecac/49586312000118/situacao-fiscal-2026-05-22-04074648000244-4848468945886498985.pdf
2026-06-02 09:58:39 | INFO     | __main__:extract_pendencias:231 - Texto extraído (22931 chars). Analisando pendências...
2026-06-02 09:58:39 | INFO     | __main__:extract_pendencias:210 - [66] Processando: MACEDO COMERCIAL DE CALCADOS LTDA (04.074.648/0003-25)
2026-06-02 09:58:39 | INFO     | __main__:extract_pendencias:222 - PDF encontrado: https://storage.googleapis.com/storagescrapings.appspot.com/ecac/49586312000118/situacao-fiscal-2026-05-22-04074648000325--2235402504220538675.pdf
2026-06-02 09:58:40 | INFO     | __main__:extract_pendencias:231 - Texto extraído (22888 chars). Analisando pendências...
2026-06-02 09:58:40 | INFO     | __main__:extract_pendencias:210 - [67] Processando: MACEDO COMERCIAL DE CALCADOS LTDA (04.074.648/0004-06)
2026-06-02 09:58:40 | INFO     | __main__:extract_pendencias:222 - PDF encontrado: https://storage.googleapis.com/storagescrapings.appspot.com/ecac/49586312000118/situacao-fiscal-2026-05-22-04074648000406-8211826430722607372.pdf
2026-06-02 09:58:41 | INFO     | __main__:extract_pendencias:231 - Texto extraído (22923 chars). Analisando pendências...
2026-06-02 09:58:41 | INFO     | __main__:extract_pendencias:210 - [68] Processando: MALU EMPREENDIMENTOS E PARTICIPACOES LTDA (08.545.897/0001-40)
2026-06-02 09:58:41 | INFO     | __main__:extract_pendencias:222 - PDF encontrado: https://storage.googleapis.com/storagescrapings.appspot.com/ecac/49586312000118/situacao-fiscal-2026-05-22-08545897000140--4423606332664825874.pdf
2026-06-02 09:58:41 | INFO     | __main__:extract_pendencias:231 - Texto extraído (4156 chars). Analisando pendências...
2026-06-02 09:58:41 | WARNING  | __main__:extract_pendencias:235 - SiefParser sem pendências. Primeiros 200 chars: MINISTÉRIO DA ECONOMIA Por meio do Integra Contador
SECRETARIA ESPECIAL DA RECEITA FEDERAL DO BRASIL Autor pedido: 49.586.312/0001-18. Contratante: 28.408.293/0001-60
PROCURADORIA-GERAL DA FAZENDA NAC
2026-06-02 09:58:41 | INFO     | __main__:extract_pendencias:210 - [69] Processando: MAPLE REVESTIMENTO LTDA (62.328.532/0001-00)
2026-06-02 09:58:41 | INFO     | __main__:extract_pendencias:222 - PDF encontrado: https://storage.googleapis.com/storagescrapings.appspot.com/ecac/49586312000118/situacao-fiscal-2026-05-22-62328532000100-3420295682666405555.pdf
2026-06-02 09:58:42 | INFO     | __main__:extract_pendencias:231 - Texto extraído (2278 chars). Analisando pendências...
2026-06-02 09:58:42 | INFO     | __main__:extract_pendencias:210 - [70] Processando: MASSA ALIMENTAÇÃO E SERVIÇOS S/A (09.033.381/0001-80)
2026-06-02 09:58:42 | INFO     | __main__:extract_pendencias:222 - PDF encontrado: https://storage.googleapis.com/storagescrapings.appspot.com/ecac/49586312000118/situacao-fiscal-2026-05-22-09033381000180--2191779148223486345.pdf
2026-06-02 09:58:43 | INFO     | __main__:extract_pendencias:231 - Texto extraído (34346 chars). Analisando pendências...
2026-06-02 09:58:43 | INFO     | __main__:extract_pendencias:210 - [71] Processando: MASSA ALIMENTAÇÃO E SERVIÇOS S/A (09.033.381/0014-02)
2026-06-02 09:58:43 | INFO     | __main__:extract_pendencias:222 - PDF encontrado: https://storage.googleapis.com/storagescrapings.appspot.com/ecac/49586312000118/situacao-fiscal-2026-05-22-09033381001402-1306466645565604250.pdf
2026-06-02 09:58:45 | INFO     | __main__:extract_pendencias:231 - Texto extraído (35156 chars). Analisando pendências...
2026-06-02 09:58:45 | INFO     | __main__:extract_pendencias:210 - [72] Processando: MASSA ALIMENTAÇÃO E SERVIÇOS S/A (09.033.381/0005-03)
2026-06-02 09:58:45 | INFO     | __main__:extract_pendencias:222 - PDF encontrado: https://storage.googleapis.com/storagescrapings.appspot.com/ecac/49586312000118/situacao-fiscal-2026-05-22-09033381000503-3046521122165435833.pdf
2026-06-02 09:58:47 | INFO     | __main__:extract_pendencias:231 - Texto extraído (35108 chars). Analisando pendências...
2026-06-02 09:58:47 | INFO     | __main__:extract_pendencias:210 - [73] Processando: MAX CALCADOS DA BAHIA LTDA. (22.331.256/0001-14)
2026-06-02 09:58:47 | INFO     | __main__:extract_pendencias:222 - PDF encontrado: https://storage.googleapis.com/storagescrapings.appspot.com/ecac/49586312000118/situacao-fiscal-2026-05-22-22331256000114-5180059595250383582.pdf
2026-06-02 09:58:49 | INFO     | __main__:extract_pendencias:231 - Texto extraído (35951 chars). Analisando pendências...
2026-06-02 09:58:49 | INFO     | __main__:extract_pendencias:210 - [74] Processando: MENERI TRANSPORTE, LOGISTICA E PARTICIPACOES LTDA (15.571.070/0001-77)
2026-06-02 09:58:49 | INFO     | __main__:extract_pendencias:222 - PDF encontrado: https://storage.googleapis.com/storagescrapings.appspot.com/ecac/49586312000118/situacao-fiscal-2026-05-22-15571070000177-5440732694518287215.pdf
2026-06-02 09:58:50 | INFO     | __main__:extract_pendencias:231 - Texto extraído (3336 chars). Analisando pendências...
2026-06-02 09:58:50 | INFO     | __main__:extract_pendencias:179 - Processando página 4...
2026-06-02 09:58:50 | INFO     | __main__:extract_pendencias:186 - Encontradas 20 empresas com Pendência na página 4
2026-06-02 09:58:50 | INFO     | __main__:extract_pendencias:210 - [75] Processando: MINIMERCADO SANTO ANTONIO DE JESUS LTDA (63.801.749/0001-58)
2026-06-02 09:58:50 | INFO     | __main__:extract_pendencias:222 - PDF encontrado: https://storage.googleapis.com/storagescrapings.appspot.com/ecac/49586312000118/situacao-fiscal-2026-05-22-63801749000158--7787200607163365166.pdf
2026-06-02 09:58:50 | INFO     | __main__:extract_pendencias:231 - Texto extraído (2795 chars). Analisando pendências...
2026-06-02 09:58:50 | WARNING  | __main__:extract_pendencias:235 - SiefParser sem pendências. Primeiros 200 chars: MINISTÉRIO DA ECONOMIA Por meio do Integra Contador
SECRETARIA ESPECIAL DA RECEITA FEDERAL DO BRASIL Autor pedido: 49.586.312/0001-18. Contratante: 28.408.293/0001-60
PROCURADORIA-GERAL DA FAZENDA NAC
2026-06-02 09:58:50 | INFO     | __main__:extract_pendencias:210 - [76] Processando: MIRANDA E ROCHA LIMA LTDA (13.959.382/0001-27)
2026-06-02 09:58:50 | INFO     | __main__:extract_pendencias:222 - PDF encontrado: https://storage.googleapis.com/storagescrapings.appspot.com/ecac/49586312000118/situacao-fiscal-2026-05-22-13959382000127--1201586596599035188.pdf
2026-06-02 09:58:51 | INFO     | __main__:extract_pendencias:231 - Texto extraído (3288 chars). Analisando pendências...
2026-06-02 09:58:51 | INFO     | __main__:extract_pendencias:210 - [77] Processando: MONUMENTAL DO BRASIL LTDA. (18.783.002/0001-60)
2026-06-02 09:58:51 | INFO     | __main__:extract_pendencias:222 - PDF encontrado: https://storage.googleapis.com/storagescrapings.appspot.com/ecac/49586312000118/situacao-fiscal-2026-05-22-18783002000160--7202305690879396784.pdf
2026-06-02 09:58:51 | INFO     | __main__:extract_pendencias:231 - Texto extraído (2896 chars). Analisando pendências...
2026-06-02 09:58:51 | INFO     | __main__:extract_pendencias:210 - [78] Processando: NACIONAL PARTICIPACOES S. A (24.605.630/0001-58)
2026-06-02 09:58:51 | INFO     | __main__:extract_pendencias:222 - PDF encontrado: https://storage.googleapis.com/storagescrapings.appspot.com/ecac/49586312000118/situacao-fiscal-2026-05-22-24605630000158-313722210833487138.pdf
2026-06-02 09:58:52 | INFO     | __main__:extract_pendencias:231 - Texto extraído (2231 chars). Analisando pendências...
2026-06-02 09:58:52 | WARNING  | __main__:extract_pendencias:235 - SiefParser sem pendências. Primeiros 200 chars: MINISTÉRIO DA ECONOMIA Por meio do Integra Contador
SECRETARIA ESPECIAL DA RECEITA FEDERAL DO BRASIL Autor pedido: 49.586.312/0001-18. Contratante: 28.408.293/0001-60
PROCURADORIA-GERAL DA FAZENDA NAC
2026-06-02 09:58:52 | INFO     | __main__:extract_pendencias:210 - [79] Processando: NATSU - RESTAURANTE LTDA (07.716.237/0001-12)
2026-06-02 09:58:52 | INFO     | __main__:extract_pendencias:222 - PDF encontrado: https://storage.googleapis.com/storagescrapings.appspot.com/ecac/49586312000118/situacao-fiscal-2026-05-27-07716237000112--2212816246096836359.pdf
2026-06-02 09:58:52 | INFO     | __main__:extract_pendencias:231 - Texto extraído (4023 chars). Analisando pendências...
2026-06-02 09:58:52 | INFO     | __main__:extract_pendencias:210 - [80] Processando: NORSAN CONSULTORIA EM GESTAO EMPRESARIAL LTDA (40.626.350/0001-82)
2026-06-02 09:58:52 | INFO     | __main__:extract_pendencias:222 - PDF encontrado: https://storage.googleapis.com/storagescrapings.appspot.com/ecac/49586312000118/situacao-fiscal-2026-05-27-40626350000182--1327555572177698756.pdf
2026-06-02 09:58:53 | INFO     | __main__:extract_pendencias:231 - Texto extraído (8305 chars). Analisando pendências...
2026-06-02 09:58:53 | INFO     | __main__:extract_pendencias:210 - [81] Processando: NOVE PATRIMONIAL LTDA (08.894.711/0001-69)
2026-06-02 09:58:53 | INFO     | __main__:extract_pendencias:222 - PDF encontrado: https://storage.googleapis.com/storagescrapings.appspot.com/ecac/49586312000118/situacao-fiscal-2026-05-22-08894711000169--4987779178114817972.pdf
2026-06-02 09:58:53 | INFO     | __main__:extract_pendencias:231 - Texto extraído (2979 chars). Analisando pendências...
2026-06-02 09:58:53 | WARNING  | __main__:extract_pendencias:235 - SiefParser sem pendências. Primeiros 200 chars: MINISTÉRIO DA ECONOMIA Por meio do Integra Contador
SECRETARIA ESPECIAL DA RECEITA FEDERAL DO BRASIL Autor pedido: 49.586.312/0001-18. Contratante: 28.408.293/0001-60
PROCURADORIA-GERAL DA FAZENDA NAC
2026-06-02 09:58:53 | INFO     | __main__:extract_pendencias:210 - [82] Processando: PARAISO EMPREENDIMENTOS LTDA (34.099.622/0001-30)
2026-06-02 09:58:53 | INFO     | __main__:extract_pendencias:222 - PDF encontrado: https://storage.googleapis.com/storagescrapings.appspot.com/ecac/49586312000118/situacao-fiscal-2026-05-23-34099622000130-8910383578935014134.pdf
2026-06-02 09:58:54 | INFO     | __main__:extract_pendencias:231 - Texto extraído (7440 chars). Analisando pendências...
2026-06-02 09:58:54 | WARNING  | __main__:extract_pendencias:235 - SiefParser sem pendências. Primeiros 200 chars: MINISTÉRIO DA ECONOMIA Por meio do Integra Contador
SECRETARIA ESPECIAL DA RECEITA FEDERAL DO BRASIL Autor pedido: 49.586.312/0001-18. Contratante: 28.408.293/0001-60
PROCURADORIA-GERAL DA FAZENDA NAC
2026-06-02 09:58:54 | INFO     | __main__:extract_pendencias:210 - [83] Processando: PATRIMONIAL COSTA CARNEIRO LTDA (05.416.834/0001-04)
2026-06-02 09:58:54 | INFO     | __main__:extract_pendencias:222 - PDF encontrado: https://storage.googleapis.com/storagescrapings.appspot.com/ecac/49586312000118/situacao-fiscal-2026-05-22-05416834000104-912696855932879513.pdf
2026-06-02 09:58:54 | INFO     | __main__:extract_pendencias:231 - Texto extraído (2313 chars). Analisando pendências...
2026-06-02 09:58:54 | INFO     | __main__:extract_pendencias:210 - [84] Processando: PATRIMONIAL PELICANO LTDA (05.288.708/0001-03)
2026-06-02 09:58:54 | INFO     | __main__:extract_pendencias:222 - PDF encontrado: https://storage.googleapis.com/storagescrapings.appspot.com/ecac/49586312000118/situacao-fiscal-2026-05-27-05288708000103-3294623110248411582.pdf
2026-06-02 09:58:55 | INFO     | __main__:extract_pendencias:231 - Texto extraído (2707 chars). Analisando pendências...
2026-06-02 09:58:55 | WARNING  | __main__:extract_pendencias:235 - SiefParser sem pendências. Primeiros 200 chars: MINISTÉRIO DA ECONOMIA Por meio do Integra Contador
SECRETARIA ESPECIAL DA RECEITA FEDERAL DO BRASIL Autor pedido: 49.586.312/0001-18. Contratante: 28.408.293/0001-60
PROCURADORIA-GERAL DA FAZENDA NAC
2026-06-02 09:58:55 | INFO     | __main__:extract_pendencias:210 - [85] Processando: PATRIMONIAL SAO GONCALO LTDA. (07.224.478/0001-44)
2026-06-02 09:58:55 | INFO     | __main__:extract_pendencias:222 - PDF encontrado: https://storage.googleapis.com/storagescrapings.appspot.com/ecac/49586312000118/situacao-fiscal-2026-05-22-07224478000144--3572299426195832691.pdf
2026-06-02 09:58:55 | INFO     | __main__:extract_pendencias:231 - Texto extraído (3379 chars). Analisando pendências...
2026-06-02 09:58:55 | WARNING  | __main__:extract_pendencias:235 - SiefParser sem pendências. Primeiros 200 chars: MINISTÉRIO DA ECONOMIA Por meio do Integra Contador
SECRETARIA ESPECIAL DA RECEITA FEDERAL DO BRASIL Autor pedido: 49.586.312/0001-18. Contratante: 28.408.293/0001-60
PROCURADORIA-GERAL DA FAZENDA NAC
2026-06-02 09:58:55 | INFO     | __main__:extract_pendencias:210 - [86] Processando: PATROL CONSTRUCOES LTDA (01.086.932/0001-61)
2026-06-02 09:58:55 | INFO     | __main__:extract_pendencias:222 - PDF encontrado: https://storage.googleapis.com/storagescrapings.appspot.com/ecac/49586312000118/situacao-fiscal-2026-05-22-01086932000161-904756010774913099.pdf
2026-06-02 09:58:56 | INFO     | __main__:extract_pendencias:231 - Texto extraído (21830 chars). Analisando pendências...
2026-06-02 09:58:56 | WARNING  | __main__:extract_pendencias:235 - SiefParser sem pendências. Primeiros 200 chars: MINISTÉRIO DA ECONOMIA Por meio do Integra Contador
SECRETARIA ESPECIAL DA RECEITA FEDERAL DO BRASIL Autor pedido: 49.586.312/0001-18. Contratante: 28.408.293/0001-60
PROCURADORIA-GERAL DA FAZENDA NAC
2026-06-02 09:58:56 | INFO     | __main__:extract_pendencias:210 - [87] Processando: PDK ADMINISTRADORA DE BENS LTDA (08.000.034/0001-98)
2026-06-02 09:58:56 | INFO     | __main__:extract_pendencias:222 - PDF encontrado: https://storage.googleapis.com/storagescrapings.appspot.com/ecac/49586312000118/situacao-fiscal-2026-05-29-08000034000198--1064558882438012990.pdf
2026-06-02 09:58:57 | INFO     | __main__:extract_pendencias:231 - Texto extraído (3324 chars). Analisando pendências...
2026-06-02 09:58:57 | INFO     | __main__:extract_pendencias:210 - [88] Processando: PH GESTAO E CONSULTORIA S.A. (25.311.856/0001-09)
2026-06-02 09:58:57 | INFO     | __main__:extract_pendencias:222 - PDF encontrado: https://storage.googleapis.com/storagescrapings.appspot.com/ecac/49586312000118/situacao-fiscal-2026-05-22-25311856000109-5458860131796884153.pdf
2026-06-02 09:58:57 | INFO     | __main__:extract_pendencias:231 - Texto extraído (4319 chars). Analisando pendências...
2026-06-02 09:58:58 | INFO     | __main__:extract_pendencias:210 - [89] Processando: PML REVESTIMENTOS LTDA (40.010.011/0001-77)
2026-06-02 09:58:58 | INFO     | __main__:extract_pendencias:222 - PDF encontrado: https://storage.googleapis.com/storagescrapings.appspot.com/ecac/49586312000118/situacao-fiscal-2026-05-22-40010011000177--4016902240796494606.pdf
2026-06-02 09:58:59 | INFO     | __main__:extract_pendencias:231 - Texto extraído (12659 chars). Analisando pendências...
2026-06-02 09:58:59 | INFO     | __main__:extract_pendencias:210 - [90] Processando: PML REVESTIMENTOS LTDA (40.010.011/0002-58)
2026-06-02 09:58:59 | INFO     | __main__:extract_pendencias:222 - PDF encontrado: https://storage.googleapis.com/storagescrapings.appspot.com/ecac/49586312000118/situacao-fiscal-2026-05-22-40010011000258--2473432709843701249.pdf
2026-06-02 09:58:59 | INFO     | __main__:extract_pendencias:231 - Texto extraído (13105 chars). Analisando pendências...
2026-06-02 09:58:59 | INFO     | __main__:extract_pendencias:210 - [91] Processando: PRIME ALUGUEL DE MAQUINAS LTDA (12.620.821/0001-00)
2026-06-02 09:58:59 | INFO     | __main__:extract_pendencias:222 - PDF encontrado: https://storage.googleapis.com/storagescrapings.appspot.com/ecac/49586312000118/situacao-fiscal-2026-05-29-12620821000100-6323773689542633855.pdf
2026-06-02 09:59:00 | INFO     | __main__:extract_pendencias:231 - Texto extraído (3206 chars). Analisando pendências...
2026-06-02 09:59:00 | INFO     | __main__:extract_pendencias:210 - [92] Processando: QUANTICO MOLDAVITA LTDA (37.250.815/0001-39)
2026-06-02 09:59:00 | INFO     | __main__:extract_pendencias:222 - PDF encontrado: https://storage.googleapis.com/storagescrapings.appspot.com/ecac/49586312000118/situacao-fiscal-2026-05-22-37250815000139-8332908714108655396.pdf
2026-06-02 09:59:00 | INFO     | __main__:extract_pendencias:231 - Texto extraído (2771 chars). Analisando pendências...
2026-06-02 09:59:00 | INFO     | __main__:extract_pendencias:210 - [93] Processando: RC COMERCIO DE ALIMENTOS LTDA (31.495.226/0001-34)
2026-06-02 09:59:00 | INFO     | __main__:extract_pendencias:222 - PDF encontrado: https://storage.googleapis.com/storagescrapings.appspot.com/ecac/49586312000118/situacao-fiscal-2026-05-22-31495226000134--2158593923454933763.pdf
2026-06-02 09:59:01 | INFO     | __main__:extract_pendencias:231 - Texto extraído (9545 chars). Analisando pendências...
2026-06-02 09:59:01 | INFO     | __main__:extract_pendencias:210 - [94] Processando: REINA PIANO LTDA (52.029.265/0001-16)
2026-06-02 09:59:01 | INFO     | __main__:extract_pendencias:222 - PDF encontrado: https://storage.googleapis.com/storagescrapings.appspot.com/ecac/49586312000118/situacao-fiscal-2026-05-22-52029265000116-3622528373260720088.pdf
2026-06-02 09:59:02 | INFO     | __main__:extract_pendencias:231 - Texto extraído (3431 chars). Analisando pendências...
2026-06-02 09:59:02 | INFO     | __main__:extract_pendencias:179 - Processando página 5...
2026-06-02 09:59:02 | INFO     | __main__:extract_pendencias:186 - Encontradas 24 empresas com Pendência na página 5
2026-06-02 09:59:02 | INFO     | __main__:extract_pendencias:210 - [95] Processando: ROBERTA COSTA CARDOSO (34.243.775/0001-00)
2026-06-02 09:59:02 | INFO     | __main__:extract_pendencias:222 - PDF encontrado: https://storage.googleapis.com/storagescrapings.appspot.com/ecac/49586312000118/situacao-fiscal-2026-05-22-34243775000100-6693783164322601322.pdf
2026-06-02 09:59:02 | INFO     | __main__:extract_pendencias:231 - Texto extraído (3719 chars). Analisando pendências...
2026-06-02 09:59:02 | INFO     | __main__:extract_pendencias:210 - [96] Processando: ROSEMERY ALMEIDA MACÊDO (04.689.608/0001-26)
2026-06-02 09:59:02 | INFO     | __main__:extract_pendencias:222 - PDF encontrado: https://storage.googleapis.com/storagescrapings.appspot.com/ecac/49586312000118/situacao-fiscal-2026-05-27-04689608000126-5857967286606191588.pdf
2026-06-02 09:59:04 | INFO     | __main__:extract_pendencias:231 - Texto extraído (45636 chars). Analisando pendências...
2026-06-02 09:59:04 | INFO     | __main__:extract_pendencias:210 - [97] Processando: ROSEMERY ALMEIDA MACÊDO (04.689.608/0002-07)
2026-06-02 09:59:04 | INFO     | __main__:extract_pendencias:222 - PDF encontrado: https://storage.googleapis.com/storagescrapings.appspot.com/ecac/49586312000118/situacao-fiscal-2026-05-27-04689608000207-8236681348932344527.pdf
2026-06-02 09:59:07 | INFO     | __main__:extract_pendencias:231 - Texto extraído (46041 chars). Analisando pendências...
2026-06-02 09:59:07 | INFO     | __main__:extract_pendencias:210 - [98] Processando: ROSEMERY ALMEIDA MACÊDO (04.689.608/0003-98)
2026-06-02 09:59:07 | INFO     | __main__:extract_pendencias:222 - PDF encontrado: https://storage.googleapis.com/storagescrapings.appspot.com/ecac/49586312000118/situacao-fiscal-2026-05-22-04689608000398-1690886399591407781.pdf
2026-06-02 09:59:09 | INFO     | __main__:extract_pendencias:231 - Texto extraído (43077 chars). Analisando pendências...
2026-06-02 09:59:09 | INFO     | __main__:extract_pendencias:210 - [99] Processando: S A 4 MARKETING EMPRESARIAL LTDA. (09.199.339/0001-33)
2026-06-02 09:59:09 | INFO     | __main__:extract_pendencias:222 - PDF encontrado: https://storage.googleapis.com/storagescrapings.appspot.com/ecac/49586312000118/situacao-fiscal-2026-05-22-09199339000133--5866562517804633017.pdf
2026-06-02 09:59:09 | INFO     | __main__:extract_pendencias:231 - Texto extraído (2732 chars). Analisando pendências...
2026-06-02 09:59:09 | INFO     | __main__:extract_pendencias:210 - [100] Processando: SAMP ADMINISTRACAO LTDA (33.903.444/0001-96)
2026-06-02 09:59:09 | INFO     | __main__:extract_pendencias:222 - PDF encontrado: https://storage.googleapis.com/storagescrapings.appspot.com/ecac/49586312000118/situacao-fiscal-2026-05-27-33903444000196-2941718750996343628.pdf
2026-06-02 09:59:10 | INFO     | __main__:extract_pendencias:231 - Texto extraído (2743 chars). Analisando pendências...
2026-06-02 09:59:10 | WARNING  | __main__:extract_pendencias:235 - SiefParser sem pendências. Primeiros 200 chars: MINISTÉRIO DA ECONOMIA Por meio do Integra Contador
SECRETARIA ESPECIAL DA RECEITA FEDERAL DO BRASIL Autor pedido: 49.586.312/0001-18. Contratante: 28.408.293/0001-60
PROCURADORIA-GERAL DA FAZENDA NAC
2026-06-02 09:59:10 | WARNING  | __main__:extract_pendencias:255 - Lote de 50 atingido. Reiniciando sessão...
2026-06-02 09:59:10 | INFO     | __main__:extract_pendencias:139 - --- INICIANDO SESSÃO (Batch 3, Página 5) ---
2026-06-02 09:59:11 | INFO     | __main__:_login:22 - Navegando para o login em https://49586312000118.veri.com.br//login
2026-06-02 09:59:12 | INFO     | __main__:_login:25 - Inserindo credenciais...
2026-06-02 09:59:14 | INFO     | __main__:_login:35 - Aguardando redirecionamento pós-login...
2026-06-02 09:59:16 | SUCCESS  | __main__:_login:50 - Logado com sucesso.
2026-06-02 09:59:16 | INFO     | __main__:extract_pendencias:166 - Navegando para lista geral (Resumo na pág 5)...
2026-06-02 09:59:17 | INFO     | __main__:extract_pendencias:172 - Avançando para página 2 para retomar...
2026-06-02 09:59:18 | INFO     | __main__:extract_pendencias:172 - Avançando para página 3 para retomar...
2026-06-02 09:59:19 | INFO     | __main__:extract_pendencias:172 - Avançando para página 4 para retomar...
2026-06-02 09:59:20 | INFO     | __main__:extract_pendencias:172 - Avançando para página 5 para retomar...
2026-06-02 09:59:22 | INFO     | __main__:extract_pendencias:179 - Processando página 5...
2026-06-02 09:59:22 | INFO     | __main__:extract_pendencias:186 - Encontradas 24 empresas com Pendência na página 5
2026-06-02 09:59:22 | INFO     | __main__:extract_pendencias:210 - [101] Processando: ROBERTA COSTA CARDOSO (34.243.775/0001-00)
2026-06-02 09:59:22 | INFO     | __main__:extract_pendencias:222 - PDF encontrado: https://storage.googleapis.com/storagescrapings.appspot.com/ecac/49586312000118/situacao-fiscal-2026-05-22-34243775000100-6693783164322601322.pdf
2026-06-02 09:59:22 | INFO     | __main__:extract_pendencias:231 - Texto extraído (3719 chars). Analisando pendências...
2026-06-02 09:59:22 | INFO     | __main__:extract_pendencias:210 - [102] Processando: ROSEMERY ALMEIDA MACÊDO (04.689.608/0001-26)
2026-06-02 09:59:22 | INFO     | __main__:extract_pendencias:222 - PDF encontrado: https://storage.googleapis.com/storagescrapings.appspot.com/ecac/49586312000118/situacao-fiscal-2026-05-27-04689608000126-5857967286606191588.pdf
2026-06-02 09:59:25 | INFO     | __main__:extract_pendencias:231 - Texto extraído (45636 chars). Analisando pendências...
2026-06-02 09:59:25 | INFO     | __main__:extract_pendencias:210 - [103] Processando: ROSEMERY ALMEIDA MACÊDO (04.689.608/0002-07)
2026-06-02 09:59:25 | INFO     | __main__:extract_pendencias:222 - PDF encontrado: https://storage.googleapis.com/storagescrapings.appspot.com/ecac/49586312000118/situacao-fiscal-2026-05-27-04689608000207-8236681348932344527.pdf
2026-06-02 09:59:27 | INFO     | __main__:extract_pendencias:231 - Texto extraído (46041 chars). Analisando pendências...
2026-06-02 09:59:27 | INFO     | __main__:extract_pendencias:210 - [104] Processando: ROSEMERY ALMEIDA MACÊDO (04.689.608/0003-98)
2026-06-02 09:59:27 | INFO     | __main__:extract_pendencias:222 - PDF encontrado: https://storage.googleapis.com/storagescrapings.appspot.com/ecac/49586312000118/situacao-fiscal-2026-05-22-04689608000398-1690886399591407781.pdf
2026-06-02 09:59:29 | INFO     | __main__:extract_pendencias:231 - Texto extraído (43077 chars). Analisando pendências...
2026-06-02 09:59:29 | INFO     | __main__:extract_pendencias:210 - [105] Processando: S A 4 MARKETING EMPRESARIAL LTDA. (09.199.339/0001-33)
2026-06-02 09:59:29 | INFO     | __main__:extract_pendencias:222 - PDF encontrado: https://storage.googleapis.com/storagescrapings.appspot.com/ecac/49586312000118/situacao-fiscal-2026-05-22-09199339000133--5866562517804633017.pdf
2026-06-02 09:59:30 | INFO     | __main__:extract_pendencias:231 - Texto extraído (2732 chars). Analisando pendências...
2026-06-02 09:59:30 | INFO     | __main__:extract_pendencias:210 - [106] Processando: SAMP ADMINISTRACAO LTDA (33.903.444/0001-96)
2026-06-02 09:59:30 | INFO     | __main__:extract_pendencias:222 - PDF encontrado: https://storage.googleapis.com/storagescrapings.appspot.com/ecac/49586312000118/situacao-fiscal-2026-05-27-33903444000196-2941718750996343628.pdf
2026-06-02 09:59:30 | INFO     | __main__:extract_pendencias:231 - Texto extraído (2743 chars). Analisando pendências...
2026-06-02 09:59:30 | WARNING  | __main__:extract_pendencias:235 - SiefParser sem pendências. Primeiros 200 chars: MINISTÉRIO DA ECONOMIA Por meio do Integra Contador
SECRETARIA ESPECIAL DA RECEITA FEDERAL DO BRASIL Autor pedido: 49.586.312/0001-18. Contratante: 28.408.293/0001-60
PROCURADORIA-GERAL DA FAZENDA NAC
2026-06-02 09:59:30 | INFO     | __main__:extract_pendencias:210 - [107] Processando: SAO PEDRO CONSTRUTORA LTDA (03.051.741/0001-90)
2026-06-02 09:59:30 | INFO     | __main__:extract_pendencias:222 - PDF encontrado: https://storage.googleapis.com/storagescrapings.appspot.com/ecac/49586312000118/situacao-fiscal-2026-05-27-03051741000190--1428912762305358341.pdf
2026-06-02 09:59:31 | INFO     | __main__:extract_pendencias:231 - Texto extraído (3383 chars). Analisando pendências...
2026-06-02 09:59:31 | INFO     | __main__:extract_pendencias:210 - [108] Processando: SARAVIMANA PATRIMONIAL LTDA. (04.904.636/0001-19)
2026-06-02 09:59:31 | INFO     | __main__:extract_pendencias:222 - PDF encontrado: https://storage.googleapis.com/storagescrapings.appspot.com/ecac/49586312000118/situacao-fiscal-2026-05-22-04904636000119--2720819135574662310.pdf
2026-06-02 09:59:31 | INFO     | __main__:extract_pendencias:231 - Texto extraído (3464 chars). Analisando pendências...
2026-06-02 09:59:31 | INFO     | __main__:extract_pendencias:210 - [109] Processando: SERRA DA ESTRELA PATRIMONIAL S/A. (04.091.558/0001-80)
2026-06-02 09:59:31 | INFO     | __main__:extract_pendencias:222 - PDF encontrado: https://storage.googleapis.com/storagescrapings.appspot.com/ecac/49586312000118/situacao-fiscal-2026-05-22-04091558000180--8354878563274342211.pdf
2026-06-02 09:59:32 | INFO     | __main__:extract_pendencias:231 - Texto extraído (2838 chars). Analisando pendências...
2026-06-02 09:59:32 | INFO     | __main__:extract_pendencias:210 - [110] Processando: SERRA NEGRA PARTICIPACOES LTDA (15.332.740/0001-00)
2026-06-02 09:59:32 | INFO     | __main__:extract_pendencias:222 - PDF encontrado: https://storage.googleapis.com/storagescrapings.appspot.com/ecac/49586312000118/situacao-fiscal-2026-05-22-15332740000100-6577258405291245537.pdf
2026-06-02 09:59:32 | INFO     | __main__:extract_pendencias:231 - Texto extraído (3534 chars). Analisando pendências...
2026-06-02 09:59:32 | INFO     | __main__:extract_pendencias:210 - [111] Processando: SERVIR SEGURANCA E VIGILANCIA LTDA (02.642.837/0001-60)
2026-06-02 09:59:32 | INFO     | __main__:extract_pendencias:222 - PDF encontrado: https://storage.googleapis.com/storagescrapings.appspot.com/ecac/49586312000118/situacao-fiscal-2026-05-22-02642837000160-4504848898131319948.pdf
2026-06-02 09:59:33 | INFO     | __main__:extract_pendencias:231 - Texto extraído (7469 chars). Analisando pendências...
2026-06-02 09:59:33 | INFO     | __main__:extract_pendencias:210 - [112] Processando: SINAL CONSTRUTORA LTDA (33.811.381/0001-48)
2026-06-02 09:59:33 | INFO     | __main__:extract_pendencias:222 - PDF encontrado: https://storage.googleapis.com/storagescrapings.appspot.com/ecac/49586312000118/situacao-fiscal-2026-05-27-33811381000148-5809363753282569143.pdf
2026-06-02 09:59:33 | INFO     | __main__:extract_pendencias:231 - Texto extraído (7186 chars). Analisando pendências...
2026-06-02 09:59:33 | WARNING  | __main__:extract_pendencias:235 - SiefParser sem pendências. Primeiros 200 chars: MINISTÉRIO DA ECONOMIA Por meio do Integra Contador
SECRETARIA ESPECIAL DA RECEITA FEDERAL DO BRASIL Autor pedido: 49.586.312/0001-18. Contratante: 28.408.293/0001-60
PROCURADORIA-GERAL DA FAZENDA NAC
2026-06-02 09:59:33 | INFO     | __main__:extract_pendencias:210 - [113] Processando: SINDICATO DOS DELEGADOS DE POLICIA DO ESTADO DA BAHIA - ADPEB/SINDICATO (73.393.696/0001-37)
2026-06-02 09:59:33 | INFO     | __main__:extract_pendencias:222 - PDF encontrado: https://storage.googleapis.com/storagescrapings.appspot.com/ecac/49586312000118/situacao-fiscal-2026-05-22-73393696000137--2542308050416388778.pdf
2026-06-02 09:59:34 | INFO     | __main__:extract_pendencias:231 - Texto extraído (3186 chars). Analisando pendências...
2026-06-02 09:59:34 | INFO     | __main__:extract_pendencias:210 - [114] Processando: STAUMMAQ SERVICOS TECNICOS AUTOMACAO MOTORES E MAQUINAS LTDA (02.370.080/0001-00)
2026-06-02 09:59:34 | INFO     | __main__:extract_pendencias:222 - PDF encontrado: https://storage.googleapis.com/storagescrapings.appspot.com/ecac/49586312000118/situacao-fiscal-2026-05-22-02370080000100--5765333278036069936.pdf
2026-06-02 09:59:35 | INFO     | __main__:extract_pendencias:231 - Texto extraído (12382 chars). Analisando pendências...
2026-06-02 09:59:35 | INFO     | __main__:extract_pendencias:210 - [115] Processando: STELU PATRIMONIAL LIMITADA (11.501.054/0001-57)
2026-06-02 09:59:35 | INFO     | __main__:extract_pendencias:222 - PDF encontrado: https://storage.googleapis.com/storagescrapings.appspot.com/ecac/49586312000118/situacao-fiscal-2026-05-22-11501054000157--1129733188019499627.pdf
2026-06-02 09:59:35 | INFO     | __main__:extract_pendencias:231 - Texto extraído (3403 chars). Analisando pendências...
2026-06-02 09:59:35 | INFO     | __main__:extract_pendencias:210 - [116] Processando: STK - ENSINO MEDIO LTDA. (07.007.823/0001-98)
2026-06-02 09:59:35 | INFO     | __main__:extract_pendencias:222 - PDF encontrado: https://storage.googleapis.com/storagescrapings.appspot.com/ecac/49586312000118/situacao-fiscal-2026-05-22-07007823000198-8760018206491053929.pdf
2026-06-02 09:59:36 | INFO     | __main__:extract_pendencias:231 - Texto extraído (7872 chars). Analisando pendências...
2026-06-02 09:59:36 | INFO     | __main__:extract_pendencias:210 - [117] Processando: TAMP - ENSINO FUNDAMENTAL LTDA. (04.607.541/0001-33)
2026-06-02 09:59:36 | INFO     | __main__:extract_pendencias:222 - PDF encontrado: https://storage.googleapis.com/storagescrapings.appspot.com/ecac/49586312000118/situacao-fiscal-2026-05-22-04607541000133-7515511694688024766.pdf
2026-06-02 09:59:37 | INFO     | __main__:extract_pendencias:231 - Texto extraído (19990 chars). Analisando pendências...
2026-06-02 09:59:37 | INFO     | __main__:extract_pendencias:210 - [118] Processando: TECMARQUES ASSOCIADOS LTDA (48.772.387/0001-20)
2026-06-02 09:59:37 | INFO     | __main__:extract_pendencias:222 - PDF encontrado: https://storage.googleapis.com/storagescrapings.appspot.com/ecac/49586312000118/situacao-fiscal-2026-05-22-48772387000120--1619794619520664963.pdf
2026-06-02 09:59:38 | INFO     | __main__:extract_pendencias:231 - Texto extraído (3722 chars). Analisando pendências...
2026-06-02 09:59:38 | INFO     | __main__:extract_pendencias:210 - [119] Processando: TEMIS PROJETOS DE MEIO AMBIENTE E SUSTENTABILIDADE LTDA (07.345.543/0001-90)
2026-06-02 09:59:38 | INFO     | __main__:extract_pendencias:222 - PDF encontrado: https://storage.googleapis.com/storagescrapings.appspot.com/ecac/49586312000118/situacao-fiscal-2026-05-22-07345543000190-2185065690376802309.pdf
2026-06-02 09:59:38 | INFO     | __main__:extract_pendencias:231 - Texto extraído (2872 chars). Analisando pendências...
2026-06-02 09:59:38 | WARNING  | __main__:extract_pendencias:235 - SiefParser sem pendências. Primeiros 200 chars: MINISTÉRIO DA ECONOMIA Por meio do Integra Contador
SECRETARIA ESPECIAL DA RECEITA FEDERAL DO BRASIL Autor pedido: 49.586.312/0001-18. Contratante: 28.408.293/0001-60
PROCURADORIA-GERAL DA FAZENDA NAC
2026-06-02 09:59:38 | INFO     | __main__:extract_pendencias:210 - [120] Processando: TEPUK COMÉRCIO DE ARTIGOS DO VESTUARIO LTDA (26.219.076/0001-04)
2026-06-02 09:59:38 | INFO     | __main__:extract_pendencias:222 - PDF encontrado: https://storage.googleapis.com/storagescrapings.appspot.com/ecac/49586312000118/situacao-fiscal-2026-05-22-26219076000104--7757151283428987037.pdf
2026-06-02 09:59:39 | INFO     | __main__:extract_pendencias:231 - Texto extraído (3256 chars). Analisando pendências...
2026-06-02 09:59:39 | INFO     | __main__:extract_pendencias:210 - [121] Processando: TEREZA CRISTINA DE ANDRADE CRUZ - EPP (29.278.328/0001-56)
2026-06-02 09:59:39 | INFO     | __main__:extract_pendencias:222 - PDF encontrado: https://storage.googleapis.com/storagescrapings.appspot.com/ecac/49586312000118/situacao-fiscal-2026-05-27-29278328000156-1173451726075844245.pdf
2026-06-02 09:59:39 | INFO     | __main__:extract_pendencias:231 - Texto extraído (3433 chars). Analisando pendências...
2026-06-02 09:59:39 | INFO     | __main__:extract_pendencias:210 - [122] Processando: TOK UNIFORMES COMERCIO DE CONFECCOES LTDA (25.190.228/0001-12)
2026-06-02 09:59:39 | INFO     | __main__:extract_pendencias:222 - PDF encontrado: https://storage.googleapis.com/storagescrapings.appspot.com/ecac/49586312000118/situacao-fiscal-2026-05-22-25190228000112--6471713443181339143.pdf
2026-06-02 09:59:40 | INFO     | __main__:extract_pendencias:231 - Texto extraído (2906 chars). Analisando pendências...
2026-06-02 09:59:40 | INFO     | __main__:extract_pendencias:210 - [123] Processando: TR GESTAO E SERVICOS LTDA (35.840.382/0001-46)
2026-06-02 09:59:40 | INFO     | __main__:extract_pendencias:222 - PDF encontrado: https://storage.googleapis.com/storagescrapings.appspot.com/ecac/49586312000118/situacao-fiscal-2026-05-22-35840382000146-1642186205862359530.pdf
2026-06-02 09:59:40 | INFO     | __main__:extract_pendencias:231 - Texto extraído (2784 chars). Analisando pendências...
2026-06-02 09:59:40 | INFO     | __main__:extract_pendencias:210 - [124] Processando: TXB INVESTIMENTOS LTDA. (20.287.189/0001-52)
2026-06-02 09:59:40 | INFO     | __main__:extract_pendencias:222 - PDF encontrado: https://storage.googleapis.com/storagescrapings.appspot.com/ecac/49586312000118/situacao-fiscal-2026-05-27-20287189000152-3759065615107606211.pdf
2026-06-02 09:59:41 | INFO     | __main__:extract_pendencias:231 - Texto extraído (3030 chars). Analisando pendências...
2026-06-02 09:59:41 | WARNING  | __main__:extract_pendencias:235 - SiefParser sem pendências. Primeiros 200 chars: MINISTÉRIO DA ECONOMIA Por meio do Integra Contador
SECRETARIA ESPECIAL DA RECEITA FEDERAL DO BRASIL Autor pedido: 49.586.312/0001-18. Contratante: 28.408.293/0001-60
PROCURADORIA-GERAL DA FAZENDA NAC
2026-06-02 09:59:41 | INFO     | __main__:extract_pendencias:179 - Processando página 6...
2026-06-02 09:59:41 | INFO     | __main__:extract_pendencias:186 - Encontradas 4 empresas com Pendência na página 6
2026-06-02 09:59:41 | INFO     | __main__:extract_pendencias:210 - [125] Processando: VERTEX SOLUTION EM SERVICOS LTDA (58.269.983/0001-46)
2026-06-02 09:59:41 | INFO     | __main__:extract_pendencias:222 - PDF encontrado: https://storage.googleapis.com/storagescrapings.appspot.com/ecac/49586312000118/situacao-fiscal-2026-05-22-58269983000146-8220427998895548328.pdf
2026-06-02 09:59:41 | INFO     | __main__:extract_pendencias:231 - Texto extraído (2848 chars). Analisando pendências...
2026-06-02 09:59:41 | INFO     | __main__:extract_pendencias:210 - [126] Processando: VITRINE DA CERVEJA LTDA (18.490.365/0001-07)
2026-06-02 09:59:41 | INFO     | __main__:extract_pendencias:222 - PDF encontrado: https://storage.googleapis.com/storagescrapings.appspot.com/ecac/49586312000118/situacao-fiscal-2026-05-22-18490365000107-2755675413332243946.pdf
2026-06-02 09:59:43 | INFO     | __main__:extract_pendencias:231 - Texto extraído (31489 chars). Analisando pendências...
2026-06-02 09:59:43 | INFO     | __main__:extract_pendencias:210 - [127] Processando: VOLTA DO RIO PATRIMONIAL S/A. (04.771.186/0001-33)
2026-06-02 09:59:43 | INFO     | __main__:extract_pendencias:222 - PDF encontrado: https://storage.googleapis.com/storagescrapings.appspot.com/ecac/49586312000118/situacao-fiscal-2026-05-22-04771186000133--6576596395908469110.pdf
2026-06-02 09:59:44 | INFO     | __main__:extract_pendencias:231 - Texto extraído (7672 chars). Analisando pendências...
2026-06-02 09:59:44 | WARNING  | __main__:extract_pendencias:235 - SiefParser sem pendências. Primeiros 200 chars: MINISTÉRIO DA ECONOMIA Por meio do Integra Contador
SECRETARIA ESPECIAL DA RECEITA FEDERAL DO BRASIL Autor pedido: 49.586.312/0001-18. Contratante: 28.408.293/0001-60
PROCURADORIA-GERAL DA FAZENDA NAC
2026-06-02 09:59:44 | INFO     | __main__:extract_pendencias:210 - [128] Processando: WAR PATRIMONIAL LTDA (05.220.129/0001-29)
2026-06-02 09:59:44 | INFO     | __main__:extract_pendencias:222 - PDF encontrado: https://storage.googleapis.com/storagescrapings.appspot.com/ecac/49586312000118/situacao-fiscal-2026-05-22-05220129000129--1369835539111458292.pdf
2026-06-02 09:59:44 | INFO     | __main__:extract_pendencias:231 - Texto extraído (3214 chars). Analisando pendências...
2026-06-02 09:59:55 | SUCCESS  | __main__:extract_pendencias:313 - Relatórios separados gerados com sucesso na pasta logs/.
2026-06-03 09:40:05 | INFO     | src.core.utils:clear_logs_directory:15 - Limpando diretório de saída: logs...
2026-06-03 09:40:05 | SUCCESS  | src.core.utils:clear_logs_directory:31 - Limpeza concluída com sucesso.
2026-06-03 09:40:05 | INFO     | __main__:extract_pendencias:139 - --- INICIANDO SESSÃO (Batch 1, Página 1) ---
2026-06-03 09:40:07 | INFO     | __main__:_login:22 - Navegando para o login em https://49586312000118.veri.com.br//login
2026-06-03 09:40:08 | INFO     | __main__:_login:25 - Inserindo credenciais...
2026-06-03 09:40:09 | INFO     | __main__:_login:35 - Aguardando redirecionamento pós-login...
2026-06-03 09:40:12 | SUCCESS  | __main__:_login:50 - Logado com sucesso.
2026-06-03 09:40:12 | INFO     | __main__:extract_pendencias:166 - Navegando para lista geral (Resumo na pág 1)...
2026-06-03 09:40:12 | INFO     | __main__:extract_pendencias:179 - Processando página 1...
2026-06-03 09:40:13 | INFO     | __main__:extract_pendencias:186 - Encontradas 16 empresas com Pendência na página 1
2026-06-03 09:40:13 | INFO     | __main__:extract_pendencias:210 - [1] Processando: 19.477.725 AMANE AGUIAR DIAS DE AZEVEDO (19.477.725/0001-01)
2026-06-03 09:40:13 | INFO     | __main__:extract_pendencias:222 - PDF encontrado: https://storage.googleapis.com/storagescrapings.appspot.com/ecac/49586312000118/situacao-fiscal-2026-05-27-19477725000101--5996073017669466800.pdf
2026-06-03 09:40:14 | INFO     | __main__:extract_pendencias:231 - Texto extraído (2549 chars). Analisando pendências...
2026-06-03 09:40:14 | INFO     | __main__:extract_pendencias:210 - [2] Processando: AG VINHOS E GASTRONOMIA LTDA (62.652.792/0001-36)
2026-06-03 09:40:14 | INFO     | __main__:extract_pendencias:222 - PDF encontrado: https://storage.googleapis.com/storagescrapings.appspot.com/ecac/49586312000118/situacao-fiscal-2026-05-22-62652792000136-6049890159962170344.pdf
2026-06-03 09:40:14 | INFO     | __main__:extract_pendencias:231 - Texto extraído (3858 chars). Analisando pendências...
2026-06-03 09:40:14 | INFO     | __main__:extract_pendencias:210 - [3] Processando: ANJU PARICIPACOES LIMITADA (11.233.811/0001-59)
2026-06-03 09:40:14 | INFO     | __main__:extract_pendencias:222 - PDF encontrado: https://storage.googleapis.com/storagescrapings.appspot.com/ecac/49586312000118/situacao-fiscal-2026-05-22-11233811000159--5972789646735439628.pdf
2026-06-03 09:40:15 | INFO     | __main__:extract_pendencias:231 - Texto extraído (2767 chars). Analisando pendências...
2026-06-03 09:40:15 | INFO     | __main__:extract_pendencias:210 - [4] Processando: BAHIA FARMS INVESTIMENTOS AGRICOLAS LTDA (09.106.487/0001-66)
2026-06-03 09:40:15 | INFO     | __main__:extract_pendencias:222 - PDF encontrado: https://storage.googleapis.com/storagescrapings.appspot.com/ecac/49586312000118/situacao-fiscal-2026-05-22-09106487000166--1243826859144515319.pdf
2026-06-03 09:40:16 | INFO     | __main__:extract_pendencias:231 - Texto extraído (18258 chars). Analisando pendências...
2026-06-03 09:40:16 | INFO     | __main__:extract_pendencias:210 - [5] Processando: BAHIA LAND CONSULTORIA DE NEGOCIOS E INVESTIMENTOS LTDA (09.023.277/0001-04)
2026-06-03 09:40:16 | INFO     | __main__:extract_pendencias:222 - PDF encontrado: https://storage.googleapis.com/storagescrapings.appspot.com/ecac/49586312000118/situacao-fiscal-2026-05-22-09023277000104-2043775265498841652.pdf
2026-06-03 09:40:17 | INFO     | __main__:extract_pendencias:231 - Texto extraído (2385 chars). Analisando pendências...
2026-06-03 09:40:17 | INFO     | __main__:extract_pendencias:210 - [6] Processando: BFC.- COMERCIO E SERVICOS LTDA (00.323.181/0001-97)
2026-06-03 09:40:17 | INFO     | __main__:extract_pendencias:222 - PDF encontrado: https://storage.googleapis.com/storagescrapings.appspot.com/ecac/49586312000118/situacao-fiscal-2026-05-27-00323181000197-1200535830837560170.pdf
2026-06-03 09:40:17 | INFO     | __main__:extract_pendencias:231 - Texto extraído (2544 chars). Analisando pendências...
2026-06-03 09:40:17 | INFO     | __main__:extract_pendencias:210 - [7] Processando: BLANCO IMOBILIARIA E ADMINISTRADORA LTDA (06.915.315/0001-45)
2026-06-03 09:40:17 | INFO     | __main__:extract_pendencias:222 - PDF encontrado: https://storage.googleapis.com/storagescrapings.appspot.com/ecac/49586312000118/situacao-fiscal-2026-05-22-06915315000145--721868494787516594.pdf
2026-06-03 09:40:18 | INFO     | __main__:extract_pendencias:231 - Texto extraído (11360 chars). Analisando pendências...
2026-06-03 09:40:18 | INFO     | __main__:extract_pendencias:210 - [8] Processando: C G F EMPRENDIMENTO EDUCACIONAL ALFABETO LTDA (58.140.131/0001-54)
2026-06-03 09:40:18 | INFO     | __main__:extract_pendencias:222 - PDF encontrado: https://storage.googleapis.com/storagescrapings.appspot.com/ecac/49586312000118/situacao-fiscal-2026-05-22-58140131000154-6058257398952767358.pdf
2026-06-03 09:40:19 | INFO     | __main__:extract_pendencias:231 - Texto extraído (2636 chars). Analisando pendências...
2026-06-03 09:40:19 | WARNING  | __main__:extract_pendencias:235 - SiefParser sem pendências. Primeiros 200 chars: MINISTÉRIO DA ECONOMIA Por meio do Integra Contador
SECRETARIA ESPECIAL DA RECEITA FEDERAL DO BRASIL Autor pedido: 49.586.312/0001-18. Contratante: 28.408.293/0001-60
PROCURADORIA-GERAL DA FAZENDA NAC
2026-06-03 09:40:19 | INFO     | __main__:extract_pendencias:210 - [9] Processando: CAMILLA PINON ALPHONSE KARR (25.196.780/0001-18)
2026-06-03 09:40:19 | INFO     | __main__:extract_pendencias:222 - PDF encontrado: https://storage.googleapis.com/storagescrapings.appspot.com/ecac/49586312000118/situacao-fiscal-2026-05-27-25196780000118-9183241328170889339.pdf
2026-06-03 09:40:19 | INFO     | __main__:extract_pendencias:231 - Texto extraído (3507 chars). Analisando pendências...
2026-06-03 09:40:19 | INFO     | __main__:extract_pendencias:210 - [10] Processando: CAPITAL COMERCIO DE CONFECCOES LTDA (29.172.686/0001-80)
2026-06-03 09:40:19 | INFO     | __main__:extract_pendencias:222 - PDF encontrado: https://storage.googleapis.com/storagescrapings.appspot.com/ecac/49586312000118/situacao-fiscal-2026-05-27-29172686000180--728922534796538919.pdf
2026-06-03 09:40:20 | INFO     | __main__:extract_pendencias:231 - Texto extraído (3287 chars). Analisando pendências...
2026-06-03 09:40:20 | INFO     | __main__:extract_pendencias:210 - [11] Processando: CCA REPARACAO DE CALCADOS E BOLSAS LTDA (04.778.322/0001-17)
2026-06-03 09:40:20 | INFO     | __main__:extract_pendencias:222 - PDF encontrado: https://storage.googleapis.com/storagescrapings.appspot.com/ecac/49586312000118/situacao-fiscal-2026-05-22-04778322000117-6935517321627317612.pdf
2026-06-03 09:40:21 | INFO     | __main__:extract_pendencias:231 - Texto extraído (10662 chars). Analisando pendências...
2026-06-03 09:40:21 | INFO     | __main__:extract_pendencias:210 - [12] Processando: CEMECOR CENTRO MEDICO CARDIOLOGICO S/C LTDA (00.807.080/0001-91)
2026-06-03 09:40:21 | INFO     | __main__:extract_pendencias:222 - PDF encontrado: https://storage.googleapis.com/storagescrapings.appspot.com/ecac/49586312000118/situacao-fiscal-2026-05-22-00807080000191--502043640400075285.pdf
2026-06-03 09:40:21 | INFO     | __main__:extract_pendencias:231 - Texto extraído (6298 chars). Analisando pendências...
2026-06-03 09:40:21 | INFO     | __main__:extract_pendencias:210 - [13] Processando: CENTRAL DO DENTE - CLINICA ODONTOLOGICA LTDA (08.154.181/0001-12)
2026-06-03 09:40:21 | INFO     | __main__:extract_pendencias:222 - PDF encontrado: https://storage.googleapis.com/storagescrapings.appspot.com/ecac/49586312000118/situacao-fiscal-2026-05-22-08154181000112--7680714151935653014.pdf
2026-06-03 09:40:23 | INFO     | __main__:extract_pendencias:231 - Texto extraído (39364 chars). Analisando pendências...
2026-06-03 09:40:23 | INFO     | __main__:extract_pendencias:210 - [14] Processando: CERAMICA REAL LTDA (14.757.660/0001-26)
2026-06-03 09:40:23 | INFO     | __main__:extract_pendencias:222 - PDF encontrado: https://storage.googleapis.com/storagescrapings.appspot.com/ecac/49586312000118/situacao-fiscal-2026-05-27-14757660000126-6327346999543420460.pdf
2026-06-03 09:40:24 | INFO     | __main__:extract_pendencias:231 - Texto extraído (2810 chars). Analisando pendências...
2026-06-03 09:40:24 | WARNING  | __main__:extract_pendencias:235 - SiefParser sem pendências. Primeiros 200 chars: MINISTÉRIO DA ECONOMIA Por meio do Integra Contador
SECRETARIA ESPECIAL DA RECEITA FEDERAL DO BRASIL Autor pedido: 49.586.312/0001-18. Contratante: 28.408.293/0001-60
PROCURADORIA-GERAL DA FAZENDA NAC
2026-06-03 09:40:24 | INFO     | __main__:extract_pendencias:210 - [15] Processando: CHAVES COMERCIO DE LIVROS E PAPELARIA LTDA (15.114.762/0001-96)
2026-06-03 09:40:24 | INFO     | __main__:extract_pendencias:222 - PDF encontrado: https://storage.googleapis.com/storagescrapings.appspot.com/ecac/49586312000118/situacao-fiscal-2026-05-27-15114762000196--8765849478197937964.pdf
2026-06-03 09:40:24 | INFO     | __main__:extract_pendencias:231 - Texto extraído (6559 chars). Analisando pendências...
2026-06-03 09:40:25 | INFO     | __main__:extract_pendencias:210 - [16] Processando: CLIMACONTTROL AR CONDICIONADOS LTDA (42.159.055/0001-99)
2026-06-03 09:40:25 | INFO     | __main__:extract_pendencias:222 - PDF encontrado: https://storage.googleapis.com/storagescrapings.appspot.com/ecac/49586312000118/situacao-fiscal-2026-05-27-42159055000199-7777916465607842514.pdf
2026-06-03 09:40:25 | INFO     | __main__:extract_pendencias:231 - Texto extraído (2949 chars). Analisando pendências...
2026-06-03 09:40:25 | WARNING  | __main__:extract_pendencias:235 - SiefParser sem pendências. Primeiros 200 chars: MINISTÉRIO DA ECONOMIA Por meio do Integra Contador
SECRETARIA ESPECIAL DA RECEITA FEDERAL DO BRASIL Autor pedido: 49.586.312/0001-18. Contratante: 28.408.293/0001-60
PROCURADORIA-GERAL DA FAZENDA NAC
2026-06-03 09:40:25 | INFO     | __main__:extract_pendencias:179 - Processando página 2...
2026-06-03 09:40:25 | INFO     | __main__:extract_pendencias:186 - Encontradas 16 empresas com Pendência na página 2
2026-06-03 09:40:25 | INFO     | __main__:extract_pendencias:210 - [17] Processando: CLINICA DE NEFROLOGIA DE BREJO SANTO LTDA (37.927.805/0001-95)
2026-06-03 09:40:25 | INFO     | __main__:extract_pendencias:222 - PDF encontrado: https://storage.googleapis.com/storagescrapings.appspot.com/ecac/49586312000118/situacao-fiscal-2026-05-27-37927805000195--4558008864834721344.pdf
2026-06-03 09:40:26 | INFO     | __main__:extract_pendencias:231 - Texto extraído (2372 chars). Analisando pendências...
2026-06-03 09:40:26 | WARNING  | __main__:extract_pendencias:235 - SiefParser sem pendências. Primeiros 200 chars: MINISTÉRIO DA ECONOMIA Por meio do Integra Contador
SECRETARIA ESPECIAL DA RECEITA FEDERAL DO BRASIL Autor pedido: 49.586.312/0001-18. Contratante: 28.408.293/0001-60
PROCURADORIA-GERAL DA FAZENDA NAC
2026-06-03 09:40:26 | INFO     | __main__:extract_pendencias:210 - [18] Processando: CMNR PATRIMONIAL LTDA. (14.429.350/0001-82)
2026-06-03 09:40:26 | INFO     | __main__:extract_pendencias:222 - PDF encontrado: https://storage.googleapis.com/storagescrapings.appspot.com/ecac/49586312000118/situacao-fiscal-2026-05-27-14429350000182-2950719299918406263.pdf
2026-06-03 09:40:26 | INFO     | __main__:extract_pendencias:231 - Texto extraído (3661 chars). Analisando pendências...
2026-06-03 09:40:26 | INFO     | __main__:extract_pendencias:210 - [19] Processando: CORPORATIVA REVESTIMENTOS METALICOS LTDA (44.573.989/0001-06)
2026-06-03 09:40:26 | INFO     | __main__:extract_pendencias:222 - PDF encontrado: https://storage.googleapis.com/storagescrapings.appspot.com/ecac/49586312000118/situacao-fiscal-2026-05-22-44573989000106-8674356329543302781.pdf
2026-06-03 09:40:27 | INFO     | __main__:extract_pendencias:231 - Texto extraído (7616 chars). Analisando pendências...
2026-06-03 09:40:27 | INFO     | __main__:extract_pendencias:210 - [20] Processando: D L COMERCIO DE ALIMENTOS LTDA (28.590.601/0001-10)
2026-06-03 09:40:27 | INFO     | __main__:extract_pendencias:222 - PDF encontrado: https://storage.googleapis.com/storagescrapings.appspot.com/ecac/49586312000118/situacao-fiscal-2026-05-22-28590601000110--5918456120951011107.pdf
2026-06-03 09:40:29 | INFO     | __main__:extract_pendencias:231 - Texto extraído (26584 chars). Analisando pendências...
2026-06-03 09:40:29 | INFO     | __main__:extract_pendencias:210 - [21] Processando: D. A. MACEDO (15.360.279/0002-72)
2026-06-03 09:40:29 | INFO     | __main__:extract_pendencias:222 - PDF encontrado: https://storage.googleapis.com/storagescrapings.appspot.com/ecac/49586312000118/situacao-fiscal-2026-05-22-15360279000272-103814844106207419.pdf
2026-06-03 09:40:29 | INFO     | __main__:extract_pendencias:231 - Texto extraído (6395 chars). Analisando pendências...
2026-06-03 09:40:29 | INFO     | __main__:extract_pendencias:210 - [22] Processando: DARCYDIAS REPRESENTACOES LTDA MICRO EMPRESA (13.709.910/0001-90)
2026-06-03 09:40:29 | INFO     | __main__:extract_pendencias:222 - PDF encontrado: https://storage.googleapis.com/storagescrapings.appspot.com/ecac/49586312000118/situacao-fiscal-2026-05-22-13709910000190-6453808086057970430.pdf
2026-06-03 09:40:30 | INFO     | __main__:extract_pendencias:231 - Texto extraído (19098 chars). Analisando pendências...
2026-06-03 09:40:31 | INFO     | __main__:extract_pendencias:210 - [23] Processando: DELTALINE SERVICOS LTDA. (01.813.680/0001-25)
2026-06-03 09:40:31 | INFO     | __main__:extract_pendencias:222 - PDF encontrado: https://storage.googleapis.com/storagescrapings.appspot.com/ecac/49586312000118/situacao-fiscal-2026-05-27-01813680000125-213425350370831035.pdf
2026-06-03 09:40:31 | INFO     | __main__:extract_pendencias:231 - Texto extraído (2307 chars). Analisando pendências...
2026-06-03 09:40:31 | INFO     | __main__:extract_pendencias:210 - [24] Processando: DINAMO SALVADOR LTDA (60.205.781/0001-82)
2026-06-03 09:40:31 | INFO     | __main__:extract_pendencias:222 - PDF encontrado: https://storage.googleapis.com/storagescrapings.appspot.com/ecac/49586312000118/situacao-fiscal-2026-05-22-60205781000182-3559479684307233871.pdf
2026-06-03 09:40:31 | INFO     | __main__:extract_pendencias:231 - Texto extraído (3053 chars). Analisando pendências...
2026-06-03 09:40:31 | INFO     | __main__:extract_pendencias:210 - [25] Processando: EDEMILSON LOPES DA SILVA (03.641.819/0001-26)
2026-06-03 09:40:31 | INFO     | __main__:extract_pendencias:222 - PDF encontrado: https://storage.googleapis.com/storagescrapings.appspot.com/ecac/49586312000118/situacao-fiscal-2026-05-27-03641819000126-1247520355939759345.pdf
2026-06-03 09:40:32 | INFO     | __main__:extract_pendencias:231 - Texto extraído (2544 chars). Analisando pendências...
2026-06-03 09:40:32 | INFO     | __main__:extract_pendencias:210 - [26] Processando: EDIFICIO AGENOR CERQUEIRA (34.283.234/0001-05)
2026-06-03 09:40:32 | INFO     | __main__:extract_pendencias:222 - PDF encontrado: https://storage.googleapis.com/storagescrapings.appspot.com/ecac/49586312000118/situacao-fiscal-2026-05-27-34283234000105-7617735139373257217.pdf
2026-06-03 09:40:32 | INFO     | __main__:extract_pendencias:231 - Texto extraído (1940 chars). Analisando pendências...
2026-06-03 09:40:32 | WARNING  | __main__:extract_pendencias:235 - SiefParser sem pendências. Primeiros 200 chars: MINISTÉRIO DA ECONOMIA Por meio do Integra Contador
SECRETARIA ESPECIAL DA RECEITA FEDERAL DO BRASIL Autor pedido: 49.586.312/0001-18. Contratante: 28.408.293/0001-60
PROCURADORIA-GERAL DA FAZENDA NAC
2026-06-03 09:40:32 | INFO     | __main__:extract_pendencias:210 - [27] Processando: EXTERNATO MATER ET MAGISTRA E COM DE MAT DIDATICO LTDA (13.064.209/0001-60)
2026-06-03 09:40:32 | INFO     | __main__:extract_pendencias:222 - PDF encontrado: https://storage.googleapis.com/storagescrapings.appspot.com/ecac/49586312000118/situacao-fiscal-2026-05-22-13064209000160-5612471425659529421.pdf
2026-06-03 09:40:34 | INFO     | __main__:extract_pendencias:231 - Texto extraído (27992 chars). Analisando pendências...
2026-06-03 09:40:34 | INFO     | __main__:extract_pendencias:210 - [28] Processando: GUARAJUBA CONSULTORIA, COMPRA E VENDA DE IMOVEIS LTDA (26.318.746/0001-31)
2026-06-03 09:40:34 | INFO     | __main__:extract_pendencias:222 - PDF encontrado: https://storage.googleapis.com/storagescrapings.appspot.com/ecac/49586312000118/situacao-fiscal-2026-06-02-26318746000131--9022626562367686302.pdf
2026-06-03 09:40:34 | INFO     | __main__:extract_pendencias:231 - Texto extraído (3594 chars). Analisando pendências...
2026-06-03 09:40:34 | WARNING  | __main__:extract_pendencias:235 - SiefParser sem pendências. Primeiros 200 chars: MINISTÉRIO DA ECONOMIA Por meio do Integra Contador
SECRETARIA ESPECIAL DA RECEITA FEDERAL DO BRASIL Autor pedido: 49.586.312/0001-18. Contratante: 28.408.293/0001-60
PROCURADORIA-GERAL DA FAZENDA NAC
2026-06-03 09:40:34 | INFO     | __main__:extract_pendencias:210 - [29] Processando: GUARAJUBAIMOB NEGOCIOS IMOBILIARIOS LTDA (27.371.776/0001-74)
2026-06-03 09:40:34 | INFO     | __main__:extract_pendencias:222 - PDF encontrado: https://storage.googleapis.com/storagescrapings.appspot.com/ecac/49586312000118/situacao-fiscal-2026-05-22-27371776000174--6098876770116482138.pdf
2026-06-03 09:40:35 | INFO     | __main__:extract_pendencias:231 - Texto extraído (3556 chars). Analisando pendências...
2026-06-03 09:40:35 | INFO     | __main__:extract_pendencias:210 - [30] Processando: H. Z. PATRIMONIAL LTDA. (10.791.569/0001-76)
2026-06-03 09:40:35 | INFO     | __main__:extract_pendencias:222 - PDF encontrado: https://storage.googleapis.com/storagescrapings.appspot.com/ecac/49586312000118/situacao-fiscal-2026-05-26-10791569000176-5097366045803387969.pdf
2026-06-03 09:40:36 | INFO     | __main__:extract_pendencias:231 - Texto extraído (3941 chars). Analisando pendências...
2026-06-03 09:40:36 | INFO     | __main__:extract_pendencias:210 - [31] Processando: HOTEIS E TURISMO ITAPOAN LTDA. (14.309.694/0001-58)
2026-06-03 09:40:36 | INFO     | __main__:extract_pendencias:222 - PDF encontrado: https://storage.googleapis.com/storagescrapings.appspot.com/ecac/49586312000118/situacao-fiscal-2026-05-22-14309694000158--898104768547763.pdf
2026-06-03 09:40:37 | INFO     | __main__:extract_pendencias:231 - Texto extraído (23432 chars). Analisando pendências...
2026-06-03 09:40:37 | INFO     | __main__:extract_pendencias:210 - [32] Processando: IMPACT SERVICES INTEGRADOS EM SOLUCOES INDUSTRIAIS LTDA (18.953.881/0001-20)
2026-06-03 09:40:37 | INFO     | __main__:extract_pendencias:222 - PDF encontrado: https://storage.googleapis.com/storagescrapings.appspot.com/ecac/49586312000118/situacao-fiscal-2026-05-22-18953881000120--4658971509567653494.pdf
2026-06-03 09:40:38 | INFO     | __main__:extract_pendencias:231 - Texto extraído (4599 chars). Analisando pendências...
2026-06-03 09:40:38 | INFO     | __main__:extract_pendencias:179 - Processando página 3...
2026-06-03 09:40:38 | INFO     | __main__:extract_pendencias:186 - Encontradas 24 empresas com Pendência na página 3
2026-06-03 09:40:38 | INFO     | __main__:extract_pendencias:210 - [33] Processando: J. MACEDO AGROPECUARIA LTDA (04.692.740/0001-97)
2026-06-03 09:40:38 | INFO     | __main__:extract_pendencias:222 - PDF encontrado: https://storage.googleapis.com/storagescrapings.appspot.com/ecac/49586312000118/situacao-fiscal-2026-05-22-04692740000197--1572888572607394305.pdf
2026-06-03 09:40:38 | INFO     | __main__:extract_pendencias:231 - Texto extraído (3100 chars). Analisando pendências...
2026-06-03 09:40:38 | INFO     | __main__:extract_pendencias:210 - [34] Processando: JEAR ENSINO MEDIO LTDA. (04.607.567/0001-81)
2026-06-03 09:40:38 | INFO     | __main__:extract_pendencias:222 - PDF encontrado: https://storage.googleapis.com/storagescrapings.appspot.com/ecac/49586312000118/situacao-fiscal-2026-05-22-04607567000181--4922665677733370754.pdf
2026-06-03 09:40:40 | INFO     | __main__:extract_pendencias:231 - Texto extraído (36385 chars). Analisando pendências...
2026-06-03 09:40:40 | INFO     | __main__:extract_pendencias:210 - [35] Processando: JM COMÉRCIO ALIMENTICIOS LTDA (55.870.283/0001-14)
2026-06-03 09:40:40 | INFO     | __main__:extract_pendencias:222 - PDF encontrado: https://storage.googleapis.com/storagescrapings.appspot.com/ecac/49586312000118/situacao-fiscal-2026-05-22-55870283000114-6290327797778487998.pdf
2026-06-03 09:40:41 | INFO     | __main__:extract_pendencias:231 - Texto extraído (3618 chars). Analisando pendências...
2026-06-03 09:40:41 | INFO     | __main__:extract_pendencias:210 - [36] Processando: JORGE RIBEIRO CORTIZO (20.734.790/0001-46)
2026-06-03 09:40:41 | INFO     | __main__:extract_pendencias:222 - PDF encontrado: https://storage.googleapis.com/storagescrapings.appspot.com/ecac/49586312000118/situacao-fiscal-2026-05-22-20734790000146--4401560791850746946.pdf
2026-06-03 09:40:41 | INFO     | __main__:extract_pendencias:231 - Texto extraído (4770 chars). Analisando pendências...
2026-06-03 09:40:41 | INFO     | __main__:extract_pendencias:210 - [37] Processando: K T - ENSINO FUNDAMENTAL LTDA. (07.008.842/0001-39)
2026-06-03 09:40:41 | INFO     | __main__:extract_pendencias:222 - PDF encontrado: https://storage.googleapis.com/storagescrapings.appspot.com/ecac/49586312000118/situacao-fiscal-2026-05-22-07008842000139-1013014632128614202.pdf
2026-06-03 09:40:42 | INFO     | __main__:extract_pendencias:231 - Texto extraído (11679 chars). Analisando pendências...
2026-06-03 09:40:42 | INFO     | __main__:extract_pendencias:210 - [38] Processando: KETPU COMERCIO DE ARTIGOS DO VESTUÁRIO LTDA (36.126.523/0001-26)
2026-06-03 09:40:42 | INFO     | __main__:extract_pendencias:222 - PDF encontrado: https://storage.googleapis.com/storagescrapings.appspot.com/ecac/49586312000118/situacao-fiscal-2026-05-22-36126523000126-8969801824812954504.pdf
2026-06-03 09:40:43 | INFO     | __main__:extract_pendencias:231 - Texto extraído (3579 chars). Analisando pendências...
2026-06-03 09:40:43 | INFO     | __main__:extract_pendencias:210 - [39] Processando: L F PATRIMONIAL EMPREENDIMENTOS LTDA (13.341.532/0001-34)
2026-06-03 09:40:43 | INFO     | __main__:extract_pendencias:222 - PDF encontrado: https://storage.googleapis.com/storagescrapings.appspot.com/ecac/49586312000118/situacao-fiscal-2026-05-22-13341532000134--1632044630628296058.pdf
2026-06-03 09:40:44 | INFO     | __main__:extract_pendencias:231 - Texto extraído (5150 chars). Analisando pendências...
2026-06-03 09:40:44 | INFO     | __main__:extract_pendencias:210 - [40] Processando: L. J. COMERCIO DE MATERIAIS DE CONSTRUCAO LTDA - EPP (01.937.682/0001-26)
2026-06-03 09:40:44 | INFO     | __main__:extract_pendencias:222 - PDF encontrado: https://storage.googleapis.com/storagescrapings.appspot.com/ecac/49586312000118/situacao-fiscal-2026-05-26-01937682000126--6165507956580705675.pdf
2026-06-03 09:40:44 | INFO     | __main__:extract_pendencias:231 - Texto extraído (3164 chars). Analisando pendências...
2026-06-03 09:40:44 | INFO     | __main__:extract_pendencias:210 - [41] Processando: LACERDA PATRIMONIAL LTDA. (06.314.992/0001-08)
2026-06-03 09:40:44 | INFO     | __main__:extract_pendencias:222 - PDF encontrado: https://storage.googleapis.com/storagescrapings.appspot.com/ecac/49586312000118/situacao-fiscal-2026-05-22-06314992000108-7299230711054345531.pdf
2026-06-03 09:40:45 | INFO     | __main__:extract_pendencias:231 - Texto extraído (11962 chars). Analisando pendências...
2026-06-03 09:40:45 | INFO     | __main__:extract_pendencias:210 - [42] Processando: LEGACY PARTICIPACOES S.A. (65.927.859/0001-96)
2026-06-03 09:40:45 | INFO     | __main__:extract_pendencias:222 - PDF encontrado: https://storage.googleapis.com/storagescrapings.appspot.com/ecac/49586312000118/situacao-fiscal-2026-05-27-65927859000196--7144781560066202439.pdf
2026-06-03 09:40:45 | INFO     | __main__:extract_pendencias:231 - Texto extraído (2983 chars). Analisando pendências...
2026-06-03 09:40:45 | INFO     | __main__:extract_pendencias:210 - [43] Processando: LILIAN DIAS RIGAUD DE JESUS LTDA (10.632.502/0001-99)
2026-06-03 09:40:45 | INFO     | __main__:extract_pendencias:222 - PDF encontrado: https://storage.googleapis.com/storagescrapings.appspot.com/ecac/49586312000118/situacao-fiscal-2026-06-01-10632502000199-8415901819365287723.pdf
2026-06-03 09:40:46 | INFO     | __main__:extract_pendencias:231 - Texto extraído (2874 chars). Analisando pendências...
2026-06-03 09:40:46 | INFO     | __main__:extract_pendencias:210 - [44] Processando: LITORAL BAHIA IMOBILIARIA LTDA (42.740.527/0001-00)
2026-06-03 09:40:46 | INFO     | __main__:extract_pendencias:222 - PDF encontrado: https://storage.googleapis.com/storagescrapings.appspot.com/ecac/49586312000118/situacao-fiscal-2026-05-22-42740527000100--4738851883600359575.pdf
2026-06-03 09:40:46 | INFO     | __main__:extract_pendencias:231 - Texto extraído (3239 chars). Analisando pendências...
2026-06-03 09:40:46 | INFO     | __main__:extract_pendencias:210 - [45] Processando: M P COMERCIO DE VARIEDADES, PRESENTES E MOVEIS LTDA (33.985.763/0001-98)
2026-06-03 09:40:46 | INFO     | __main__:extract_pendencias:222 - PDF encontrado: https://storage.googleapis.com/storagescrapings.appspot.com/ecac/49586312000118/situacao-fiscal-2026-06-01-33985763000198--3879921095697112903.pdf
2026-06-03 09:40:47 | INFO     | __main__:extract_pendencias:231 - Texto extraído (2901 chars). Analisando pendências...
2026-06-03 09:40:47 | INFO     | __main__:extract_pendencias:210 - [46] Processando: MACEDO COMERCIAL DE CALCADOS LTDA (04.074.648/0001-63)
2026-06-03 09:40:47 | INFO     | __main__:extract_pendencias:222 - PDF encontrado: https://storage.googleapis.com/storagescrapings.appspot.com/ecac/49586312000118/situacao-fiscal-2026-05-22-04074648000163--4964566962435043838.pdf
2026-06-03 09:40:48 | INFO     | __main__:extract_pendencias:231 - Texto extraído (22463 chars). Analisando pendências...
2026-06-03 09:40:48 | INFO     | __main__:extract_pendencias:210 - [47] Processando: MACEDO COMERCIAL DE CALCADOS LTDA (04.074.648/0002-44)
2026-06-03 09:40:48 | INFO     | __main__:extract_pendencias:222 - PDF encontrado: https://storage.googleapis.com/storagescrapings.appspot.com/ecac/49586312000118/situacao-fiscal-2026-05-22-04074648000244-4848468945886498985.pdf
2026-06-03 09:40:50 | INFO     | __main__:extract_pendencias:231 - Texto extraído (22931 chars). Analisando pendências...
2026-06-03 09:40:50 | INFO     | __main__:extract_pendencias:210 - [48] Processando: MACEDO COMERCIAL DE CALCADOS LTDA (04.074.648/0003-25)
2026-06-03 09:40:50 | INFO     | __main__:extract_pendencias:222 - PDF encontrado: https://storage.googleapis.com/storagescrapings.appspot.com/ecac/49586312000118/situacao-fiscal-2026-05-22-04074648000325--2235402504220538675.pdf
2026-06-03 09:40:51 | INFO     | __main__:extract_pendencias:231 - Texto extraído (22888 chars). Analisando pendências...
2026-06-03 09:40:51 | INFO     | __main__:extract_pendencias:210 - [49] Processando: MACEDO COMERCIAL DE CALCADOS LTDA (04.074.648/0004-06)
2026-06-03 09:40:51 | INFO     | __main__:extract_pendencias:222 - PDF encontrado: https://storage.googleapis.com/storagescrapings.appspot.com/ecac/49586312000118/situacao-fiscal-2026-05-22-04074648000406-8211826430722607372.pdf
2026-06-03 09:40:53 | INFO     | __main__:extract_pendencias:231 - Texto extraído (22923 chars). Analisando pendências...
2026-06-03 09:40:53 | INFO     | __main__:extract_pendencias:210 - [50] Processando: MALU EMPREENDIMENTOS E PARTICIPACOES LTDA (08.545.897/0001-40)
2026-06-03 09:40:53 | INFO     | __main__:extract_pendencias:222 - PDF encontrado: https://storage.googleapis.com/storagescrapings.appspot.com/ecac/49586312000118/situacao-fiscal-2026-05-22-08545897000140--4423606332664825874.pdf
2026-06-03 09:40:53 | INFO     | __main__:extract_pendencias:231 - Texto extraído (4156 chars). Analisando pendências...
2026-06-03 09:40:53 | WARNING  | __main__:extract_pendencias:235 - SiefParser sem pendências. Primeiros 200 chars: MINISTÉRIO DA ECONOMIA Por meio do Integra Contador
SECRETARIA ESPECIAL DA RECEITA FEDERAL DO BRASIL Autor pedido: 49.586.312/0001-18. Contratante: 28.408.293/0001-60
PROCURADORIA-GERAL DA FAZENDA NAC
2026-06-03 09:40:53 | WARNING  | __main__:extract_pendencias:255 - Lote de 50 atingido. Reiniciando sessão...
2026-06-03 09:40:54 | INFO     | __main__:extract_pendencias:139 - --- INICIANDO SESSÃO (Batch 2, Página 3) ---
2026-06-03 09:40:55 | INFO     | __main__:_login:22 - Navegando para o login em https://49586312000118.veri.com.br//login
2026-06-03 09:40:56 | INFO     | __main__:_login:25 - Inserindo credenciais...
2026-06-03 09:40:57 | INFO     | __main__:_login:35 - Aguardando redirecionamento pós-login...
2026-06-03 09:41:00 | SUCCESS  | __main__:_login:50 - Logado com sucesso.
2026-06-03 09:41:00 | INFO     | __main__:extract_pendencias:166 - Navegando para lista geral (Resumo na pág 3)...
2026-06-03 09:41:01 | INFO     | __main__:extract_pendencias:172 - Avançando para página 2 para retomar...
2026-06-03 09:41:03 | INFO     | __main__:extract_pendencias:172 - Avançando para página 3 para retomar...
2026-06-03 09:41:04 | INFO     | __main__:extract_pendencias:179 - Processando página 3...
2026-06-03 09:41:04 | INFO     | __main__:extract_pendencias:186 - Encontradas 24 empresas com Pendência na página 3
2026-06-03 09:41:04 | INFO     | __main__:extract_pendencias:210 - [51] Processando: J. MACEDO AGROPECUARIA LTDA (04.692.740/0001-97)
2026-06-03 09:41:04 | INFO     | __main__:extract_pendencias:222 - PDF encontrado: https://storage.googleapis.com/storagescrapings.appspot.com/ecac/49586312000118/situacao-fiscal-2026-05-22-04692740000197--1572888572607394305.pdf
2026-06-03 09:41:04 | INFO     | __main__:extract_pendencias:231 - Texto extraído (3100 chars). Analisando pendências...
2026-06-03 09:41:04 | INFO     | __main__:extract_pendencias:210 - [52] Processando: JEAR ENSINO MEDIO LTDA. (04.607.567/0001-81)
2026-06-03 09:41:04 | INFO     | __main__:extract_pendencias:222 - PDF encontrado: https://storage.googleapis.com/storagescrapings.appspot.com/ecac/49586312000118/situacao-fiscal-2026-05-22-04607567000181--4922665677733370754.pdf
2026-06-03 09:41:06 | INFO     | __main__:extract_pendencias:231 - Texto extraído (36385 chars). Analisando pendências...
2026-06-03 09:41:06 | INFO     | __main__:extract_pendencias:210 - [53] Processando: JM COMÉRCIO ALIMENTICIOS LTDA (55.870.283/0001-14)
2026-06-03 09:41:06 | INFO     | __main__:extract_pendencias:222 - PDF encontrado: https://storage.googleapis.com/storagescrapings.appspot.com/ecac/49586312000118/situacao-fiscal-2026-05-22-55870283000114-6290327797778487998.pdf
2026-06-03 09:41:06 | INFO     | __main__:extract_pendencias:231 - Texto extraído (3618 chars). Analisando pendências...
2026-06-03 09:41:06 | INFO     | __main__:extract_pendencias:210 - [54] Processando: JORGE RIBEIRO CORTIZO (20.734.790/0001-46)
2026-06-03 09:41:06 | INFO     | __main__:extract_pendencias:222 - PDF encontrado: https://storage.googleapis.com/storagescrapings.appspot.com/ecac/49586312000118/situacao-fiscal-2026-05-22-20734790000146--4401560791850746946.pdf
2026-06-03 09:41:06 | INFO     | __main__:extract_pendencias:231 - Texto extraído (4770 chars). Analisando pendências...
2026-06-03 09:41:06 | INFO     | __main__:extract_pendencias:210 - [55] Processando: K T - ENSINO FUNDAMENTAL LTDA. (07.008.842/0001-39)
2026-06-03 09:41:06 | INFO     | __main__:extract_pendencias:222 - PDF encontrado: https://storage.googleapis.com/storagescrapings.appspot.com/ecac/49586312000118/situacao-fiscal-2026-05-22-07008842000139-1013014632128614202.pdf
2026-06-03 09:41:07 | INFO     | __main__:extract_pendencias:231 - Texto extraído (11679 chars). Analisando pendências...
2026-06-03 09:41:07 | INFO     | __main__:extract_pendencias:210 - [56] Processando: KETPU COMERCIO DE ARTIGOS DO VESTUÁRIO LTDA (36.126.523/0001-26)
2026-06-03 09:41:07 | INFO     | __main__:extract_pendencias:222 - PDF encontrado: https://storage.googleapis.com/storagescrapings.appspot.com/ecac/49586312000118/situacao-fiscal-2026-05-22-36126523000126-8969801824812954504.pdf
2026-06-03 09:41:07 | INFO     | __main__:extract_pendencias:231 - Texto extraído (3579 chars). Analisando pendências...
2026-06-03 09:41:07 | INFO     | __main__:extract_pendencias:210 - [57] Processando: L F PATRIMONIAL EMPREENDIMENTOS LTDA (13.341.532/0001-34)
2026-06-03 09:41:07 | INFO     | __main__:extract_pendencias:222 - PDF encontrado: https://storage.googleapis.com/storagescrapings.appspot.com/ecac/49586312000118/situacao-fiscal-2026-05-22-13341532000134--1632044630628296058.pdf
2026-06-03 09:41:07 | INFO     | __main__:extract_pendencias:231 - Texto extraído (5150 chars). Analisando pendências...
2026-06-03 09:41:07 | INFO     | __main__:extract_pendencias:210 - [58] Processando: L. J. COMERCIO DE MATERIAIS DE CONSTRUCAO LTDA - EPP (01.937.682/0001-26)
2026-06-03 09:41:07 | INFO     | __main__:extract_pendencias:222 - PDF encontrado: https://storage.googleapis.com/storagescrapings.appspot.com/ecac/49586312000118/situacao-fiscal-2026-05-26-01937682000126--6165507956580705675.pdf
2026-06-03 09:41:07 | INFO     | __main__:extract_pendencias:231 - Texto extraído (3164 chars). Analisando pendências...
2026-06-03 09:41:07 | INFO     | __main__:extract_pendencias:210 - [59] Processando: LACERDA PATRIMONIAL LTDA. (06.314.992/0001-08)
2026-06-03 09:41:07 | INFO     | __main__:extract_pendencias:222 - PDF encontrado: https://storage.googleapis.com/storagescrapings.appspot.com/ecac/49586312000118/situacao-fiscal-2026-05-22-06314992000108-7299230711054345531.pdf
2026-06-03 09:41:08 | INFO     | __main__:extract_pendencias:231 - Texto extraído (11962 chars). Analisando pendências...
2026-06-03 09:41:08 | INFO     | __main__:extract_pendencias:210 - [60] Processando: LEGACY PARTICIPACOES S.A. (65.927.859/0001-96)
2026-06-03 09:41:08 | INFO     | __main__:extract_pendencias:222 - PDF encontrado: https://storage.googleapis.com/storagescrapings.appspot.com/ecac/49586312000118/situacao-fiscal-2026-05-27-65927859000196--7144781560066202439.pdf
2026-06-03 09:41:08 | INFO     | __main__:extract_pendencias:231 - Texto extraído (2983 chars). Analisando pendências...
2026-06-03 09:41:08 | INFO     | __main__:extract_pendencias:210 - [61] Processando: LILIAN DIAS RIGAUD DE JESUS LTDA (10.632.502/0001-99)
2026-06-03 09:41:08 | INFO     | __main__:extract_pendencias:222 - PDF encontrado: https://storage.googleapis.com/storagescrapings.appspot.com/ecac/49586312000118/situacao-fiscal-2026-06-01-10632502000199-8415901819365287723.pdf
2026-06-03 09:41:08 | INFO     | __main__:extract_pendencias:231 - Texto extraído (2874 chars). Analisando pendências...
2026-06-03 09:41:08 | INFO     | __main__:extract_pendencias:210 - [62] Processando: LITORAL BAHIA IMOBILIARIA LTDA (42.740.527/0001-00)
2026-06-03 09:41:08 | INFO     | __main__:extract_pendencias:222 - PDF encontrado: https://storage.googleapis.com/storagescrapings.appspot.com/ecac/49586312000118/situacao-fiscal-2026-05-22-42740527000100--4738851883600359575.pdf
2026-06-03 09:41:08 | INFO     | __main__:extract_pendencias:231 - Texto extraído (3239 chars). Analisando pendências...
2026-06-03 09:41:08 | INFO     | __main__:extract_pendencias:210 - [63] Processando: M P COMERCIO DE VARIEDADES, PRESENTES E MOVEIS LTDA (33.985.763/0001-98)
2026-06-03 09:41:08 | INFO     | __main__:extract_pendencias:222 - PDF encontrado: https://storage.googleapis.com/storagescrapings.appspot.com/ecac/49586312000118/situacao-fiscal-2026-06-01-33985763000198--3879921095697112903.pdf
2026-06-03 09:41:09 | INFO     | __main__:extract_pendencias:231 - Texto extraído (2901 chars). Analisando pendências...
2026-06-03 09:41:09 | INFO     | __main__:extract_pendencias:210 - [64] Processando: MACEDO COMERCIAL DE CALCADOS LTDA (04.074.648/0001-63)
2026-06-03 09:41:09 | INFO     | __main__:extract_pendencias:222 - PDF encontrado: https://storage.googleapis.com/storagescrapings.appspot.com/ecac/49586312000118/situacao-fiscal-2026-05-22-04074648000163--4964566962435043838.pdf
2026-06-03 09:41:09 | INFO     | __main__:extract_pendencias:231 - Texto extraído (22463 chars). Analisando pendências...
2026-06-03 09:41:09 | INFO     | __main__:extract_pendencias:210 - [65] Processando: MACEDO COMERCIAL DE CALCADOS LTDA (04.074.648/0002-44)
2026-06-03 09:41:09 | INFO     | __main__:extract_pendencias:222 - PDF encontrado: https://storage.googleapis.com/storagescrapings.appspot.com/ecac/49586312000118/situacao-fiscal-2026-05-22-04074648000244-4848468945886498985.pdf
2026-06-03 09:41:10 | INFO     | __main__:extract_pendencias:231 - Texto extraído (22931 chars). Analisando pendências...
2026-06-03 09:41:10 | INFO     | __main__:extract_pendencias:210 - [66] Processando: MACEDO COMERCIAL DE CALCADOS LTDA (04.074.648/0003-25)
2026-06-03 09:41:10 | INFO     | __main__:extract_pendencias:222 - PDF encontrado: https://storage.googleapis.com/storagescrapings.appspot.com/ecac/49586312000118/situacao-fiscal-2026-05-22-04074648000325--2235402504220538675.pdf
2026-06-03 09:41:11 | INFO     | __main__:extract_pendencias:231 - Texto extraído (22888 chars). Analisando pendências...
2026-06-03 09:41:11 | INFO     | __main__:extract_pendencias:210 - [67] Processando: MACEDO COMERCIAL DE CALCADOS LTDA (04.074.648/0004-06)
2026-06-03 09:41:11 | INFO     | __main__:extract_pendencias:222 - PDF encontrado: https://storage.googleapis.com/storagescrapings.appspot.com/ecac/49586312000118/situacao-fiscal-2026-05-22-04074648000406-8211826430722607372.pdf
2026-06-03 09:41:12 | INFO     | __main__:extract_pendencias:231 - Texto extraído (22923 chars). Analisando pendências...
2026-06-03 09:41:12 | INFO     | __main__:extract_pendencias:210 - [68] Processando: MALU EMPREENDIMENTOS E PARTICIPACOES LTDA (08.545.897/0001-40)
2026-06-03 09:41:12 | INFO     | __main__:extract_pendencias:222 - PDF encontrado: https://storage.googleapis.com/storagescrapings.appspot.com/ecac/49586312000118/situacao-fiscal-2026-05-22-08545897000140--4423606332664825874.pdf
2026-06-03 09:41:12 | INFO     | __main__:extract_pendencias:231 - Texto extraído (4156 chars). Analisando pendências...
2026-06-03 09:41:12 | WARNING  | __main__:extract_pendencias:235 - SiefParser sem pendências. Primeiros 200 chars: MINISTÉRIO DA ECONOMIA Por meio do Integra Contador
SECRETARIA ESPECIAL DA RECEITA FEDERAL DO BRASIL Autor pedido: 49.586.312/0001-18. Contratante: 28.408.293/0001-60
PROCURADORIA-GERAL DA FAZENDA NAC
2026-06-03 09:41:12 | INFO     | __main__:extract_pendencias:210 - [69] Processando: MAPLE REVESTIMENTO LTDA (62.328.532/0001-00)
2026-06-03 09:41:12 | INFO     | __main__:extract_pendencias:222 - PDF encontrado: https://storage.googleapis.com/storagescrapings.appspot.com/ecac/49586312000118/situacao-fiscal-2026-05-22-62328532000100-3420295682666405555.pdf
2026-06-03 09:41:13 | INFO     | __main__:extract_pendencias:231 - Texto extraído (2278 chars). Analisando pendências...
2026-06-03 09:41:13 | INFO     | __main__:extract_pendencias:210 - [70] Processando: MASSA ALIMENTAÇÃO E SERVIÇOS S/A (09.033.381/0001-80)
2026-06-03 09:41:13 | INFO     | __main__:extract_pendencias:222 - PDF encontrado: https://storage.googleapis.com/storagescrapings.appspot.com/ecac/49586312000118/situacao-fiscal-2026-05-22-09033381000180--2191779148223486345.pdf
2026-06-03 09:41:14 | INFO     | __main__:extract_pendencias:231 - Texto extraído (34346 chars). Analisando pendências...
2026-06-03 09:41:14 | INFO     | __main__:extract_pendencias:210 - [71] Processando: MASSA ALIMENTAÇÃO E SERVIÇOS S/A (09.033.381/0014-02)
2026-06-03 09:41:14 | INFO     | __main__:extract_pendencias:222 - PDF encontrado: https://storage.googleapis.com/storagescrapings.appspot.com/ecac/49586312000118/situacao-fiscal-2026-05-22-09033381001402-1306466645565604250.pdf
2026-06-03 09:41:16 | INFO     | __main__:extract_pendencias:231 - Texto extraído (35156 chars). Analisando pendências...
2026-06-03 09:41:16 | INFO     | __main__:extract_pendencias:210 - [72] Processando: MASSA ALIMENTAÇÃO E SERVIÇOS S/A (09.033.381/0005-03)
2026-06-03 09:41:16 | INFO     | __main__:extract_pendencias:222 - PDF encontrado: https://storage.googleapis.com/storagescrapings.appspot.com/ecac/49586312000118/situacao-fiscal-2026-05-22-09033381000503-3046521122165435833.pdf
2026-06-03 09:41:18 | INFO     | __main__:extract_pendencias:231 - Texto extraído (35108 chars). Analisando pendências...
2026-06-03 09:41:18 | INFO     | __main__:extract_pendencias:210 - [73] Processando: MAX CALCADOS DA BAHIA LTDA. (22.331.256/0001-14)
2026-06-03 09:41:18 | INFO     | __main__:extract_pendencias:222 - PDF encontrado: https://storage.googleapis.com/storagescrapings.appspot.com/ecac/49586312000118/situacao-fiscal-2026-05-22-22331256000114-5180059595250383582.pdf
2026-06-03 09:41:20 | INFO     | __main__:extract_pendencias:231 - Texto extraído (35951 chars). Analisando pendências...
2026-06-03 09:41:20 | INFO     | __main__:extract_pendencias:210 - [74] Processando: MENERI TRANSPORTE, LOGISTICA E PARTICIPACOES LTDA (15.571.070/0001-77)
2026-06-03 09:41:20 | INFO     | __main__:extract_pendencias:222 - PDF encontrado: https://storage.googleapis.com/storagescrapings.appspot.com/ecac/49586312000118/situacao-fiscal-2026-05-22-15571070000177-5440732694518287215.pdf
2026-06-03 09:41:21 | INFO     | __main__:extract_pendencias:231 - Texto extraído (3336 chars). Analisando pendências...
2026-06-03 09:41:21 | INFO     | __main__:extract_pendencias:179 - Processando página 4...
2026-06-03 09:41:21 | INFO     | __main__:extract_pendencias:186 - Encontradas 20 empresas com Pendência na página 4
2026-06-03 09:41:21 | INFO     | __main__:extract_pendencias:210 - [75] Processando: MINIMERCADO SANTO ANTONIO DE JESUS LTDA (63.801.749/0001-58)
2026-06-03 09:41:21 | INFO     | __main__:extract_pendencias:222 - PDF encontrado: https://storage.googleapis.com/storagescrapings.appspot.com/ecac/49586312000118/situacao-fiscal-2026-05-22-63801749000158--7787200607163365166.pdf
2026-06-03 09:41:21 | INFO     | __main__:extract_pendencias:231 - Texto extraído (2795 chars). Analisando pendências...
2026-06-03 09:41:21 | WARNING  | __main__:extract_pendencias:235 - SiefParser sem pendências. Primeiros 200 chars: MINISTÉRIO DA ECONOMIA Por meio do Integra Contador
SECRETARIA ESPECIAL DA RECEITA FEDERAL DO BRASIL Autor pedido: 49.586.312/0001-18. Contratante: 28.408.293/0001-60
PROCURADORIA-GERAL DA FAZENDA NAC
2026-06-03 09:41:21 | INFO     | __main__:extract_pendencias:210 - [76] Processando: MIRANDA E ROCHA LIMA LTDA (13.959.382/0001-27)
2026-06-03 09:41:21 | INFO     | __main__:extract_pendencias:222 - PDF encontrado: https://storage.googleapis.com/storagescrapings.appspot.com/ecac/49586312000118/situacao-fiscal-2026-05-22-13959382000127--1201586596599035188.pdf
2026-06-03 09:41:22 | INFO     | __main__:extract_pendencias:231 - Texto extraído (3288 chars). Analisando pendências...
2026-06-03 09:41:22 | INFO     | __main__:extract_pendencias:210 - [77] Processando: MONUMENTAL DO BRASIL LTDA. (18.783.002/0001-60)
2026-06-03 09:41:22 | INFO     | __main__:extract_pendencias:222 - PDF encontrado: https://storage.googleapis.com/storagescrapings.appspot.com/ecac/49586312000118/situacao-fiscal-2026-05-22-18783002000160--7202305690879396784.pdf
2026-06-03 09:41:22 | INFO     | __main__:extract_pendencias:231 - Texto extraído (2896 chars). Analisando pendências...
2026-06-03 09:41:22 | INFO     | __main__:extract_pendencias:210 - [78] Processando: NACIONAL PARTICIPACOES S. A (24.605.630/0001-58)
2026-06-03 09:41:22 | INFO     | __main__:extract_pendencias:222 - PDF encontrado: https://storage.googleapis.com/storagescrapings.appspot.com/ecac/49586312000118/situacao-fiscal-2026-06-02-24605630000158--442758004132763438.pdf
2026-06-03 09:41:23 | INFO     | __main__:extract_pendencias:231 - Texto extraído (2231 chars). Analisando pendências...
2026-06-03 09:41:23 | WARNING  | __main__:extract_pendencias:235 - SiefParser sem pendências. Primeiros 200 chars: MINISTÉRIO DA ECONOMIA Por meio do Integra Contador
SECRETARIA ESPECIAL DA RECEITA FEDERAL DO BRASIL Autor pedido: 49.586.312/0001-18. Contratante: 28.408.293/0001-60
PROCURADORIA-GERAL DA FAZENDA NAC
2026-06-03 09:41:23 | INFO     | __main__:extract_pendencias:210 - [79] Processando: NATSU - RESTAURANTE LTDA (07.716.237/0001-12)
2026-06-03 09:41:23 | INFO     | __main__:extract_pendencias:222 - PDF encontrado: https://storage.googleapis.com/storagescrapings.appspot.com/ecac/49586312000118/situacao-fiscal-2026-05-27-07716237000112--2212816246096836359.pdf
2026-06-03 09:41:23 | INFO     | __main__:extract_pendencias:231 - Texto extraído (4023 chars). Analisando pendências...
2026-06-03 09:41:23 | INFO     | __main__:extract_pendencias:210 - [80] Processando: NORSAN CONSULTORIA EM GESTAO EMPRESARIAL LTDA (40.626.350/0001-82)
2026-06-03 09:41:23 | INFO     | __main__:extract_pendencias:222 - PDF encontrado: https://storage.googleapis.com/storagescrapings.appspot.com/ecac/49586312000118/situacao-fiscal-2026-05-27-40626350000182--1327555572177698756.pdf
2026-06-03 09:41:24 | INFO     | __main__:extract_pendencias:231 - Texto extraído (8305 chars). Analisando pendências...
2026-06-03 09:41:24 | INFO     | __main__:extract_pendencias:210 - [81] Processando: NOVE PATRIMONIAL LTDA (08.894.711/0001-69)
2026-06-03 09:41:24 | INFO     | __main__:extract_pendencias:222 - PDF encontrado: https://storage.googleapis.com/storagescrapings.appspot.com/ecac/49586312000118/situacao-fiscal-2026-05-22-08894711000169--4987779178114817972.pdf
2026-06-03 09:41:25 | INFO     | __main__:extract_pendencias:231 - Texto extraído (2979 chars). Analisando pendências...
2026-06-03 09:41:25 | WARNING  | __main__:extract_pendencias:235 - SiefParser sem pendências. Primeiros 200 chars: MINISTÉRIO DA ECONOMIA Por meio do Integra Contador
SECRETARIA ESPECIAL DA RECEITA FEDERAL DO BRASIL Autor pedido: 49.586.312/0001-18. Contratante: 28.408.293/0001-60
PROCURADORIA-GERAL DA FAZENDA NAC
2026-06-03 09:41:25 | INFO     | __main__:extract_pendencias:210 - [82] Processando: PARAISO EMPREENDIMENTOS LTDA (34.099.622/0001-30)
2026-06-03 09:41:25 | INFO     | __main__:extract_pendencias:222 - PDF encontrado: https://storage.googleapis.com/storagescrapings.appspot.com/ecac/49586312000118/situacao-fiscal-2026-05-23-34099622000130-8910383578935014134.pdf
2026-06-03 09:41:25 | INFO     | __main__:extract_pendencias:231 - Texto extraído (7440 chars). Analisando pendências...
2026-06-03 09:41:25 | WARNING  | __main__:extract_pendencias:235 - SiefParser sem pendências. Primeiros 200 chars: MINISTÉRIO DA ECONOMIA Por meio do Integra Contador
SECRETARIA ESPECIAL DA RECEITA FEDERAL DO BRASIL Autor pedido: 49.586.312/0001-18. Contratante: 28.408.293/0001-60
PROCURADORIA-GERAL DA FAZENDA NAC
2026-06-03 09:41:25 | INFO     | __main__:extract_pendencias:210 - [83] Processando: PATRIMONIAL COSTA CARNEIRO LTDA (05.416.834/0001-04)
2026-06-03 09:41:25 | INFO     | __main__:extract_pendencias:222 - PDF encontrado: https://storage.googleapis.com/storagescrapings.appspot.com/ecac/49586312000118/situacao-fiscal-2026-05-22-05416834000104-912696855932879513.pdf
2026-06-03 09:41:26 | INFO     | __main__:extract_pendencias:231 - Texto extraído (2313 chars). Analisando pendências...
2026-06-03 09:41:26 | INFO     | __main__:extract_pendencias:210 - [84] Processando: PATRIMONIAL PELICANO LTDA (05.288.708/0001-03)
2026-06-03 09:41:26 | INFO     | __main__:extract_pendencias:222 - PDF encontrado: https://storage.googleapis.com/storagescrapings.appspot.com/ecac/49586312000118/situacao-fiscal-2026-05-27-05288708000103-3294623110248411582.pdf
2026-06-03 09:41:26 | INFO     | __main__:extract_pendencias:231 - Texto extraído (2707 chars). Analisando pendências...
2026-06-03 09:41:26 | WARNING  | __main__:extract_pendencias:235 - SiefParser sem pendências. Primeiros 200 chars: MINISTÉRIO DA ECONOMIA Por meio do Integra Contador
SECRETARIA ESPECIAL DA RECEITA FEDERAL DO BRASIL Autor pedido: 49.586.312/0001-18. Contratante: 28.408.293/0001-60
PROCURADORIA-GERAL DA FAZENDA NAC
2026-06-03 09:41:26 | INFO     | __main__:extract_pendencias:210 - [85] Processando: PATRIMONIAL SAO GONCALO LTDA. (07.224.478/0001-44)
2026-06-03 09:41:26 | INFO     | __main__:extract_pendencias:222 - PDF encontrado: https://storage.googleapis.com/storagescrapings.appspot.com/ecac/49586312000118/situacao-fiscal-2026-05-22-07224478000144--3572299426195832691.pdf
2026-06-03 09:41:27 | INFO     | __main__:extract_pendencias:231 - Texto extraído (3379 chars). Analisando pendências...
2026-06-03 09:41:27 | WARNING  | __main__:extract_pendencias:235 - SiefParser sem pendências. Primeiros 200 chars: MINISTÉRIO DA ECONOMIA Por meio do Integra Contador
SECRETARIA ESPECIAL DA RECEITA FEDERAL DO BRASIL Autor pedido: 49.586.312/0001-18. Contratante: 28.408.293/0001-60
PROCURADORIA-GERAL DA FAZENDA NAC
2026-06-03 09:41:27 | INFO     | __main__:extract_pendencias:210 - [86] Processando: PATROL CONSTRUCOES LTDA (01.086.932/0001-61)
2026-06-03 09:41:27 | INFO     | __main__:extract_pendencias:222 - PDF encontrado: https://storage.googleapis.com/storagescrapings.appspot.com/ecac/49586312000118/situacao-fiscal-2026-05-22-01086932000161-904756010774913099.pdf
2026-06-03 09:41:28 | INFO     | __main__:extract_pendencias:231 - Texto extraído (21830 chars). Analisando pendências...
2026-06-03 09:41:28 | WARNING  | __main__:extract_pendencias:235 - SiefParser sem pendências. Primeiros 200 chars: MINISTÉRIO DA ECONOMIA Por meio do Integra Contador
SECRETARIA ESPECIAL DA RECEITA FEDERAL DO BRASIL Autor pedido: 49.586.312/0001-18. Contratante: 28.408.293/0001-60
PROCURADORIA-GERAL DA FAZENDA NAC
2026-06-03 09:41:28 | INFO     | __main__:extract_pendencias:210 - [87] Processando: PDK ADMINISTRADORA DE BENS LTDA (08.000.034/0001-98)
2026-06-03 09:41:28 | INFO     | __main__:extract_pendencias:222 - PDF encontrado: https://storage.googleapis.com/storagescrapings.appspot.com/ecac/49586312000118/situacao-fiscal-2026-05-29-08000034000198--1064558882438012990.pdf
2026-06-03 09:41:29 | INFO     | __main__:extract_pendencias:231 - Texto extraído (3324 chars). Analisando pendências...
2026-06-03 09:41:29 | INFO     | __main__:extract_pendencias:210 - [88] Processando: PH GESTAO E CONSULTORIA S.A. (25.311.856/0001-09)
2026-06-03 09:41:29 | INFO     | __main__:extract_pendencias:222 - PDF encontrado: https://storage.googleapis.com/storagescrapings.appspot.com/ecac/49586312000118/situacao-fiscal-2026-05-22-25311856000109-5458860131796884153.pdf
2026-06-03 09:41:29 | INFO     | __main__:extract_pendencias:231 - Texto extraído (4319 chars). Analisando pendências...
2026-06-03 09:41:29 | INFO     | __main__:extract_pendencias:210 - [89] Processando: PML REVESTIMENTOS LTDA (40.010.011/0001-77)
2026-06-03 09:41:29 | INFO     | __main__:extract_pendencias:222 - PDF encontrado: https://storage.googleapis.com/storagescrapings.appspot.com/ecac/49586312000118/situacao-fiscal-2026-05-22-40010011000177--4016902240796494606.pdf
2026-06-03 09:41:30 | INFO     | __main__:extract_pendencias:231 - Texto extraído (12659 chars). Analisando pendências...
2026-06-03 09:41:30 | INFO     | __main__:extract_pendencias:210 - [90] Processando: PML REVESTIMENTOS LTDA (40.010.011/0002-58)
2026-06-03 09:41:30 | INFO     | __main__:extract_pendencias:222 - PDF encontrado: https://storage.googleapis.com/storagescrapings.appspot.com/ecac/49586312000118/situacao-fiscal-2026-05-22-40010011000258--2473432709843701249.pdf
2026-06-03 09:41:31 | INFO     | __main__:extract_pendencias:231 - Texto extraído (13105 chars). Analisando pendências...
2026-06-03 09:41:31 | INFO     | __main__:extract_pendencias:210 - [91] Processando: PRIME ALUGUEL DE MAQUINAS LTDA (12.620.821/0001-00)
2026-06-03 09:41:31 | INFO     | __main__:extract_pendencias:222 - PDF encontrado: https://storage.googleapis.com/storagescrapings.appspot.com/ecac/49586312000118/situacao-fiscal-2026-05-29-12620821000100-6323773689542633855.pdf
2026-06-03 09:41:32 | INFO     | __main__:extract_pendencias:231 - Texto extraído (3206 chars). Analisando pendências...
2026-06-03 09:41:32 | INFO     | __main__:extract_pendencias:210 - [92] Processando: QUANTICO MOLDAVITA LTDA (37.250.815/0001-39)
2026-06-03 09:41:32 | INFO     | __main__:extract_pendencias:222 - PDF encontrado: https://storage.googleapis.com/storagescrapings.appspot.com/ecac/49586312000118/situacao-fiscal-2026-05-22-37250815000139-8332908714108655396.pdf
2026-06-03 09:41:32 | INFO     | __main__:extract_pendencias:231 - Texto extraído (2771 chars). Analisando pendências...
2026-06-03 09:41:32 | INFO     | __main__:extract_pendencias:210 - [93] Processando: RC COMERCIO DE ALIMENTOS LTDA (31.495.226/0001-34)
2026-06-03 09:41:32 | INFO     | __main__:extract_pendencias:222 - PDF encontrado: https://storage.googleapis.com/storagescrapings.appspot.com/ecac/49586312000118/situacao-fiscal-2026-05-22-31495226000134--2158593923454933763.pdf
2026-06-03 09:41:33 | INFO     | __main__:extract_pendencias:231 - Texto extraído (9545 chars). Analisando pendências...
2026-06-03 09:41:33 | INFO     | __main__:extract_pendencias:210 - [94] Processando: REINA PIANO LTDA (52.029.265/0001-16)
2026-06-03 09:41:33 | INFO     | __main__:extract_pendencias:222 - PDF encontrado: https://storage.googleapis.com/storagescrapings.appspot.com/ecac/49586312000118/situacao-fiscal-2026-05-22-52029265000116-3622528373260720088.pdf
2026-06-03 09:41:33 | INFO     | __main__:extract_pendencias:231 - Texto extraído (3431 chars). Analisando pendências...
2026-06-03 09:41:34 | INFO     | __main__:extract_pendencias:179 - Processando página 5...
2026-06-03 09:41:34 | INFO     | __main__:extract_pendencias:186 - Encontradas 24 empresas com Pendência na página 5
2026-06-03 09:41:34 | INFO     | __main__:extract_pendencias:210 - [95] Processando: ROBERTA COSTA CARDOSO (34.243.775/0001-00)
2026-06-03 09:41:34 | INFO     | __main__:extract_pendencias:222 - PDF encontrado: https://storage.googleapis.com/storagescrapings.appspot.com/ecac/49586312000118/situacao-fiscal-2026-05-22-34243775000100-6693783164322601322.pdf
2026-06-03 09:41:34 | INFO     | __main__:extract_pendencias:231 - Texto extraído (3719 chars). Analisando pendências...
2026-06-03 09:41:34 | INFO     | __main__:extract_pendencias:210 - [96] Processando: ROSEMERY ALMEIDA MACÊDO (04.689.608/0001-26)
2026-06-03 09:41:34 | INFO     | __main__:extract_pendencias:222 - PDF encontrado: https://storage.googleapis.com/storagescrapings.appspot.com/ecac/49586312000118/situacao-fiscal-2026-05-27-04689608000126-5857967286606191588.pdf
2026-06-03 09:41:36 | INFO     | __main__:extract_pendencias:231 - Texto extraído (45636 chars). Analisando pendências...
2026-06-03 09:41:36 | INFO     | __main__:extract_pendencias:210 - [97] Processando: ROSEMERY ALMEIDA MACÊDO (04.689.608/0002-07)
2026-06-03 09:41:36 | INFO     | __main__:extract_pendencias:222 - PDF encontrado: https://storage.googleapis.com/storagescrapings.appspot.com/ecac/49586312000118/situacao-fiscal-2026-05-27-04689608000207-8236681348932344527.pdf
2026-06-03 09:41:39 | INFO     | __main__:extract_pendencias:231 - Texto extraído (46041 chars). Analisando pendências...
2026-06-03 09:41:39 | INFO     | __main__:extract_pendencias:210 - [98] Processando: ROSEMERY ALMEIDA MACÊDO (04.689.608/0003-98)
2026-06-03 09:41:39 | INFO     | __main__:extract_pendencias:222 - PDF encontrado: https://storage.googleapis.com/storagescrapings.appspot.com/ecac/49586312000118/situacao-fiscal-2026-05-22-04689608000398-1690886399591407781.pdf
2026-06-03 09:41:41 | INFO     | __main__:extract_pendencias:231 - Texto extraído (43077 chars). Analisando pendências...
2026-06-03 09:41:41 | INFO     | __main__:extract_pendencias:210 - [99] Processando: S A 4 MARKETING EMPRESARIAL LTDA. (09.199.339/0001-33)
2026-06-03 09:41:41 | INFO     | __main__:extract_pendencias:222 - PDF encontrado: https://storage.googleapis.com/storagescrapings.appspot.com/ecac/49586312000118/situacao-fiscal-2026-05-22-09199339000133--5866562517804633017.pdf
2026-06-03 09:41:41 | INFO     | __main__:extract_pendencias:231 - Texto extraído (2732 chars). Analisando pendências...
2026-06-03 09:41:41 | INFO     | __main__:extract_pendencias:210 - [100] Processando: SAMP ADMINISTRACAO LTDA (33.903.444/0001-96)
2026-06-03 09:41:41 | INFO     | __main__:extract_pendencias:222 - PDF encontrado: https://storage.googleapis.com/storagescrapings.appspot.com/ecac/49586312000118/situacao-fiscal-2026-05-27-33903444000196-2941718750996343628.pdf
2026-06-03 09:41:42 | INFO     | __main__:extract_pendencias:231 - Texto extraído (2743 chars). Analisando pendências...
2026-06-03 09:41:42 | WARNING  | __main__:extract_pendencias:235 - SiefParser sem pendências. Primeiros 200 chars: MINISTÉRIO DA ECONOMIA Por meio do Integra Contador
SECRETARIA ESPECIAL DA RECEITA FEDERAL DO BRASIL Autor pedido: 49.586.312/0001-18. Contratante: 28.408.293/0001-60
PROCURADORIA-GERAL DA FAZENDA NAC
2026-06-03 09:41:42 | WARNING  | __main__:extract_pendencias:255 - Lote de 50 atingido. Reiniciando sessão...
2026-06-03 09:41:42 | INFO     | __main__:extract_pendencias:139 - --- INICIANDO SESSÃO (Batch 3, Página 5) ---
2026-06-03 09:41:44 | INFO     | __main__:_login:22 - Navegando para o login em https://49586312000118.veri.com.br//login
2026-06-03 09:41:45 | INFO     | __main__:_login:25 - Inserindo credenciais...
2026-06-03 09:41:46 | INFO     | __main__:_login:35 - Aguardando redirecionamento pós-login...
2026-06-03 09:41:48 | SUCCESS  | __main__:_login:50 - Logado com sucesso.
2026-06-03 09:41:48 | INFO     | __main__:extract_pendencias:166 - Navegando para lista geral (Resumo na pág 5)...
2026-06-03 09:41:49 | INFO     | __main__:extract_pendencias:172 - Avançando para página 2 para retomar...
2026-06-03 09:41:50 | INFO     | __main__:extract_pendencias:172 - Avançando para página 3 para retomar...
2026-06-03 09:41:52 | INFO     | __main__:extract_pendencias:172 - Avançando para página 4 para retomar...
2026-06-03 09:41:53 | INFO     | __main__:extract_pendencias:172 - Avançando para página 5 para retomar...
2026-06-03 09:41:54 | INFO     | __main__:extract_pendencias:179 - Processando página 5...
2026-06-03 09:41:54 | INFO     | __main__:extract_pendencias:186 - Encontradas 24 empresas com Pendência na página 5
2026-06-03 09:41:54 | INFO     | __main__:extract_pendencias:210 - [101] Processando: ROBERTA COSTA CARDOSO (34.243.775/0001-00)
2026-06-03 09:41:54 | INFO     | __main__:extract_pendencias:222 - PDF encontrado: https://storage.googleapis.com/storagescrapings.appspot.com/ecac/49586312000118/situacao-fiscal-2026-05-22-34243775000100-6693783164322601322.pdf
2026-06-03 09:41:55 | INFO     | __main__:extract_pendencias:231 - Texto extraído (3719 chars). Analisando pendências...
2026-06-03 09:41:55 | INFO     | __main__:extract_pendencias:210 - [102] Processando: ROSEMERY ALMEIDA MACÊDO (04.689.608/0001-26)
2026-06-03 09:41:55 | INFO     | __main__:extract_pendencias:222 - PDF encontrado: https://storage.googleapis.com/storagescrapings.appspot.com/ecac/49586312000118/situacao-fiscal-2026-05-27-04689608000126-5857967286606191588.pdf
2026-06-03 09:41:56 | INFO     | __main__:extract_pendencias:231 - Texto extraído (45636 chars). Analisando pendências...
2026-06-03 09:41:56 | INFO     | __main__:extract_pendencias:210 - [103] Processando: ROSEMERY ALMEIDA MACÊDO (04.689.608/0002-07)
2026-06-03 09:41:56 | INFO     | __main__:extract_pendencias:222 - PDF encontrado: https://storage.googleapis.com/storagescrapings.appspot.com/ecac/49586312000118/situacao-fiscal-2026-05-27-04689608000207-8236681348932344527.pdf
2026-06-03 09:41:58 | INFO     | __main__:extract_pendencias:231 - Texto extraído (46041 chars). Analisando pendências...
2026-06-03 09:41:58 | INFO     | __main__:extract_pendencias:210 - [104] Processando: ROSEMERY ALMEIDA MACÊDO (04.689.608/0003-98)
2026-06-03 09:41:58 | INFO     | __main__:extract_pendencias:222 - PDF encontrado: https://storage.googleapis.com/storagescrapings.appspot.com/ecac/49586312000118/situacao-fiscal-2026-05-22-04689608000398-1690886399591407781.pdf
2026-06-03 09:42:00 | INFO     | __main__:extract_pendencias:231 - Texto extraído (43077 chars). Analisando pendências...
2026-06-03 09:42:00 | INFO     | __main__:extract_pendencias:210 - [105] Processando: S A 4 MARKETING EMPRESARIAL LTDA. (09.199.339/0001-33)
2026-06-03 09:42:00 | INFO     | __main__:extract_pendencias:222 - PDF encontrado: https://storage.googleapis.com/storagescrapings.appspot.com/ecac/49586312000118/situacao-fiscal-2026-05-22-09199339000133--5866562517804633017.pdf
2026-06-03 09:42:00 | INFO     | __main__:extract_pendencias:231 - Texto extraído (2732 chars). Analisando pendências...
2026-06-03 09:42:00 | INFO     | __main__:extract_pendencias:210 - [106] Processando: SAMP ADMINISTRACAO LTDA (33.903.444/0001-96)
2026-06-03 09:42:00 | INFO     | __main__:extract_pendencias:222 - PDF encontrado: https://storage.googleapis.com/storagescrapings.appspot.com/ecac/49586312000118/situacao-fiscal-2026-05-27-33903444000196-2941718750996343628.pdf
2026-06-03 09:42:01 | INFO     | __main__:extract_pendencias:231 - Texto extraído (2743 chars). Analisando pendências...
2026-06-03 09:42:01 | WARNING  | __main__:extract_pendencias:235 - SiefParser sem pendências. Primeiros 200 chars: MINISTÉRIO DA ECONOMIA Por meio do Integra Contador
SECRETARIA ESPECIAL DA RECEITA FEDERAL DO BRASIL Autor pedido: 49.586.312/0001-18. Contratante: 28.408.293/0001-60
PROCURADORIA-GERAL DA FAZENDA NAC
2026-06-03 09:42:01 | INFO     | __main__:extract_pendencias:210 - [107] Processando: SAO PEDRO CONSTRUTORA LTDA (03.051.741/0001-90)
2026-06-03 09:42:01 | INFO     | __main__:extract_pendencias:222 - PDF encontrado: https://storage.googleapis.com/storagescrapings.appspot.com/ecac/49586312000118/situacao-fiscal-2026-05-27-03051741000190--1428912762305358341.pdf
2026-06-03 09:42:01 | INFO     | __main__:extract_pendencias:231 - Texto extraído (3383 chars). Analisando pendências...
2026-06-03 09:42:01 | INFO     | __main__:extract_pendencias:210 - [108] Processando: SARAVIMANA PATRIMONIAL LTDA. (04.904.636/0001-19)
2026-06-03 09:42:01 | INFO     | __main__:extract_pendencias:222 - PDF encontrado: https://storage.googleapis.com/storagescrapings.appspot.com/ecac/49586312000118/situacao-fiscal-2026-06-02-04904636000119-5510425725127838378.pdf
2026-06-03 09:42:01 | INFO     | __main__:extract_pendencias:231 - Texto extraído (3298 chars). Analisando pendências...
2026-06-03 09:42:01 | INFO     | __main__:extract_pendencias:210 - [109] Processando: SERRA DA ESTRELA PATRIMONIAL S/A. (04.091.558/0001-80)
2026-06-03 09:42:01 | INFO     | __main__:extract_pendencias:222 - PDF encontrado: https://storage.googleapis.com/storagescrapings.appspot.com/ecac/49586312000118/situacao-fiscal-2026-05-22-04091558000180--8354878563274342211.pdf
2026-06-03 09:42:02 | INFO     | __main__:extract_pendencias:231 - Texto extraído (2838 chars). Analisando pendências...
2026-06-03 09:42:02 | INFO     | __main__:extract_pendencias:210 - [110] Processando: SERRA NEGRA PARTICIPACOES LTDA (15.332.740/0001-00)
2026-06-03 09:42:02 | INFO     | __main__:extract_pendencias:222 - PDF encontrado: https://storage.googleapis.com/storagescrapings.appspot.com/ecac/49586312000118/situacao-fiscal-2026-05-22-15332740000100-6577258405291245537.pdf
2026-06-03 09:42:02 | INFO     | __main__:extract_pendencias:231 - Texto extraído (3534 chars). Analisando pendências...
2026-06-03 09:42:02 | INFO     | __main__:extract_pendencias:210 - [111] Processando: SERVIR SEGURANCA E VIGILANCIA LTDA (02.642.837/0001-60)
2026-06-03 09:42:02 | INFO     | __main__:extract_pendencias:222 - PDF encontrado: https://storage.googleapis.com/storagescrapings.appspot.com/ecac/49586312000118/situacao-fiscal-2026-05-22-02642837000160-4504848898131319948.pdf
2026-06-03 09:42:03 | INFO     | __main__:extract_pendencias:231 - Texto extraído (7469 chars). Analisando pendências...
2026-06-03 09:42:03 | INFO     | __main__:extract_pendencias:210 - [112] Processando: SINAL CONSTRUTORA LTDA (33.811.381/0001-48)
2026-06-03 09:42:03 | INFO     | __main__:extract_pendencias:222 - PDF encontrado: https://storage.googleapis.com/storagescrapings.appspot.com/ecac/49586312000118/situacao-fiscal-2026-05-27-33811381000148-5809363753282569143.pdf
2026-06-03 09:42:03 | INFO     | __main__:extract_pendencias:231 - Texto extraído (7186 chars). Analisando pendências...
2026-06-03 09:42:03 | WARNING  | __main__:extract_pendencias:235 - SiefParser sem pendências. Primeiros 200 chars: MINISTÉRIO DA ECONOMIA Por meio do Integra Contador
SECRETARIA ESPECIAL DA RECEITA FEDERAL DO BRASIL Autor pedido: 49.586.312/0001-18. Contratante: 28.408.293/0001-60
PROCURADORIA-GERAL DA FAZENDA NAC
2026-06-03 09:42:03 | INFO     | __main__:extract_pendencias:210 - [113] Processando: SINDICATO DOS DELEGADOS DE POLICIA DO ESTADO DA BAHIA - ADPEB/SINDICATO (73.393.696/0001-37)
2026-06-03 09:42:03 | INFO     | __main__:extract_pendencias:222 - PDF encontrado: https://storage.googleapis.com/storagescrapings.appspot.com/ecac/49586312000118/situacao-fiscal-2026-05-22-73393696000137--2542308050416388778.pdf
2026-06-03 09:42:03 | INFO     | __main__:extract_pendencias:231 - Texto extraído (3186 chars). Analisando pendências...
2026-06-03 09:42:03 | INFO     | __main__:extract_pendencias:210 - [114] Processando: STAUMMAQ SERVICOS TECNICOS AUTOMACAO MOTORES E MAQUINAS LTDA (02.370.080/0001-00)
2026-06-03 09:42:03 | INFO     | __main__:extract_pendencias:222 - PDF encontrado: https://storage.googleapis.com/storagescrapings.appspot.com/ecac/49586312000118/situacao-fiscal-2026-05-22-02370080000100--5765333278036069936.pdf
2026-06-03 09:42:04 | INFO     | __main__:extract_pendencias:231 - Texto extraído (12382 chars). Analisando pendências...
2026-06-03 09:42:04 | INFO     | __main__:extract_pendencias:210 - [115] Processando: STELU PATRIMONIAL LIMITADA (11.501.054/0001-57)
2026-06-03 09:42:04 | INFO     | __main__:extract_pendencias:222 - PDF encontrado: https://storage.googleapis.com/storagescrapings.appspot.com/ecac/49586312000118/situacao-fiscal-2026-05-22-11501054000157--1129733188019499627.pdf
2026-06-03 09:42:04 | INFO     | __main__:extract_pendencias:231 - Texto extraído (3403 chars). Analisando pendências...
2026-06-03 09:42:04 | INFO     | __main__:extract_pendencias:210 - [116] Processando: STK - ENSINO MEDIO LTDA. (07.007.823/0001-98)
2026-06-03 09:42:04 | INFO     | __main__:extract_pendencias:222 - PDF encontrado: https://storage.googleapis.com/storagescrapings.appspot.com/ecac/49586312000118/situacao-fiscal-2026-05-22-07007823000198-8760018206491053929.pdf
2026-06-03 09:42:05 | INFO     | __main__:extract_pendencias:231 - Texto extraído (7872 chars). Analisando pendências...
2026-06-03 09:42:05 | INFO     | __main__:extract_pendencias:210 - [117] Processando: TAMP - ENSINO FUNDAMENTAL LTDA. (04.607.541/0001-33)
2026-06-03 09:42:05 | INFO     | __main__:extract_pendencias:222 - PDF encontrado: https://storage.googleapis.com/storagescrapings.appspot.com/ecac/49586312000118/situacao-fiscal-2026-05-22-04607541000133-7515511694688024766.pdf
2026-06-03 09:42:06 | INFO     | __main__:extract_pendencias:231 - Texto extraído (19990 chars). Analisando pendências...
2026-06-03 09:42:06 | INFO     | __main__:extract_pendencias:210 - [118] Processando: TECMARQUES ASSOCIADOS LTDA (48.772.387/0001-20)
2026-06-03 09:42:06 | INFO     | __main__:extract_pendencias:222 - PDF encontrado: https://storage.googleapis.com/storagescrapings.appspot.com/ecac/49586312000118/situacao-fiscal-2026-05-22-48772387000120--1619794619520664963.pdf
2026-06-03 09:42:06 | INFO     | __main__:extract_pendencias:231 - Texto extraído (3722 chars). Analisando pendências...
2026-06-03 09:42:06 | INFO     | __main__:extract_pendencias:210 - [119] Processando: TEMIS PROJETOS DE MEIO AMBIENTE E SUSTENTABILIDADE LTDA (07.345.543/0001-90)
2026-06-03 09:42:06 | INFO     | __main__:extract_pendencias:222 - PDF encontrado: https://storage.googleapis.com/storagescrapings.appspot.com/ecac/49586312000118/situacao-fiscal-2026-05-22-07345543000190-2185065690376802309.pdf
2026-06-03 09:42:06 | INFO     | __main__:extract_pendencias:231 - Texto extraído (2872 chars). Analisando pendências...
2026-06-03 09:42:06 | WARNING  | __main__:extract_pendencias:235 - SiefParser sem pendências. Primeiros 200 chars: MINISTÉRIO DA ECONOMIA Por meio do Integra Contador
SECRETARIA ESPECIAL DA RECEITA FEDERAL DO BRASIL Autor pedido: 49.586.312/0001-18. Contratante: 28.408.293/0001-60
PROCURADORIA-GERAL DA FAZENDA NAC
2026-06-03 09:42:06 | INFO     | __main__:extract_pendencias:210 - [120] Processando: TEPUK COMÉRCIO DE ARTIGOS DO VESTUARIO LTDA (26.219.076/0001-04)
2026-06-03 09:42:06 | INFO     | __main__:extract_pendencias:222 - PDF encontrado: https://storage.googleapis.com/storagescrapings.appspot.com/ecac/49586312000118/situacao-fiscal-2026-05-22-26219076000104--7757151283428987037.pdf
2026-06-03 09:42:07 | INFO     | __main__:extract_pendencias:231 - Texto extraído (3256 chars). Analisando pendências...
2026-06-03 09:42:07 | INFO     | __main__:extract_pendencias:210 - [121] Processando: TEREZA CRISTINA DE ANDRADE CRUZ - EPP (29.278.328/0001-56)
2026-06-03 09:42:07 | INFO     | __main__:extract_pendencias:222 - PDF encontrado: https://storage.googleapis.com/storagescrapings.appspot.com/ecac/49586312000118/situacao-fiscal-2026-05-27-29278328000156-1173451726075844245.pdf
2026-06-03 09:42:07 | INFO     | __main__:extract_pendencias:231 - Texto extraído (3433 chars). Analisando pendências...
2026-06-03 09:42:07 | INFO     | __main__:extract_pendencias:210 - [122] Processando: TOK UNIFORMES COMERCIO DE CONFECCOES LTDA (25.190.228/0001-12)
2026-06-03 09:42:07 | INFO     | __main__:extract_pendencias:222 - PDF encontrado: https://storage.googleapis.com/storagescrapings.appspot.com/ecac/49586312000118/situacao-fiscal-2026-05-22-25190228000112--6471713443181339143.pdf
2026-06-03 09:42:07 | INFO     | __main__:extract_pendencias:231 - Texto extraído (2906 chars). Analisando pendências...
2026-06-03 09:42:07 | INFO     | __main__:extract_pendencias:210 - [123] Processando: TR GESTAO E SERVICOS LTDA (35.840.382/0001-46)
2026-06-03 09:42:07 | INFO     | __main__:extract_pendencias:222 - PDF encontrado: https://storage.googleapis.com/storagescrapings.appspot.com/ecac/49586312000118/situacao-fiscal-2026-05-22-35840382000146-1642186205862359530.pdf
2026-06-03 09:42:08 | INFO     | __main__:extract_pendencias:231 - Texto extraído (2784 chars). Analisando pendências...
2026-06-03 09:42:08 | INFO     | __main__:extract_pendencias:210 - [124] Processando: TXB INVESTIMENTOS LTDA. (20.287.189/0001-52)
2026-06-03 09:42:08 | INFO     | __main__:extract_pendencias:222 - PDF encontrado: https://storage.googleapis.com/storagescrapings.appspot.com/ecac/49586312000118/situacao-fiscal-2026-05-27-20287189000152-3759065615107606211.pdf
2026-06-03 09:42:08 | INFO     | __main__:extract_pendencias:231 - Texto extraído (3030 chars). Analisando pendências...
2026-06-03 09:42:08 | WARNING  | __main__:extract_pendencias:235 - SiefParser sem pendências. Primeiros 200 chars: MINISTÉRIO DA ECONOMIA Por meio do Integra Contador
SECRETARIA ESPECIAL DA RECEITA FEDERAL DO BRASIL Autor pedido: 49.586.312/0001-18. Contratante: 28.408.293/0001-60
PROCURADORIA-GERAL DA FAZENDA NAC
2026-06-03 09:42:08 | INFO     | __main__:extract_pendencias:179 - Processando página 6...
2026-06-03 09:42:08 | INFO     | __main__:extract_pendencias:186 - Encontradas 4 empresas com Pendência na página 6
2026-06-03 09:42:08 | INFO     | __main__:extract_pendencias:210 - [125] Processando: VERTEX SOLUTION EM SERVICOS LTDA (58.269.983/0001-46)
2026-06-03 09:42:08 | INFO     | __main__:extract_pendencias:222 - PDF encontrado: https://storage.googleapis.com/storagescrapings.appspot.com/ecac/49586312000118/situacao-fiscal-2026-05-22-58269983000146-8220427998895548328.pdf
2026-06-03 09:42:09 | INFO     | __main__:extract_pendencias:231 - Texto extraído (2848 chars). Analisando pendências...
2026-06-03 09:42:09 | INFO     | __main__:extract_pendencias:210 - [126] Processando: VITRINE DA CERVEJA LTDA (18.490.365/0001-07)
2026-06-03 09:42:09 | INFO     | __main__:extract_pendencias:222 - PDF encontrado: https://storage.googleapis.com/storagescrapings.appspot.com/ecac/49586312000118/situacao-fiscal-2026-05-22-18490365000107-2755675413332243946.pdf
2026-06-03 09:42:10 | INFO     | __main__:extract_pendencias:231 - Texto extraído (31489 chars). Analisando pendências...
2026-06-03 09:42:10 | INFO     | __main__:extract_pendencias:210 - [127] Processando: VOLTA DO RIO PATRIMONIAL S/A. (04.771.186/0001-33)
2026-06-03 09:42:10 | INFO     | __main__:extract_pendencias:222 - PDF encontrado: https://storage.googleapis.com/storagescrapings.appspot.com/ecac/49586312000118/situacao-fiscal-2026-05-22-04771186000133--6576596395908469110.pdf
2026-06-03 09:42:10 | INFO     | __main__:extract_pendencias:231 - Texto extraído (7672 chars). Analisando pendências...
2026-06-03 09:42:10 | WARNING  | __main__:extract_pendencias:235 - SiefParser sem pendências. Primeiros 200 chars: MINISTÉRIO DA ECONOMIA Por meio do Integra Contador
SECRETARIA ESPECIAL DA RECEITA FEDERAL DO BRASIL Autor pedido: 49.586.312/0001-18. Contratante: 28.408.293/0001-60
PROCURADORIA-GERAL DA FAZENDA NAC
2026-06-03 09:42:10 | INFO     | __main__:extract_pendencias:210 - [128] Processando: WAR PATRIMONIAL LTDA (05.220.129/0001-29)
2026-06-03 09:42:10 | INFO     | __main__:extract_pendencias:222 - PDF encontrado: https://storage.googleapis.com/storagescrapings.appspot.com/ecac/49586312000118/situacao-fiscal-2026-05-22-05220129000129--1369835539111458292.pdf
2026-06-03 09:42:11 | INFO     | __main__:extract_pendencias:231 - Texto extraído (3214 chars). Analisando pendências...
2026-06-03 09:42:22 | SUCCESS  | __main__:extract_pendencias:313 - Relatórios separados gerados com sucesso na pasta logs/.
