2026-03-10 11:55:30 | INFO     | __main__:extract_pendencias:40 - Iniciando Playwright (headless=False)
2026-03-10 11:55:31 | INFO     | __main__:_login:19 - Navegando para o login em https://49586312000118.veri.com.br//login
2026-03-10 11:55:32 | INFO     | __main__:_login:22 - Inserindo credenciais...
2026-03-10 11:55:33 | INFO     | __main__:_login:32 - Aguardando carregamento da área restrita...
2026-03-10 11:55:39 | SUCCESS  | __main__:_login:35 - Logado com sucesso (aparentemente).
2026-03-10 11:55:39 | INFO     | __main__:extract_pendencias:52 - Aguardando 10 segundos para conferência visual...
2026-03-10 12:01:32 | INFO     | __main__:extract_pendencias:40 - Iniciando Playwright (headless=False)
2026-03-10 12:01:32 | INFO     | __main__:_login:19 - Navegando para o login em https://49586312000118.veri.com.br//login
2026-03-10 12:01:34 | INFO     | __main__:_login:22 - Inserindo credenciais...
2026-03-10 12:01:36 | INFO     | __main__:_login:32 - Aguardando carregamento da área restrita...
2026-03-10 12:01:47 | SUCCESS  | __main__:_login:35 - Logado com sucesso (aparentemente).
2026-03-10 12:01:47 | INFO     | __main__:extract_pendencias:51 - Buscando o card 'Diagnóstico Fiscal PJ - e-Cac'
2026-03-10 12:02:17 | ERROR    | __main__:extract_pendencias:116 - Erro na extração: Page.click: Timeout 30000ms exceeded.
Call log:
  - waiting for locator("text='Diagnóstico Fiscal PJ'")

2026-03-10 12:02:20 | INFO     | __main__:extract_pendencias:40 - Iniciando Playwright (headless=False)
2026-03-10 12:02:21 | INFO     | __main__:_login:19 - Navegando para o login em https://49586312000118.veri.com.br//login
2026-03-10 12:02:23 | INFO     | __main__:_login:22 - Inserindo credenciais...
2026-03-10 12:02:24 | INFO     | __main__:_login:32 - Aguardando carregamento da área restrita...
2026-03-10 12:02:34 | SUCCESS  | __main__:_login:35 - Logado com sucesso (aparentemente).
2026-03-10 12:02:34 | INFO     | __main__:extract_pendencias:51 - Buscando o card 'Diagnóstico Fiscal PJ - e-Cac'
2026-03-10 12:03:04 | ERROR    | __main__:extract_pendencias:116 - Erro na extração: Page.click: Timeout 30000ms exceeded.
Call log:
  - waiting for locator("text='Diagnóstico Fiscal PJ'")
    - waiting for" https://49586312000118.veri.com.br/Painel_receita" navigation to finish...
    - navigated to "https://49586312000118.veri.com.br/Painel_receita"

2026-03-10 12:03:52 | INFO     | __main__:extract_pendencias:40 - Iniciando Playwright (headless=False)
2026-03-10 12:03:53 | INFO     | __main__:_login:19 - Navegando para o login em https://49586312000118.veri.com.br//login
2026-03-10 12:03:55 | INFO     | __main__:_login:22 - Inserindo credenciais...
2026-03-10 12:03:56 | INFO     | __main__:_login:32 - Aguardando carregamento da área restrita...
2026-03-10 12:04:06 | SUCCESS  | __main__:_login:35 - Logado com sucesso (aparentemente).
2026-03-10 12:04:06 | INFO     | __main__:extract_pendencias:51 - Buscando o card 'Diagnóstico Fiscal PJ - e-Cac'
2026-03-10 12:04:16 | ERROR    | __main__:extract_pendencias:57 - Não achou texto. Salvando HTML para debug...
2026-03-10 12:04:17 | ERROR    | __main__:extract_pendencias:125 - Erro na extração: Page.click: Timeout 10000ms exceeded.
Call log:
  - waiting for locator("text='Diagnóstico Fiscal PJ'")

2026-03-10 12:04:20 | INFO     | __main__:extract_pendencias:40 - Iniciando Playwright (headless=False)
2026-03-10 12:04:20 | INFO     | __main__:_login:19 - Navegando para o login em https://49586312000118.veri.com.br//login
2026-03-10 12:04:22 | INFO     | __main__:_login:22 - Inserindo credenciais...
2026-03-10 12:04:23 | INFO     | __main__:_login:32 - Aguardando carregamento da área restrita...
2026-03-10 12:04:25 | SUCCESS  | __main__:_login:35 - Logado com sucesso (aparentemente).
2026-03-10 12:04:25 | INFO     | __main__:extract_pendencias:51 - Buscando o card 'Diagnóstico Fiscal PJ - e-Cac'
2026-03-10 12:04:35 | ERROR    | __main__:extract_pendencias:57 - Não achou texto. Salvando HTML para debug...
2026-03-10 12:04:35 | ERROR    | __main__:extract_pendencias:125 - Erro na extração: Page.click: Timeout 10000ms exceeded.
Call log:
  - waiting for locator("text='Diagnóstico Fiscal PJ'")

2026-03-10 12:08:54 | INFO     | __main__:extract_pendencias:40 - Iniciando Playwright (headless=False)
2026-03-10 12:08:54 | INFO     | __main__:_login:19 - Navegando para o login em https://49586312000118.veri.com.br//login
2026-03-10 12:08:56 | INFO     | __main__:_login:22 - Inserindo credenciais...
2026-03-10 12:08:57 | INFO     | __main__:_login:32 - Aguardando carregamento da área restrita...
2026-03-10 12:09:07 | SUCCESS  | __main__:_login:35 - Logado com sucesso (aparentemente).
2026-03-10 12:09:07 | INFO     | __main__:extract_pendencias:51 - Testando rotas diretas para 'Situação Fiscal e-CAC'
2026-03-10 12:09:07 | INFO     | __main__:extract_pendencias:61 - Navegando para: https://49586312000118.veri.com.br//empresa/consultageral
2026-03-10 12:09:10 | INFO     | __main__:extract_pendencias:66 - URL: https://49586312000118.veri.com.br//empresa/consultageral | Titulo: Portal VERI | H1: Home
Dashboard Estadual
Situação Fiscal
2026-03-10 12:09:10 | INFO     | __main__:extract_pendencias:70 - Tem tabela? True
2026-03-10 12:09:10 | INFO     | __main__:extract_pendencias:61 - Navegando para: https://49586312000118.veri.com.br//diagnostico_veri/listar
2026-03-10 12:09:11 | INFO     | __main__:extract_pendencias:66 - URL: https://49586312000118.veri.com.br//diagnostico_veri/listar | Titulo: VERI - Você no controle | H1: Sem Permissão de Acesso
2026-03-10 12:09:11 | INFO     | __main__:extract_pendencias:70 - Tem tabela? False
2026-03-10 12:09:11 | INFO     | __main__:extract_pendencias:61 - Navegando para: https://49586312000118.veri.com.br//Painel_receita
2026-03-10 12:09:13 | INFO     | __main__:extract_pendencias:66 - URL: https://49586312000118.veri.com.br//Painel_receita | Titulo: Portal VERI | H1: Home
Dashboard Federal
2026-03-10 12:09:13 | INFO     | __main__:extract_pendencias:70 - Tem tabela? False
2026-03-10 12:52:30 | INFO     | __main__:extract_pendencias:40 - Iniciando Playwright (headless=False)
2026-03-10 12:52:31 | INFO     | __main__:_login:19 - Navegando para o login em https://49586312000118.veri.com.br//login
2026-03-10 12:52:33 | INFO     | __main__:_login:22 - Inserindo credenciais...
2026-03-10 12:52:35 | INFO     | __main__:_login:32 - Aguardando carregamento da área restrita...
2026-03-10 12:52:37 | SUCCESS  | __main__:_login:35 - Logado com sucesso (aparentemente).
2026-03-10 12:52:37 | INFO     | __main__:extract_pendencias:52 - Procurando botão 'Agora não' do modal inicial...
2026-03-10 12:52:37 | INFO     | __main__:extract_pendencias:56 - Clicando em 'Agora não'
2026-03-10 12:52:39 | INFO     | __main__:extract_pendencias:64 - Tentando expandir menu lateral...
2026-03-10 12:52:39 | INFO     | __main__:extract_pendencias:71 - Testando hover na sidebar
2026-03-10 12:52:40 | INFO     | __main__:extract_pendencias:77 - Clicando no menu 'Dashboard Federal'
2026-03-10 12:52:41 | INFO     | __main__:extract_pendencias:81 - Buscando o card 'Diagnóstico Fiscal PJ - e-Cac'
2026-03-10 12:52:51 | ERROR    | __main__:extract_pendencias:86 - Não achou texto do card. Salvando HTML para debug...
2026-03-10 12:52:51 | ERROR    | __main__:extract_pendencias:154 - Erro na extração: Page.click: Timeout 10000ms exceeded.
Call log:
  - waiting for locator("text='Diagnóstico Fiscal PJ - e-Cac', text='Diagnóstico Fiscal PJ - e- Cac'")

2026-03-10 12:52:55 | INFO     | __main__:extract_pendencias:40 - Iniciando Playwright (headless=False)
2026-03-10 12:52:55 | INFO     | __main__:_login:19 - Navegando para o login em https://49586312000118.veri.com.br//login
2026-03-10 12:52:57 | INFO     | __main__:_login:22 - Inserindo credenciais...
2026-03-10 12:52:58 | INFO     | __main__:_login:32 - Aguardando carregamento da área restrita...
2026-03-10 12:53:01 | SUCCESS  | __main__:_login:35 - Logado com sucesso (aparentemente).
2026-03-10 12:53:01 | INFO     | __main__:extract_pendencias:52 - Procurando botão 'Agora não' do modal inicial...
2026-03-10 12:53:01 | INFO     | __main__:extract_pendencias:56 - Clicando em 'Agora não'
2026-03-10 12:53:02 | INFO     | __main__:extract_pendencias:64 - Tentando expandir menu lateral...
2026-03-10 12:53:02 | INFO     | __main__:extract_pendencias:71 - Testando hover na sidebar
2026-03-10 12:53:03 | INFO     | __main__:extract_pendencias:77 - Clicando no menu 'Dashboard Federal'
2026-03-10 12:53:04 | INFO     | __main__:extract_pendencias:81 - Buscando o card 'Diagnóstico Fiscal PJ - e-Cac'
2026-03-10 12:53:14 | ERROR    | __main__:extract_pendencias:86 - Não achou texto do card. Salvando HTML para debug...
2026-03-10 12:53:14 | ERROR    | __main__:extract_pendencias:154 - Erro na extração: Page.click: Timeout 10000ms exceeded.
Call log:
  - waiting for locator("text='Diagnóstico Fiscal PJ - e-Cac', text='Diagnóstico Fiscal PJ - e- Cac'")

2026-03-10 12:55:03 | INFO     | __main__:extract_pendencias:70 - Iniciando Playwright (headless=False)
2026-03-10 12:55:04 | INFO     | __main__:_login:19 - Navegando para o login em https://49586312000118.veri.com.br//login
2026-03-10 12:55:06 | INFO     | __main__:_login:22 - Inserindo credenciais...
2026-03-10 12:55:07 | INFO     | __main__:_login:32 - Aguardando carregamento da área restrita...
2026-03-10 12:55:11 | SUCCESS  | __main__:_login:35 - Logado com sucesso (aparentemente).
2026-03-10 12:55:11 | INFO     | __main__:extract_pendencias:83 - Procurando botão 'Agora não' do modal inicial...
2026-03-10 12:55:11 | INFO     | __main__:extract_pendencias:90 - Modal fechado.
2026-03-10 12:55:11 | INFO     | __main__:extract_pendencias:95 - Expandindo menu e acessando Dashboard Federal...
2026-03-10 12:55:12 | ERROR    | __main__:extract_pendencias:149 - Erro Crítico: Locator.click: Error: strict mode violation: get_by_role("link", name="Dashboard Federal") resolved to 2 elements:
    1) <a class="menu-link" href="https://49586312000118.veri.com.br/Painel_receita">…</a> aka get_by_role("link", name=" Dashboard Federal", exact=True)
    2) <a data-bs-html="true" data-bs-placement="top" data-kt-initialized="1" data-bs-toggle="tooltip" class="card hover-elevate-up shadow-sm parent-hover" href="https://49586312000118.veri.com.br/Painel_receita" data-bs-title="<div style="width: 100%;"><div class="d-flex align-items-center justify-content-center gap-2 mb-2"><i class="ki-duotone ki-star fs-4 star-yellow" style="color: #ffc107 !important;"><span class="path1" style="fill: #ffc107 !important;"></span><span class="path2" style="fill: #ffc1…>…</a> aka get_by_role("link", name="Novo  Dashboard Federal")

Call log:
  - waiting for get_by_role("link", name="Dashboard Federal")

2026-03-10 12:55:40 | INFO     | __main__:extract_pendencias:70 - Iniciando Playwright (headless=False)
2026-03-10 12:55:41 | INFO     | __main__:_login:19 - Navegando para o login em https://49586312000118.veri.com.br//login
2026-03-10 12:55:42 | INFO     | __main__:_login:22 - Inserindo credenciais...
2026-03-10 12:55:44 | INFO     | __main__:_login:32 - Aguardando carregamento da área restrita...
2026-03-10 12:55:46 | SUCCESS  | __main__:_login:35 - Logado com sucesso (aparentemente).
2026-03-10 12:55:46 | INFO     | __main__:extract_pendencias:83 - Procurando botão 'Agora não' do modal inicial...
2026-03-10 12:55:46 | INFO     | __main__:extract_pendencias:90 - Modal fechado.
2026-03-10 12:55:46 | INFO     | __main__:extract_pendencias:95 - Expandindo menu e acessando Dashboard Federal...
2026-03-10 12:55:47 | INFO     | __main__:extract_pendencias:103 - Clicando em Dashboard Federal (link)...
2026-03-10 12:55:48 | INFO     | __main__:extract_pendencias:108 - Localizando card de Diagnóstico Fiscal PJ...
2026-03-10 12:55:50 | INFO     | __main__:extract_pendencias:116 - Aguardando carregar a tabela de Situação Fiscal...
2026-03-10 12:55:50 | INFO     | __main__:extract_pendencias:121 - Processando 52 possíveis linhas...
2026-03-10 12:55:50 | ERROR    | __main__:extract_pendencias:153 - Erro Crítico: name 're' is not defined
2026-03-10 12:56:18 | INFO     | __main__:extract_pendencias:71 - Iniciando Playwright (headless=False)
2026-03-10 12:56:19 | INFO     | __main__:_login:20 - Navegando para o login em https://49586312000118.veri.com.br//login
2026-03-10 12:56:21 | INFO     | __main__:_login:23 - Inserindo credenciais...
2026-03-10 12:56:21 | INFO     | __main__:_login:33 - Aguardando carregamento da área restrita...
2026-03-10 12:56:31 | SUCCESS  | __main__:_login:36 - Logado com sucesso (aparentemente).
2026-03-10 12:56:31 | INFO     | __main__:extract_pendencias:84 - Procurando botão 'Agora não' do modal inicial...
2026-03-10 12:56:31 | INFO     | __main__:extract_pendencias:91 - Modal fechado.
2026-03-10 12:56:31 | INFO     | __main__:extract_pendencias:96 - Expandindo menu e acessando Dashboard Federal...
2026-03-10 12:56:32 | INFO     | __main__:extract_pendencias:104 - Clicando em Dashboard Federal (link)...
2026-03-10 12:56:34 | INFO     | __main__:extract_pendencias:109 - Localizando card de Diagnóstico Fiscal PJ...
2026-03-10 12:56:36 | INFO     | __main__:extract_pendencias:117 - Aguardando carregar a tabela de Situação Fiscal...
2026-03-10 12:56:36 | INFO     | __main__:extract_pendencias:122 - Processando 52 possíveis linhas...
2026-03-10 12:56:36 | INFO     | __main__:extract_pendencias:130 - Processando pendência para CNPJ: 62652792000136
2026-03-10 12:56:36 | INFO     | __main__:extract_pendencias:130 - Processando pendência para CNPJ: 11233811000159
2026-03-10 12:56:36 | INFO     | __main__:extract_pendencias:130 - Processando pendência para CNPJ: 16199705000110
2026-03-10 12:56:36 | INFO     | __main__:extract_pendencias:130 - Processando pendência para CNPJ: 09106487000166
2026-03-10 12:56:36 | INFO     | __main__:extract_pendencias:130 - Processando pendência para CNPJ: 09023277000104
2026-03-10 12:56:36 | INFO     | __main__:extract_pendencias:130 - Processando pendência para CNPJ: 06915315000145
2026-03-10 12:56:36 | INFO     | __main__:extract_pendencias:130 - Processando pendência para CNPJ: 25196780000118
2026-03-10 12:56:36 | INFO     | __main__:extract_pendencias:130 - Processando pendência para CNPJ: 04778322000117
2026-03-10 12:56:36 | INFO     | __main__:extract_pendencias:130 - Processando pendência para CNPJ: 00807080000191
2026-03-10 12:56:36 | INFO     | __main__:extract_pendencias:130 - Processando pendência para CNPJ: 08154181000112
2026-03-10 12:56:36 | INFO     | __main__:extract_pendencias:130 - Processando pendência para CNPJ: 14757660000126
2026-03-10 12:56:36 | INFO     | __main__:extract_pendencias:130 - Processando pendência para CNPJ: 42159055000199
2026-03-10 12:56:36 | INFO     | __main__:extract_pendencias:130 - Processando pendência para CNPJ: 37927805000195
2026-03-10 12:56:36 | SUCCESS  | __main__:extract_pendencias:151 - Automação concluída. 0 empresas processadas com débitos.
2026-03-10 12:57:14 | INFO     | __main__:extract_pendencias:71 - Iniciando Playwright (headless=False)
2026-03-10 12:57:14 | INFO     | __main__:_login:20 - Navegando para o login em https://49586312000118.veri.com.br//login
2026-03-10 12:57:17 | INFO     | __main__:_login:23 - Inserindo credenciais...
2026-03-10 12:57:18 | INFO     | __main__:_login:33 - Aguardando carregamento da área restrita...
2026-03-10 12:57:27 | SUCCESS  | __main__:_login:36 - Logado com sucesso (aparentemente).
2026-03-10 12:57:27 | INFO     | __main__:extract_pendencias:84 - Procurando botão 'Agora não' do modal inicial...
2026-03-10 12:57:27 | INFO     | __main__:extract_pendencias:91 - Modal fechado.
2026-03-10 12:57:27 | INFO     | __main__:extract_pendencias:96 - Expandindo menu e acessando Dashboard Federal...
2026-03-10 12:57:28 | INFO     | __main__:extract_pendencias:104 - Clicando em Dashboard Federal (link)...
2026-03-10 12:57:30 | INFO     | __main__:extract_pendencias:109 - Localizando card de Diagnóstico Fiscal PJ...
2026-03-10 12:57:32 | INFO     | __main__:extract_pendencias:117 - Aguardando carregar a tabela de Situação Fiscal...
2026-03-10 12:57:32 | INFO     | __main__:extract_pendencias:122 - Processando 52 possíveis linhas...
2026-03-10 12:57:32 | DEBUG    | __main__:extract_pendencias:129 - DEBUG ROW HTML: <td class="sorting_1"><div style="font-weight: bold;font-size: 14px;">AG VINHOS E GASTRONOMIA LTDA</div></td><td><div style="font-weight: bold;font-size: 14px;">62652792000136</div></td><td><div style="text-align: center; !important;"><span class="badge badge-danger" style="width:75px;justify-content:center;">Pendência</span></div></td><td><div style="text-align: center; !important;"><a href="javascript:void(0)" onclick="busca_email_cadastro(&quot;62652792000136&quot;, &quot;https://storage.goog...
2026-03-10 12:57:32 | INFO     | __main__:extract_pendencias:134 - Processando pendência para CNPJ: 62652792000136
2026-03-10 12:57:32 | INFO     | __main__:extract_pendencias:145 - Clicando em ATUALIZAR para 62652792000136
2026-03-10 12:57:37 | DEBUG    | __main__:extract_pendencias:129 - DEBUG ROW HTML: <td class="sorting_1"><div style="font-weight: bold;font-size: 14px;">ANJU PARICIPACOES LIMITADA</div></td><td><div style="font-weight: bold;font-size: 14px;">11233811000159</div></td><td><div style="text-align: center; !important;"><span class="badge badge-danger" style="width:75px;justify-content:center;">Pendência</span></div></td><td><div style="text-align: center; !important;"><a href="javascript:void(0)" onclick="busca_email_cadastro(&quot;11233811000159&quot;, &quot;https://storage.google...
2026-03-10 12:57:37 | INFO     | __main__:extract_pendencias:134 - Processando pendência para CNPJ: 11233811000159
2026-03-10 12:57:37 | INFO     | __main__:extract_pendencias:145 - Clicando em ATUALIZAR para 11233811000159
2026-03-10 12:57:42 | DEBUG    | __main__:extract_pendencias:129 - DEBUG ROW HTML: <td class="sorting_1"><div style="font-weight: bold;font-size: 14px;">ARCO APOIO RODOVIARIO COLETIVO SA</div></td><td><div style="font-weight: bold;font-size: 14px;">16199705000110</div></td><td><div style="text-align: center; !important;"><span class="badge badge-danger" style="width:75px;justify-content:center;">Pendência</span></div></td><td><div style="text-align: center; !important;"><a href="javascript:void(0)" onclick="busca_email_cadastro(&quot;16199705000110&quot;, &quot;https://storage...
2026-03-10 12:57:42 | INFO     | __main__:extract_pendencias:134 - Processando pendência para CNPJ: 16199705000110
2026-03-10 12:57:42 | INFO     | __main__:extract_pendencias:145 - Clicando em ATUALIZAR para 16199705000110
2026-03-10 12:57:57 | DEBUG    | __main__:extract_pendencias:129 - DEBUG ROW HTML: <td class="sorting_1"><div style="font-weight: bold;font-size: 14px;">BAHIA FARMS INVESTIMENTOS AGRICOLAS LTDA</div></td><td><div style="font-weight: bold;font-size: 14px;">09106487000166</div></td><td><div style="text-align: center; !important;"><span class="badge badge-danger" style="width:75px;justify-content:center;">Pendência</span></div></td><td><div style="text-align: center; !important;"><a href="javascript:void(0)" onclick="busca_email_cadastro(&quot;09106487000166&quot;, &quot;https://...
2026-03-10 12:57:57 | INFO     | __main__:extract_pendencias:134 - Processando pendência para CNPJ: 09106487000166
2026-03-10 12:57:57 | INFO     | __main__:extract_pendencias:145 - Clicando em ATUALIZAR para 09106487000166
2026-03-10 12:58:12 | DEBUG    | __main__:extract_pendencias:129 - DEBUG ROW HTML: <td class="sorting_1"><div style="font-weight: bold;font-size: 14px;">BAHIA LAND CONSULTORIA DE NEGOCIOS E INVESTIMENTOS LTDA</div></td><td><div style="font-weight: bold;font-size: 14px;">09023277000104</div></td><td><div style="text-align: center; !important;"><span class="badge badge-danger" style="width:75px;justify-content:center;">Pendência</span></div></td><td><div style="text-align: center; !important;"><a href="javascript:void(0)" onclick="busca_email_cadastro(&quot;09023277000104&quot;,...
2026-03-10 12:58:12 | INFO     | __main__:extract_pendencias:134 - Processando pendência para CNPJ: 09023277000104
2026-03-10 12:58:12 | INFO     | __main__:extract_pendencias:145 - Clicando em ATUALIZAR para 09023277000104
2026-03-10 12:58:27 | DEBUG    | __main__:extract_pendencias:129 - DEBUG ROW HTML: <td class="sorting_1"><div style="font-weight: bold;font-size: 14px;">BLANCO IMOBILIARIA E ADMINISTRADORA LTDA</div></td><td><div style="font-weight: bold;font-size: 14px;">06915315000145</div></td><td><div style="text-align: center; !important;"><span class="badge badge-danger" style="width:75px;justify-content:center;">Pendência</span></div></td><td><div style="text-align: center; !important;"><a href="javascript:void(0)" onclick="busca_email_cadastro(&quot;06915315000145&quot;, &quot;https://...
2026-03-10 12:58:27 | INFO     | __main__:extract_pendencias:134 - Processando pendência para CNPJ: 06915315000145
2026-03-10 12:58:27 | INFO     | __main__:extract_pendencias:145 - Clicando em ATUALIZAR para 06915315000145
2026-03-10 12:58:46 | DEBUG    | __main__:extract_pendencias:129 - DEBUG ROW HTML: <td class="sorting_1"><div style="font-weight: bold;font-size: 14px;">CAMILLA PINON ALPHONSE KARR</div></td><td><div style="font-weight: bold;font-size: 14px;">25196780000118</div></td><td><div style="text-align: center; !important;"><span class="badge badge-danger" style="width:75px;justify-content:center;">Pendência</span></div></td><td><div style="text-align: center; !important;"><a href="javascript:void(0)" onclick="busca_email_cadastro(&quot;25196780000118&quot;, &quot;https://storage.googl...
2026-03-10 12:58:46 | INFO     | __main__:extract_pendencias:134 - Processando pendência para CNPJ: 25196780000118
2026-03-10 12:58:46 | INFO     | __main__:extract_pendencias:145 - Clicando em ATUALIZAR para 25196780000118
2026-03-10 12:59:02 | DEBUG    | __main__:extract_pendencias:129 - DEBUG ROW HTML: <td class="sorting_1"><div style="font-weight: bold;font-size: 14px;">CCA REPARACAO DE CALCADOS E BOLSAS LTDA</div></td><td><div style="font-weight: bold;font-size: 14px;">04778322000117</div></td><td><div style="text-align: center; !important;"><span class="badge badge-danger" style="width:75px;justify-content:center;">Pendência</span></div></td><td><div style="text-align: center; !important;"><a href="javascript:void(0)" onclick="busca_email_cadastro(&quot;04778322000117&quot;, &quot;https://s...
2026-03-10 12:59:02 | INFO     | __main__:extract_pendencias:134 - Processando pendência para CNPJ: 04778322000117
2026-03-10 12:59:02 | INFO     | __main__:extract_pendencias:145 - Clicando em ATUALIZAR para 04778322000117
2026-03-10 12:59:17 | DEBUG    | __main__:extract_pendencias:129 - DEBUG ROW HTML: <td class="sorting_1"><div style="font-weight: bold;font-size: 14px;">CEMECOR CENTRO MEDICO CARDIOLOGICO S/C LTDA</div></td><td><div style="font-weight: bold;font-size: 14px;">00807080000191</div></td><td><div style="text-align: center; !important;"><span class="badge badge-danger" style="width:75px;justify-content:center;">Pendência</span></div></td><td><div style="text-align: center; !important;"><a href="javascript:void(0)" onclick="busca_email_cadastro(&quot;00807080000191&quot;, &quot;https...
2026-03-10 12:59:17 | INFO     | __main__:extract_pendencias:134 - Processando pendência para CNPJ: 00807080000191
2026-03-10 12:59:17 | INFO     | __main__:extract_pendencias:145 - Clicando em ATUALIZAR para 00807080000191
2026-03-10 12:59:26 | INFO     | __main__:extract_pendencias:71 - Iniciando Playwright (headless=False)
2026-03-10 12:59:26 | INFO     | __main__:_login:20 - Navegando para o login em https://49586312000118.veri.com.br//login
2026-03-10 12:59:31 | DEBUG    | __main__:extract_pendencias:129 - DEBUG ROW HTML: <td class="sorting_1"><div style="font-weight: bold;font-size: 14px;">CENTRAL DO DENTE - CLINICA ODONTOLOGICA LTDA</div></td><td><div style="font-weight: bold;font-size: 14px;">08154181000112</div></td><td><div style="text-align: center; !important;"><span class="badge badge-danger" style="width:75px;justify-content:center;">Pendência</span></div></td><td><div style="text-align: center; !important;"><a href="javascript:void(0)" onclick="busca_email_cadastro(&quot;08154181000112&quot;, &quot;http...
2026-03-10 12:59:31 | INFO     | __main__:extract_pendencias:134 - Processando pendência para CNPJ: 08154181000112
2026-03-10 12:59:31 | INFO     | __main__:extract_pendencias:145 - Clicando em ATUALIZAR para 08154181000112
2026-03-10 12:59:45 | DEBUG    | __main__:extract_pendencias:129 - DEBUG ROW HTML: <td class="sorting_1"><div style="font-weight: bold;font-size: 14px;">CERAMICA REAL LTDA</div></td><td><div style="font-weight: bold;font-size: 14px;">14757660000126</div></td><td><div style="text-align: center; !important;"><span class="badge badge-danger" style="width:75px;justify-content:center;">Pendência</span></div></td><td><div style="text-align: center; !important;"><a href="javascript:void(0)" onclick="busca_email_cadastro(&quot;14757660000126&quot;, &quot;https://storage.googleapis.com...
2026-03-10 12:59:45 | INFO     | __main__:extract_pendencias:134 - Processando pendência para CNPJ: 14757660000126
2026-03-10 12:59:45 | INFO     | __main__:extract_pendencias:145 - Clicando em ATUALIZAR para 14757660000126
2026-03-10 13:00:09 | DEBUG    | __main__:extract_pendencias:129 - DEBUG ROW HTML: <td class="sorting_1"><div style="font-weight: bold;font-size: 14px;">CLIMACONTTROL AR CONDICIONADOS LTDA</div></td><td><div style="font-weight: bold;font-size: 14px;">42159055000199</div></td><td><div style="text-align: center; !important;"><span class="badge badge-danger" style="width:75px;justify-content:center;">Pendência</span></div></td><td><div style="text-align: center; !important;"><a href="javascript:void(0)" onclick="busca_email_cadastro(&quot;42159055000199&quot;, &quot;https://stora...
2026-03-10 13:00:09 | INFO     | __main__:extract_pendencias:134 - Processando pendência para CNPJ: 42159055000199
2026-03-10 13:00:09 | INFO     | __main__:extract_pendencias:145 - Clicando em ATUALIZAR para 42159055000199
2026-03-10 13:00:24 | DEBUG    | __main__:extract_pendencias:129 - DEBUG ROW HTML: <td class="sorting_1"><div style="font-weight: bold;font-size: 14px;">CLINICA DE NEFROLOGIA DE BREJO SANTO LTDA</div></td><td><div style="font-weight: bold;font-size: 14px;">37927805000195</div></td><td><div style="text-align: center; !important;"><span class="badge badge-danger" style="width:75px;justify-content:center;">Pendência</span></div></td><td><div style="text-align: center; !important;"><a href="javascript:void(0)" onclick="busca_email_cadastro(&quot;37927805000195&quot;, &quot;https:/...
2026-03-10 13:00:24 | INFO     | __main__:extract_pendencias:134 - Processando pendência para CNPJ: 37927805000195
2026-03-10 13:00:24 | INFO     | __main__:extract_pendencias:145 - Clicando em ATUALIZAR para 37927805000195
2026-03-10 13:00:39 | SUCCESS  | __main__:extract_pendencias:156 - Automação concluída. 0 empresas processadas com débitos.
2026-03-10 13:49:26 | INFO     | __main__:extract_pendencias:71 - Iniciando Playwright (headless=False)
2026-03-10 13:49:27 | INFO     | __main__:_login:20 - Navegando para o login em https://49586312000118.veri.com.br//login
2026-03-10 13:49:30 | INFO     | __main__:_login:23 - Inserindo credenciais...
2026-03-10 13:49:30 | INFO     | __main__:_login:33 - Aguardando carregamento da área restrita...
2026-03-10 13:49:41 | SUCCESS  | __main__:_login:36 - Logado com sucesso (aparentemente).
2026-03-10 13:49:41 | INFO     | __main__:extract_pendencias:84 - Procurando botão 'Agora não' do modal inicial...
2026-03-10 13:49:41 | INFO     | __main__:extract_pendencias:91 - Modal fechado.
2026-03-10 13:49:41 | INFO     | __main__:extract_pendencias:96 - Expandindo menu e acessando Dashboard Federal...
2026-03-10 13:49:42 | INFO     | __main__:extract_pendencias:104 - Clicando em Dashboard Federal (link)...
2026-03-10 13:49:44 | INFO     | __main__:extract_pendencias:109 - Localizando card de Diagnóstico Fiscal PJ...
2026-03-10 13:49:46 | INFO     | __main__:extract_pendencias:117 - Aguardando carregar a tabela de Situação Fiscal...
2026-03-10 13:49:46 | INFO     | __main__:extract_pendencias:122 - Processando 52 possíveis linhas...
2026-03-10 13:49:46 | DEBUG    | __main__:extract_pendencias:129 - DEBUG ROW HTML: <td class="sorting_1"><div style="font-weight: bold;font-size: 14px;">AG VINHOS E GASTRONOMIA LTDA</div></td><td><div style="font-weight: bold;font-size: 14px;">62652792000136</div></td><td><div style="text-align: center; !important;"><span class="badge badge-danger" style="width:75px;justify-content:center;">Pendência</span></div></td><td><div style="text-align: center; !important;"><a href="javascript:void(0)" onclick="busca_email_cadastro(&quot;62652792000136&quot;, &quot;https://storage.goog...
2026-03-10 13:49:46 | INFO     | __main__:extract_pendencias:134 - Processando pendência para CNPJ: 62652792000136
2026-03-10 13:49:46 | INFO     | __main__:extract_pendencias:142 - Clicando em ATUALIZAR para 62652792000136
2026-03-10 13:49:50 | INFO     | __main__:extract_pendencias:148 - Botão Visualizar encontrado para 62652792000136. Tentando abrir...
2026-03-10 13:49:50 | INFO     | __main__:_handle_report_tab:41 - Abrindo relatório em nova aba...
2026-03-10 13:50:20 | ERROR    | __main__:_handle_report_tab:65 - Falha ao processar aba do relatório: Timeout 30000ms exceeded while waiting for event "page"
2026-03-10 13:50:20 | WARNING  | __main__:extract_pendencias:156 - Não foi possível extrair débitos para 62652792000136
2026-03-10 13:50:20 | ERROR    | __main__:extract_pendencias:165 - Erro Crítico: Locator.inner_text: Target page, context or browser has been closed
2026-03-10 13:51:59 | INFO     | __main__:extract_pendencias:75 - Iniciando Playwright (headless=False)
2026-03-10 13:52:00 | INFO     | __main__:_login:20 - Navegando para o login em https://49586312000118.veri.com.br//login
2026-03-10 13:52:02 | INFO     | __main__:_login:23 - Inserindo credenciais...
2026-03-10 13:52:03 | INFO     | __main__:_login:33 - Aguardando carregamento da área restrita...
2026-03-10 13:52:13 | SUCCESS  | __main__:_login:36 - Logado com sucesso (aparentemente).
2026-03-10 13:52:13 | INFO     | __main__:extract_pendencias:88 - Procurando botão 'Agora não' do modal inicial...
2026-03-10 13:52:13 | INFO     | __main__:extract_pendencias:95 - Modal fechado.
2026-03-10 13:52:13 | INFO     | __main__:extract_pendencias:100 - Expandindo menu e acessando Dashboard Federal...
2026-03-10 13:52:14 | INFO     | __main__:extract_pendencias:108 - Clicando em Dashboard Federal (link)...
2026-03-10 13:52:16 | INFO     | __main__:extract_pendencias:113 - Localizando card de Diagnóstico Fiscal PJ...
2026-03-10 13:52:18 | INFO     | __main__:extract_pendencias:121 - Aguardando carregar a tabela de Situação Fiscal...
2026-03-10 13:52:18 | INFO     | __main__:extract_pendencias:126 - Processando 52 possíveis linhas...
2026-03-10 13:52:18 | DEBUG    | __main__:extract_pendencias:133 - DEBUG ROW HTML: <td class="sorting_1"><div style="font-weight: bold;font-size: 14px;">AG VINHOS E GASTRONOMIA LTDA</div></td><td><div style="font-weight: bold;font-size: 14px;">62652792000136</div></td><td><div style="text-align: center; !important;"><span class="badge badge-danger" style="width:75px;justify-content:center;">Pendência</span></div></td><td><div style="text-align: center; !important;"><a href="javascript:void(0)" onclick="busca_email_cadastro(&quot;62652792000136&quot;, &quot;https://storage.goog...
2026-03-10 13:52:18 | INFO     | __main__:extract_pendencias:138 - Processando pendência para CNPJ: 62652792000136
2026-03-10 13:52:18 | INFO     | __main__:extract_pendencias:146 - Clicando em ATUALIZAR para 62652792000136
2026-03-10 13:52:22 | INFO     | __main__:extract_pendencias:152 - Botão Visualizar encontrado para 62652792000136. Tentando abrir...
2026-03-10 13:52:22 | INFO     | __main__:_handle_report_tab:41 - Abrindo relatório em nova aba...
2026-03-10 13:52:52 | ERROR    | __main__:_handle_report_tab:69 - Falha ao processar aba do relatório: Timeout 30000ms exceeded while waiting for event "page"
2026-03-10 13:52:52 | WARNING  | __main__:extract_pendencias:160 - Não foi possível extrair débitos para 62652792000136
2026-03-10 13:52:52 | DEBUG    | __main__:extract_pendencias:133 - DEBUG ROW HTML: <td class="sorting_1"><div style="font-weight: bold;font-size: 14px;">ANJU PARICIPACOES LIMITADA</div></td><td><div style="font-weight: bold;font-size: 14px;">11233811000159</div></td><td><div style="text-align: center; !important;"><span class="badge badge-danger" style="width:75px;justify-content:center;">Pendência</span></div></td><td><div style="text-align: center; !important;"><a href="javascript:void(0)" onclick="busca_email_cadastro(&quot;11233811000159&quot;, &quot;https://storage.google...
2026-03-10 13:52:52 | INFO     | __main__:extract_pendencias:138 - Processando pendência para CNPJ: 11233811000159
2026-03-10 13:52:52 | INFO     | __main__:extract_pendencias:146 - Clicando em ATUALIZAR para 11233811000159
2026-03-10 13:53:22 | ERROR    | __main__:extract_pendencias:169 - Erro Crítico: Locator.click: Timeout 30000ms exceeded.
Call log:
  - waiting for locator("tr, div.table-row").nth(10).locator("a, button").filter(has_text="Atualizar")
    - locator resolved to <a data-placement="top" data-toggle="tooltip" class="badge badge-secondary" data-bs-custom-class="tooltip-inverse" data-bs-original-title="Não é possivel consultar, pois já existe um diagnóstico gerado hoje.">Atualizar</a>
  - attempting click action
    2 × waiting for element to be visible, enabled and stable
      - element is visible, enabled and stable
      - scrolling into view if needed
      - done scrolling
      - <div class="swal2-container swal2-fade swal2-in">…</div> intercepts pointer events
    - retrying click action
    - waiting 20ms
    2 × waiting for element to be visible, enabled and stable
      - element is visible, enabled and stable
      - scrolling into view if needed
      - done scrolling
      - <div class="swal2-container swal2-fade swal2-in">…</div> intercepts pointer events
    - retrying click action
      - waiting 100ms
    55 × waiting for element to be visible, enabled and stable
       - element is visible, enabled and stable
       - scrolling into view if needed
       - done scrolling
       - <div class="swal2-container swal2-fade swal2-in">…</div> intercepts pointer events
     - retrying click action
       - waiting 500ms

2026-03-10 13:55:20 | INFO     | __main__:extract_pendencias:89 - Iniciando Playwright (headless=False)
2026-03-10 13:55:20 | INFO     | __main__:_login:20 - Navegando para o login em https://49586312000118.veri.com.br//login
2026-03-10 13:55:23 | INFO     | __main__:_login:23 - Inserindo credenciais...
2026-03-10 13:55:24 | INFO     | __main__:_login:33 - Aguardando carregamento da área restrita...
2026-03-10 13:55:35 | SUCCESS  | __main__:_login:36 - Logado com sucesso (aparentemente).
2026-03-10 13:55:35 | INFO     | __main__:extract_pendencias:102 - Procurando botão 'Agora não' do modal inicial...
2026-03-10 13:55:35 | INFO     | __main__:extract_pendencias:109 - Modal fechado.
2026-03-10 13:55:35 | INFO     | __main__:extract_pendencias:114 - Expandindo menu e acessando Dashboard Federal...
2026-03-10 13:55:36 | INFO     | __main__:extract_pendencias:122 - Clicando em Dashboard Federal (link)...
2026-03-10 13:55:37 | INFO     | __main__:extract_pendencias:127 - Localizando card de Diagnóstico Fiscal PJ...
2026-03-10 13:55:39 | INFO     | __main__:extract_pendencias:135 - Aguardando carregar a tabela de Situação Fiscal...
2026-03-10 13:55:39 | INFO     | __main__:extract_pendencias:140 - Processando 52 possíveis linhas...
2026-03-10 13:55:39 | DEBUG    | __main__:extract_pendencias:147 - DEBUG ROW HTML: <td class="sorting_1"><div style="font-weight: bold;font-size: 14px;">AG VINHOS E GASTRONOMIA LTDA</div></td><td><div style="font-weight: bold;font-size: 14px;">62652792000136</div></td><td><div style="text-align: center; !important;"><span class="badge badge-danger" style="width:75px;justify-content:center;">Pendência</span></div></td><td><div style="text-align: center; !important;"><a href="javascript:void(0)" onclick="busca_email_cadastro(&quot;62652792000136&quot;, &quot;https://storage.goog...
2026-03-10 13:55:39 | INFO     | __main__:extract_pendencias:152 - Processando pendência para CNPJ: 62652792000136
2026-03-10 13:55:40 | INFO     | __main__:extract_pendencias:166 - Clicando em ATUALIZAR para 62652792000136
2026-03-10 13:55:43 | INFO     | __main__:extract_pendencias:175 - Botão Visualizar encontrado para 62652792000136. Tentando abrir...
2026-03-10 13:55:43 | INFO     | __main__:_handle_report_tab:41 - Abrindo relatório (aba ou download)...
2026-03-10 13:55:49 | INFO     | __main__:_handle_report_tab:53 - Não abriu nova aba, tentando detectar download...
2026-03-10 13:55:49 | WARNING  | __main__:_handle_report_tab:65 - Aba não detectada. Tentando capturar download...
2026-03-10 13:55:49 | ERROR    | __main__:_handle_report_tab:83 - Falha ao processar relatório: 'BrowserContext' object has no attribute 'expect_download'
2026-03-10 13:55:49 | WARNING  | __main__:extract_pendencias:183 - Não foi possível extrair débitos para 62652792000136
2026-03-10 13:55:49 | DEBUG    | __main__:extract_pendencias:147 - DEBUG ROW HTML: <td class="sorting_1"><div style="font-weight: bold;font-size: 14px;">ANJU PARICIPACOES LIMITADA</div></td><td><div style="font-weight: bold;font-size: 14px;">11233811000159</div></td><td><div style="text-align: center; !important;"><span class="badge badge-danger" style="width:75px;justify-content:center;">Pendência</span></div></td><td><div style="text-align: center; !important;"><a href="javascript:void(0)" onclick="busca_email_cadastro(&quot;11233811000159&quot;, &quot;https://storage.google...
2026-03-10 13:55:49 | INFO     | __main__:extract_pendencias:152 - Processando pendência para CNPJ: 11233811000159
2026-03-10 13:55:50 | INFO     | __main__:extract_pendencias:166 - Clicando em ATUALIZAR para 11233811000159
2026-03-10 13:55:53 | INFO     | __main__:extract_pendencias:175 - Botão Visualizar encontrado para 11233811000159. Tentando abrir...
2026-03-10 13:55:53 | INFO     | __main__:_handle_report_tab:41 - Abrindo relatório (aba ou download)...
2026-03-10 13:55:58 | INFO     | __main__:_handle_report_tab:53 - Não abriu nova aba, tentando detectar download...
2026-03-10 13:55:58 | WARNING  | __main__:_handle_report_tab:65 - Aba não detectada. Tentando capturar download...
2026-03-10 13:55:58 | ERROR    | __main__:_handle_report_tab:83 - Falha ao processar relatório: 'BrowserContext' object has no attribute 'expect_download'
2026-03-10 13:55:58 | WARNING  | __main__:extract_pendencias:183 - Não foi possível extrair débitos para 11233811000159
2026-03-10 13:55:58 | ERROR    | __main__:extract_pendencias:192 - Erro Crítico: Locator.inner_text: Target page, context or browser has been closed
2026-03-10 14:03:05 | INFO     | __main__:extract_pendencias:89 - Iniciando Playwright (headless=False)
2026-03-10 14:03:06 | INFO     | __main__:_login:20 - Navegando para o login em https://49586312000118.veri.com.br//login
2026-03-10 14:03:08 | INFO     | __main__:_login:23 - Inserindo credenciais...
2026-03-10 14:03:09 | INFO     | __main__:_login:33 - Aguardando carregamento da área restrita...
2026-03-10 14:03:20 | SUCCESS  | __main__:_login:36 - Logado com sucesso (aparentemente).
2026-03-10 14:03:20 | INFO     | __main__:extract_pendencias:102 - Procurando botão 'Agora não' do modal inicial...
2026-03-10 14:03:20 | INFO     | __main__:extract_pendencias:109 - Modal fechado.
2026-03-10 14:03:20 | INFO     | __main__:extract_pendencias:114 - Expandindo menu e acessando Dashboard Federal...
2026-03-10 14:03:21 | INFO     | __main__:extract_pendencias:122 - Clicando em Dashboard Federal (link)...
2026-03-10 14:03:22 | INFO     | __main__:extract_pendencias:127 - Localizando card de Diagnóstico Fiscal PJ...
2026-03-10 14:03:25 | INFO     | __main__:extract_pendencias:135 - Aguardando carregar a tabela de Situação Fiscal...
2026-03-10 14:03:25 | INFO     | __main__:extract_pendencias:140 - Processando 52 possíveis linhas...
2026-03-10 14:03:25 | DEBUG    | __main__:extract_pendencias:147 - DEBUG ROW HTML: <td class="sorting_1"><div style="font-weight: bold;font-size: 14px;">AG VINHOS E GASTRONOMIA LTDA</div></td><td><div style="font-weight: bold;font-size: 14px;">62652792000136</div></td><td><div style="text-align: center; !important;"><span class="badge badge-danger" style="width:75px;justify-content:center;">Pendência</span></div></td><td><div style="text-align: center; !important;"><a href="javascript:void(0)" onclick="busca_email_cadastro(&quot;62652792000136&quot;, &quot;https://storage.goog...
2026-03-10 14:03:25 | INFO     | __main__:extract_pendencias:152 - Processando pendência para CNPJ: 62652792000136
2026-03-10 14:03:26 | INFO     | __main__:extract_pendencias:169 - Clicando em ATUALIZAR para 62652792000136
2026-03-10 14:03:29 | INFO     | __main__:extract_pendencias:178 - Botão Visualizar encontrado para 62652792000136. Tentando abrir...
2026-03-10 14:03:29 | INFO     | __main__:_handle_report_tab:41 - Abrindo relatório (aba ou download)...
2026-03-10 14:03:34 | INFO     | __main__:_handle_report_tab:53 - Não abriu nova aba, tentando detectar download...
2026-03-10 14:03:34 | WARNING  | __main__:_handle_report_tab:65 - Aba não detectada. Tentando capturar download...
2026-03-10 14:03:34 | ERROR    | __main__:_handle_report_tab:83 - Falha ao processar relatório: 'BrowserContext' object has no attribute 'expect_download'
2026-03-10 14:03:34 | WARNING  | __main__:extract_pendencias:187 - Não foi possível extrair débitos para 62652792000136
2026-03-10 14:03:34 | DEBUG    | __main__:extract_pendencias:147 - DEBUG ROW HTML: <td class="sorting_1"><div style="font-weight: bold;font-size: 14px;">ANJU PARICIPACOES LIMITADA</div></td><td><div style="font-weight: bold;font-size: 14px;">11233811000159</div></td><td><div style="text-align: center; !important;"><span class="badge badge-danger" style="width:75px;justify-content:center;">Pendência</span></div></td><td><div style="text-align: center; !important;"><a href="javascript:void(0)" onclick="busca_email_cadastro(&quot;11233811000159&quot;, &quot;https://storage.google...
2026-03-10 14:03:34 | INFO     | __main__:extract_pendencias:152 - Processando pendência para CNPJ: 11233811000159
2026-03-10 14:03:35 | INFO     | __main__:extract_pendencias:169 - Clicando em ATUALIZAR para 11233811000159
2026-03-10 14:03:38 | INFO     | __main__:extract_pendencias:178 - Botão Visualizar encontrado para 11233811000159. Tentando abrir...
2026-03-10 14:03:38 | INFO     | __main__:_handle_report_tab:41 - Abrindo relatório (aba ou download)...
2026-03-10 14:03:43 | INFO     | __main__:_handle_report_tab:53 - Não abriu nova aba, tentando detectar download...
2026-03-10 14:03:43 | WARNING  | __main__:_handle_report_tab:65 - Aba não detectada. Tentando capturar download...
2026-03-10 14:03:43 | ERROR    | __main__:_handle_report_tab:83 - Falha ao processar relatório: 'BrowserContext' object has no attribute 'expect_download'
2026-03-10 14:03:43 | WARNING  | __main__:extract_pendencias:187 - Não foi possível extrair débitos para 11233811000159
2026-03-10 14:03:43 | DEBUG    | __main__:extract_pendencias:147 - DEBUG ROW HTML: <td class="sorting_1"><div style="font-weight: bold;font-size: 14px;">ARCO APOIO RODOVIARIO COLETIVO SA</div></td><td><div style="font-weight: bold;font-size: 14px;">16199705000110</div></td><td><div style="text-align: center; !important;"><span class="badge badge-danger" style="width:75px;justify-content:center;">Pendência</span></div></td><td><div style="text-align: center; !important;"><a href="javascript:void(0)" onclick="busca_email_cadastro(&quot;16199705000110&quot;, &quot;https://storage...
2026-03-10 14:03:43 | INFO     | __main__:extract_pendencias:152 - Processando pendência para CNPJ: 16199705000110
2026-03-10 14:03:44 | INFO     | __main__:extract_pendencias:169 - Clicando em ATUALIZAR para 16199705000110
2026-03-10 14:03:47 | INFO     | __main__:extract_pendencias:178 - Botão Visualizar encontrado para 16199705000110. Tentando abrir...
2026-03-10 14:03:47 | INFO     | __main__:_handle_report_tab:41 - Abrindo relatório (aba ou download)...
2026-03-10 14:03:52 | INFO     | __main__:_handle_report_tab:53 - Não abriu nova aba, tentando detectar download...
2026-03-10 14:03:52 | WARNING  | __main__:_handle_report_tab:65 - Aba não detectada. Tentando capturar download...
2026-03-10 14:03:52 | ERROR    | __main__:_handle_report_tab:83 - Falha ao processar relatório: 'BrowserContext' object has no attribute 'expect_download'
2026-03-10 14:03:52 | WARNING  | __main__:extract_pendencias:187 - Não foi possível extrair débitos para 16199705000110
2026-03-10 14:03:52 | DEBUG    | __main__:extract_pendencias:147 - DEBUG ROW HTML: <td class="sorting_1"><div style="font-weight: bold;font-size: 14px;">BAHIA FARMS INVESTIMENTOS AGRICOLAS LTDA</div></td><td><div style="font-weight: bold;font-size: 14px;">09106487000166</div></td><td><div style="text-align: center; !important;"><span class="badge badge-danger" style="width:75px;justify-content:center;">Pendência</span></div></td><td><div style="text-align: center; !important;"><a href="javascript:void(0)" onclick="busca_email_cadastro(&quot;09106487000166&quot;, &quot;https://...
2026-03-10 14:03:52 | INFO     | __main__:extract_pendencias:152 - Processando pendência para CNPJ: 09106487000166
2026-03-10 14:03:53 | INFO     | __main__:extract_pendencias:169 - Clicando em ATUALIZAR para 09106487000166
2026-03-10 14:03:56 | INFO     | __main__:extract_pendencias:178 - Botão Visualizar encontrado para 09106487000166. Tentando abrir...
2026-03-10 14:03:56 | INFO     | __main__:_handle_report_tab:41 - Abrindo relatório (aba ou download)...
2026-03-10 14:04:01 | INFO     | __main__:_handle_report_tab:53 - Não abriu nova aba, tentando detectar download...
2026-03-10 14:04:01 | WARNING  | __main__:_handle_report_tab:65 - Aba não detectada. Tentando capturar download...
2026-03-10 14:04:01 | ERROR    | __main__:_handle_report_tab:83 - Falha ao processar relatório: 'BrowserContext' object has no attribute 'expect_download'
2026-03-10 14:04:01 | WARNING  | __main__:extract_pendencias:187 - Não foi possível extrair débitos para 09106487000166
2026-03-10 14:04:02 | DEBUG    | __main__:extract_pendencias:147 - DEBUG ROW HTML: <td class="sorting_1"><div style="font-weight: bold;font-size: 14px;">BAHIA LAND CONSULTORIA DE NEGOCIOS E INVESTIMENTOS LTDA</div></td><td><div style="font-weight: bold;font-size: 14px;">09023277000104</div></td><td><div style="text-align: center; !important;"><span class="badge badge-danger" style="width:75px;justify-content:center;">Pendência</span></div></td><td><div style="text-align: center; !important;"><a href="javascript:void(0)" onclick="busca_email_cadastro(&quot;09023277000104&quot;,...
2026-03-10 14:04:02 | INFO     | __main__:extract_pendencias:152 - Processando pendência para CNPJ: 09023277000104
2026-03-10 14:04:03 | INFO     | __main__:extract_pendencias:169 - Clicando em ATUALIZAR para 09023277000104
2026-03-10 14:04:06 | INFO     | __main__:extract_pendencias:178 - Botão Visualizar encontrado para 09023277000104. Tentando abrir...
2026-03-10 14:04:06 | INFO     | __main__:_handle_report_tab:41 - Abrindo relatório (aba ou download)...
2026-03-10 14:04:11 | INFO     | __main__:_handle_report_tab:53 - Não abriu nova aba, tentando detectar download...
2026-03-10 14:04:11 | WARNING  | __main__:_handle_report_tab:65 - Aba não detectada. Tentando capturar download...
2026-03-10 14:04:11 | ERROR    | __main__:_handle_report_tab:83 - Falha ao processar relatório: 'BrowserContext' object has no attribute 'expect_download'
2026-03-10 14:04:11 | WARNING  | __main__:extract_pendencias:187 - Não foi possível extrair débitos para 09023277000104
2026-03-10 14:04:11 | DEBUG    | __main__:extract_pendencias:147 - DEBUG ROW HTML: <td class="sorting_1"><div style="font-weight: bold;font-size: 14px;">BLANCO IMOBILIARIA E ADMINISTRADORA LTDA</div></td><td><div style="font-weight: bold;font-size: 14px;">06915315000145</div></td><td><div style="text-align: center; !important;"><span class="badge badge-danger" style="width:75px;justify-content:center;">Pendência</span></div></td><td><div style="text-align: center; !important;"><a href="javascript:void(0)" onclick="busca_email_cadastro(&quot;06915315000145&quot;, &quot;https://...
2026-03-10 14:04:11 | INFO     | __main__:extract_pendencias:152 - Processando pendência para CNPJ: 06915315000145
2026-03-10 14:04:12 | INFO     | __main__:extract_pendencias:169 - Clicando em ATUALIZAR para 06915315000145
2026-03-10 14:04:15 | INFO     | __main__:extract_pendencias:178 - Botão Visualizar encontrado para 06915315000145. Tentando abrir...
2026-03-10 14:04:15 | INFO     | __main__:_handle_report_tab:41 - Abrindo relatório (aba ou download)...
2026-03-10 14:04:20 | INFO     | __main__:_handle_report_tab:53 - Não abriu nova aba, tentando detectar download...
2026-03-10 14:04:20 | WARNING  | __main__:_handle_report_tab:65 - Aba não detectada. Tentando capturar download...
2026-03-10 14:04:20 | ERROR    | __main__:_handle_report_tab:83 - Falha ao processar relatório: 'BrowserContext' object has no attribute 'expect_download'
2026-03-10 14:04:20 | WARNING  | __main__:extract_pendencias:187 - Não foi possível extrair débitos para 06915315000145
2026-03-10 14:04:20 | DEBUG    | __main__:extract_pendencias:147 - DEBUG ROW HTML: <td class="sorting_1"><div style="font-weight: bold;font-size: 14px;">CAMILLA PINON ALPHONSE KARR</div></td><td><div style="font-weight: bold;font-size: 14px;">25196780000118</div></td><td><div style="text-align: center; !important;"><span class="badge badge-danger" style="width:75px;justify-content:center;">Pendência</span></div></td><td><div style="text-align: center; !important;"><a href="javascript:void(0)" onclick="busca_email_cadastro(&quot;25196780000118&quot;, &quot;https://storage.googl...
2026-03-10 14:04:20 | INFO     | __main__:extract_pendencias:152 - Processando pendência para CNPJ: 25196780000118
2026-03-10 14:04:21 | INFO     | __main__:extract_pendencias:169 - Clicando em ATUALIZAR para 25196780000118
2026-03-10 14:04:24 | INFO     | __main__:extract_pendencias:178 - Botão Visualizar encontrado para 25196780000118. Tentando abrir...
2026-03-10 14:04:24 | INFO     | __main__:_handle_report_tab:41 - Abrindo relatório (aba ou download)...
2026-03-10 14:04:29 | INFO     | __main__:_handle_report_tab:53 - Não abriu nova aba, tentando detectar download...
2026-03-10 14:04:29 | WARNING  | __main__:_handle_report_tab:65 - Aba não detectada. Tentando capturar download...
2026-03-10 14:04:29 | ERROR    | __main__:_handle_report_tab:83 - Falha ao processar relatório: 'BrowserContext' object has no attribute 'expect_download'
2026-03-10 14:04:29 | WARNING  | __main__:extract_pendencias:187 - Não foi possível extrair débitos para 25196780000118
2026-03-10 14:04:29 | DEBUG    | __main__:extract_pendencias:147 - DEBUG ROW HTML: <td class="sorting_1"><div style="font-weight: bold;font-size: 14px;">CCA REPARACAO DE CALCADOS E BOLSAS LTDA</div></td><td><div style="font-weight: bold;font-size: 14px;">04778322000117</div></td><td><div style="text-align: center; !important;"><span class="badge badge-danger" style="width:75px;justify-content:center;">Pendência</span></div></td><td><div style="text-align: center; !important;"><a href="javascript:void(0)" onclick="busca_email_cadastro(&quot;04778322000117&quot;, &quot;https://s...
2026-03-10 14:04:29 | INFO     | __main__:extract_pendencias:152 - Processando pendência para CNPJ: 04778322000117
2026-03-10 14:04:30 | INFO     | __main__:extract_pendencias:169 - Clicando em ATUALIZAR para 04778322000117
2026-03-10 14:04:33 | INFO     | __main__:extract_pendencias:178 - Botão Visualizar encontrado para 04778322000117. Tentando abrir...
2026-03-10 14:04:33 | INFO     | __main__:_handle_report_tab:41 - Abrindo relatório (aba ou download)...
2026-03-10 14:04:38 | INFO     | __main__:_handle_report_tab:53 - Não abriu nova aba, tentando detectar download...
2026-03-10 14:04:38 | WARNING  | __main__:_handle_report_tab:65 - Aba não detectada. Tentando capturar download...
2026-03-10 14:04:38 | ERROR    | __main__:_handle_report_tab:83 - Falha ao processar relatório: 'BrowserContext' object has no attribute 'expect_download'
2026-03-10 14:04:38 | WARNING  | __main__:extract_pendencias:187 - Não foi possível extrair débitos para 04778322000117
2026-03-10 14:04:38 | DEBUG    | __main__:extract_pendencias:147 - DEBUG ROW HTML: <td class="sorting_1"><div style="font-weight: bold;font-size: 14px;">CEMECOR CENTRO MEDICO CARDIOLOGICO S/C LTDA</div></td><td><div style="font-weight: bold;font-size: 14px;">00807080000191</div></td><td><div style="text-align: center; !important;"><span class="badge badge-danger" style="width:75px;justify-content:center;">Pendência</span></div></td><td><div style="text-align: center; !important;"><a href="javascript:void(0)" onclick="busca_email_cadastro(&quot;00807080000191&quot;, &quot;https...
2026-03-10 14:04:38 | INFO     | __main__:extract_pendencias:152 - Processando pendência para CNPJ: 00807080000191
2026-03-10 14:04:39 | ERROR    | __main__:extract_pendencias:196 - Erro Crítico: Locator.is_visible: Target page, context or browser has been closed
2026-03-10 14:07:08 | INFO     | __main__:extract_pendencias:100 - Iniciando Playwright (headless=False)
2026-03-10 14:07:09 | INFO     | __main__:_login:21 - Navegando para o login em https://49586312000118.veri.com.br//login
2026-03-10 14:07:11 | INFO     | __main__:_login:24 - Inserindo credenciais...
2026-03-10 14:07:11 | INFO     | __main__:_login:34 - Aguardando carregamento da área restrita...
2026-03-10 14:07:21 | SUCCESS  | __main__:_login:37 - Logado com sucesso (aparentemente).
2026-03-10 14:07:21 | INFO     | __main__:extract_pendencias:113 - Procurando botão 'Agora não' do modal inicial...
2026-03-10 14:07:21 | INFO     | __main__:extract_pendencias:120 - Modal fechado.
2026-03-10 14:07:21 | INFO     | __main__:extract_pendencias:125 - Expandindo menu e acessando Dashboard Federal...
2026-03-10 14:07:22 | INFO     | __main__:extract_pendencias:133 - Clicando em Dashboard Federal (link)...
2026-03-10 14:07:24 | INFO     | __main__:extract_pendencias:138 - Localizando card de Diagnóstico Fiscal PJ...
2026-03-10 14:07:26 | INFO     | __main__:extract_pendencias:146 - Aguardando carregar a tabela de Situação Fiscal...
2026-03-10 14:07:26 | INFO     | __main__:extract_pendencias:151 - Processando 52 possíveis linhas...
2026-03-10 14:07:26 | ERROR    | __main__:extract_pendencias:220 - Erro Crítico: 'Locator' object has no attribute 'outer_html'
2026-03-10 14:10:07 | INFO     | __main__:extract_pendencias:99 - Iniciando Playwright (headless=False)
2026-03-10 14:10:07 | INFO     | __main__:_login:21 - Navegando para o login em https://49586312000118.veri.com.br//login
2026-03-10 14:10:09 | INFO     | __main__:_login:24 - Inserindo credenciais...
2026-03-10 14:10:11 | INFO     | __main__:_login:34 - Aguardando carregamento da área restrita...
2026-03-10 14:10:21 | SUCCESS  | __main__:_login:37 - Logado com sucesso (aparentemente).
2026-03-10 14:10:21 | INFO     | __main__:extract_pendencias:112 - Procurando botão 'Agora não' do modal inicial...
2026-03-10 14:10:21 | INFO     | __main__:extract_pendencias:119 - Modal fechado.
2026-03-10 14:10:21 | INFO     | __main__:extract_pendencias:124 - Expandindo menu e acessando Dashboard Federal...
2026-03-10 14:10:23 | INFO     | __main__:extract_pendencias:132 - Clicando em Dashboard Federal (link)...
2026-03-10 14:10:24 | INFO     | __main__:extract_pendencias:137 - Localizando card de Diagnóstico Fiscal PJ...
2026-03-10 14:10:26 | INFO     | __main__:extract_pendencias:145 - Aguardando carregar a tabela de Situação Fiscal...
2026-03-10 14:10:26 | INFO     | __main__:extract_pendencias:150 - Processando 52 possíveis linhas...
2026-03-10 14:10:26 | DEBUG    | __main__:extract_pendencias:159 - LINK 0: <a href="javascript:void(0)" onclick="busca_email_cadastro(&quot;62652792000136&quot;, &quot;https://storage.googleapis.com/storagescrapings.appspot.com/ecac/49586312000118/situacao-fiscal-2026-03-10-62652792000136-5012149576248263428.pdf &quot;)" data-toggle="tooltip" data-placement="top" data-bs-custom-class="tooltip-inverse" class="btn btn-outline btn-outline-dashed btn-icon btn-active-light-primary w-30px h-30px me-1" aria-label="Enviar por E-mail" data-bs-original-title="Enviar por E-mail"><i class="fa-solid fa-envelope" style="color: #3e97ff;"></i></a>
2026-03-10 14:10:26 | DEBUG    | __main__:extract_pendencias:159 - LINK 1: <a href="javascript:void(0)" onclick="busca_whatsapp_cadastro(&quot;62652792000136&quot;, &quot;https://storage.googleapis.com/storagescrapings.appspot.com/ecac/49586312000118/situacao-fiscal-2026-03-10-62652792000136-5012149576248263428.pdf &quot;)" data-toggle="tooltip" data-placement="top" data-bs-custom-class="tooltip-inverse" class="btn btn-outline btn-outline-dashed btn-icon btn-active-light-primary w-30px h-30px me-1" aria-label="Enviar por Whatsapp" data-bs-original-title="Enviar por Whatsapp"><i class="fa-brands fa-whatsapp" style="color: #3e97ff;"></i></a>
2026-03-10 14:10:26 | DEBUG    | __main__:extract_pendencias:159 - LINK 2: <a href="https://storage.googleapis.com/storagescrapings.appspot.com/ecac/49586312000118/situacao-fiscal-2026-03-10-62652792000136-5012149576248263428.pdf" target="_blank" download="" data-toggle="tooltip" data-placement="top" data-bs-custom-class="tooltip-inverse" class="btn btn-outline btn-outline-dashed btn-icon btn-active-light-primary w-30px h-30px me-1" aria-label="Download" data-bs-original-title="Download"><i class="fa-solid fa-download" style="color: #3e97ff;"></i></a>
2026-03-10 14:10:26 | DEBUG    | __main__:extract_pendencias:159 - LINK 3: <a href="https://storage.googleapis.com/storagescrapings.appspot.com/ecac/49586312000118/situacao-fiscal-2026-03-10-62652792000136-5012149576248263428.pdf" target="_blank" data-toggle="tooltip" data-placement="top" data-bs-custom-class="tooltip-inverse" class="btn btn-outline btn-outline-dashed btn-icon btn-active-light-primary w-30px h-30px me-1" aria-label="Visualizar" data-bs-original-title="Visualizar"><i class="fa-solid fa-file" style="color: #3e97ff;"></i></a>
2026-03-10 14:10:26 | DEBUG    | __main__:extract_pendencias:159 - LINK 4: <a href="javascript:ver_historico_diagnostico(&quot;62652792000136&quot; , &quot;AG VINHOS E GASTRONOMIA LTDA&quot;)" class="badge badge-primary" data-container="body" data-toggle="tooltip" data-placement="top" data-bs-custom-class="tooltip-inverse" data-bs-original-title="Clique para ver o histórico">Ver</a>
2026-03-10 14:10:26 | DEBUG    | __main__:extract_pendencias:159 - LINK 5: <a class="badge badge-secondary" data-toggle="tooltip" data-placement="top" data-bs-custom-class="tooltip-inverse" style="cursor: not-allowed; background-color:#98a6ad !important; color:white;" data-bs-original-title="Não é possivel consultar, pois já existe um diagnóstico gerado hoje.">Atualizar</a>
2026-03-10 14:10:26 | INFO     | __main__:extract_pendencias:164 - Processando pendência para CNPJ: 62652792000136
2026-03-10 14:10:28 | INFO     | __main__:extract_pendencias:192 - Clicando em ATUALIZAR para 62652792000136
2026-03-10 14:10:31 | ERROR    | __main__:extract_pendencias:219 - Erro Crítico: cannot access local variable 'debts' where it is not associated with a value
2026-03-10 14:13:27 | INFO     | __main__:extract_pendencias:99 - Iniciando Playwright (headless=False)
2026-03-10 14:13:28 | INFO     | __main__:_login:21 - Navegando para o login em https://49586312000118.veri.com.br//login
2026-03-10 14:13:31 | INFO     | __main__:_login:24 - Inserindo credenciais...
2026-03-10 14:13:32 | INFO     | __main__:_login:34 - Aguardando carregamento da área restrita...
2026-03-10 14:13:42 | SUCCESS  | __main__:_login:37 - Logado com sucesso (aparentemente).
2026-03-10 14:13:42 | INFO     | __main__:extract_pendencias:112 - Procurando botão 'Agora não' do modal inicial...
2026-03-10 14:13:42 | INFO     | __main__:extract_pendencias:119 - Modal fechado.
2026-03-10 14:13:42 | INFO     | __main__:extract_pendencias:124 - Expandindo menu e acessando Dashboard Federal...
2026-03-10 14:13:43 | INFO     | __main__:extract_pendencias:132 - Clicando em Dashboard Federal (link)...
2026-03-10 14:13:45 | INFO     | __main__:extract_pendencias:137 - Localizando card de Diagnóstico Fiscal PJ...
2026-03-10 14:13:47 | INFO     | __main__:extract_pendencias:145 - Aguardando carregar a tabela de Situação Fiscal...
2026-03-10 14:13:47 | INFO     | __main__:extract_pendencias:150 - Processando 52 possíveis linhas...
2026-03-10 14:13:47 | DEBUG    | __main__:extract_pendencias:159 - LINK 0: <a href="javascript:void(0)" onclick="busca_email_cadastro(&quot;62652792000136&quot;, &quot;https://storage.googleapis.com/storagescrapings.appspot.com/ecac/49586312000118/situacao-fiscal-2026-03-10-62652792000136-5012149576248263428.pdf &quot;)" data-toggle="tooltip" data-placement="top" data-bs-custom-class="tooltip-inverse" class="btn btn-outline btn-outline-dashed btn-icon btn-active-light-primary w-30px h-30px me-1" aria-label="Enviar por E-mail" data-bs-original-title="Enviar por E-mail"><i class="fa-solid fa-envelope" style="color: #3e97ff;"></i></a>
2026-03-10 14:13:47 | DEBUG    | __main__:extract_pendencias:159 - LINK 1: <a href="javascript:void(0)" onclick="busca_whatsapp_cadastro(&quot;62652792000136&quot;, &quot;https://storage.googleapis.com/storagescrapings.appspot.com/ecac/49586312000118/situacao-fiscal-2026-03-10-62652792000136-5012149576248263428.pdf &quot;)" data-toggle="tooltip" data-placement="top" data-bs-custom-class="tooltip-inverse" class="btn btn-outline btn-outline-dashed btn-icon btn-active-light-primary w-30px h-30px me-1" aria-label="Enviar por Whatsapp" data-bs-original-title="Enviar por Whatsapp"><i class="fa-brands fa-whatsapp" style="color: #3e97ff;"></i></a>
2026-03-10 14:13:47 | DEBUG    | __main__:extract_pendencias:159 - LINK 2: <a href="https://storage.googleapis.com/storagescrapings.appspot.com/ecac/49586312000118/situacao-fiscal-2026-03-10-62652792000136-5012149576248263428.pdf" target="_blank" download="" data-toggle="tooltip" data-placement="top" data-bs-custom-class="tooltip-inverse" class="btn btn-outline btn-outline-dashed btn-icon btn-active-light-primary w-30px h-30px me-1" aria-label="Download" data-bs-original-title="Download"><i class="fa-solid fa-download" style="color: #3e97ff;"></i></a>
2026-03-10 14:13:47 | DEBUG    | __main__:extract_pendencias:159 - LINK 3: <a href="https://storage.googleapis.com/storagescrapings.appspot.com/ecac/49586312000118/situacao-fiscal-2026-03-10-62652792000136-5012149576248263428.pdf" target="_blank" data-toggle="tooltip" data-placement="top" data-bs-custom-class="tooltip-inverse" class="btn btn-outline btn-outline-dashed btn-icon btn-active-light-primary w-30px h-30px me-1" aria-label="Visualizar" data-bs-original-title="Visualizar"><i class="fa-solid fa-file" style="color: #3e97ff;"></i></a>
2026-03-10 14:13:47 | DEBUG    | __main__:extract_pendencias:159 - LINK 4: <a href="javascript:ver_historico_diagnostico(&quot;62652792000136&quot; , &quot;AG VINHOS E GASTRONOMIA LTDA&quot;)" class="badge badge-primary" data-container="body" data-toggle="tooltip" data-placement="top" data-bs-custom-class="tooltip-inverse" data-bs-original-title="Clique para ver o histórico">Ver</a>
2026-03-10 14:13:47 | DEBUG    | __main__:extract_pendencias:159 - LINK 5: <a class="badge badge-secondary" data-toggle="tooltip" data-placement="top" data-bs-custom-class="tooltip-inverse" style="cursor: not-allowed; background-color:#98a6ad !important; color:white;" data-bs-original-title="Não é possivel consultar, pois já existe um diagnóstico gerado hoje.">Atualizar</a>
2026-03-10 14:13:47 | INFO     | __main__:extract_pendencias:164 - Processando pendência para CNPJ: 62652792000136
2026-03-10 14:13:48 | INFO     | __main__:extract_pendencias:196 - Clicando em ATUALIZAR para 62652792000136
2026-03-10 14:13:51 | INFO     | __main__:extract_pendencias:205 - Botão Visualizar encontrado para 62652792000136. Tentando abrir...
2026-03-10 14:13:51 | INFO     | __main__:_handle_report_tab:42 - Abrindo relatório (aba ou download)...
2026-03-10 14:13:51 | DEBUG    | __main__:_handle_report_tab:46 - Verificando botão antes do clique: {'onclick': None, 'href': 'https://storage.googleapis.com/storagescrapings.appspot.com/ecac/49586312000118/situacao-fiscal-2026-03-10-62652792000136-5012149576248263428.pdf', 'text': ''}
2026-03-10 14:13:52 | INFO     | __main__:_handle_report_tab:69 - Relatório aberto em aba: https://storage.googleapis.com/storagescrapings.appspot.com/ecac/49586312000118/situacao-fiscal-2026-03-10-62652792000136-5012149576248263428.pdf
2026-03-10 14:13:52 | WARNING  | __main__:extract_pendencias:215 - Não foi possível extrair débitos para 62652792000136
2026-03-10 14:13:52 | DEBUG    | __main__:extract_pendencias:159 - LINK 0: <a href="javascript:void(0)" onclick="busca_email_cadastro(&quot;11233811000159&quot;, &quot;https://storage.googleapis.com/storagescrapings.appspot.com/ecac/49586312000118/situacao-fiscal-2026-03-10-11233811000159--1434654757235908933.pdf &quot;)" data-toggle="tooltip" data-placement="top" data-bs-custom-class="tooltip-inverse" class="btn btn-outline btn-outline-dashed btn-icon btn-active-light-primary w-30px h-30px me-1" aria-label="Enviar por E-mail" data-bs-original-title="Enviar por E-mail"><i class="fa-solid fa-envelope" style="color: #3e97ff;"></i></a>
2026-03-10 14:13:52 | DEBUG    | __main__:extract_pendencias:159 - LINK 1: <a href="javascript:void(0)" onclick="busca_whatsapp_cadastro(&quot;11233811000159&quot;, &quot;https://storage.googleapis.com/storagescrapings.appspot.com/ecac/49586312000118/situacao-fiscal-2026-03-10-11233811000159--1434654757235908933.pdf &quot;)" data-toggle="tooltip" data-placement="top" data-bs-custom-class="tooltip-inverse" class="btn btn-outline btn-outline-dashed btn-icon btn-active-light-primary w-30px h-30px me-1" aria-label="Enviar por Whatsapp" data-bs-original-title="Enviar por Whatsapp"><i class="fa-brands fa-whatsapp" style="color: #3e97ff;"></i></a>
2026-03-10 14:13:52 | DEBUG    | __main__:extract_pendencias:159 - LINK 2: <a href="https://storage.googleapis.com/storagescrapings.appspot.com/ecac/49586312000118/situacao-fiscal-2026-03-10-11233811000159--1434654757235908933.pdf" target="_blank" download="" data-toggle="tooltip" data-placement="top" data-bs-custom-class="tooltip-inverse" class="btn btn-outline btn-outline-dashed btn-icon btn-active-light-primary w-30px h-30px me-1" aria-label="Download" data-bs-original-title="Download"><i class="fa-solid fa-download" style="color: #3e97ff;"></i></a>
2026-03-10 14:13:52 | DEBUG    | __main__:extract_pendencias:159 - LINK 3: <a href="https://storage.googleapis.com/storagescrapings.appspot.com/ecac/49586312000118/situacao-fiscal-2026-03-10-11233811000159--1434654757235908933.pdf" target="_blank" data-toggle="tooltip" data-placement="top" data-bs-custom-class="tooltip-inverse" class="btn btn-outline btn-outline-dashed btn-icon btn-active-light-primary w-30px h-30px me-1" aria-label="Visualizar" data-bs-original-title="Visualizar"><i class="fa-solid fa-file" style="color: #3e97ff;"></i></a>
2026-03-10 14:13:52 | DEBUG    | __main__:extract_pendencias:159 - LINK 4: <a href="javascript:ver_historico_diagnostico(&quot;11233811000159&quot; , &quot;ANJU PARICIPACOES LIMITADA&quot;)" class="badge badge-primary" data-container="body" data-toggle="tooltip" data-placement="top" data-bs-custom-class="tooltip-inverse" data-bs-original-title="Clique para ver o histórico">Ver</a>
2026-03-10 14:13:52 | DEBUG    | __main__:extract_pendencias:159 - LINK 5: <a class="badge badge-secondary" data-toggle="tooltip" data-placement="top" data-bs-custom-class="tooltip-inverse" style="cursor: not-allowed; background-color:#98a6ad !important; color:white;" data-bs-original-title="Não é possivel consultar, pois já existe um diagnóstico gerado hoje.">Atualizar</a>
2026-03-10 14:13:52 | INFO     | __main__:extract_pendencias:164 - Processando pendência para CNPJ: 11233811000159
2026-03-10 14:13:54 | INFO     | __main__:extract_pendencias:196 - Clicando em ATUALIZAR para 11233811000159
2026-03-10 14:13:57 | INFO     | __main__:extract_pendencias:205 - Botão Visualizar encontrado para 11233811000159. Tentando abrir...
2026-03-10 14:13:57 | INFO     | __main__:_handle_report_tab:42 - Abrindo relatório (aba ou download)...
2026-03-10 14:13:57 | DEBUG    | __main__:_handle_report_tab:46 - Verificando botão antes do clique: {'onclick': None, 'href': 'https://storage.googleapis.com/storagescrapings.appspot.com/ecac/49586312000118/situacao-fiscal-2026-03-10-11233811000159--1434654757235908933.pdf', 'text': ''}
2026-03-10 14:13:57 | INFO     | __main__:_handle_report_tab:69 - Relatório aberto em aba: https://storage.googleapis.com/storagescrapings.appspot.com/ecac/49586312000118/situacao-fiscal-2026-03-10-11233811000159--1434654757235908933.pdf
2026-03-10 14:13:57 | WARNING  | __main__:extract_pendencias:215 - Não foi possível extrair débitos para 11233811000159
2026-03-10 14:13:57 | DEBUG    | __main__:extract_pendencias:159 - LINK 0: <a href="javascript:void(0)" onclick="busca_email_cadastro(&quot;16199705000110&quot;, &quot;https://storage.googleapis.com/storagescrapings.appspot.com/ecac/49586312000118/situacao-fiscal-2026-03-10-16199705000110-666365238563220107.pdf &quot;)" data-toggle="tooltip" data-placement="top" data-bs-custom-class="tooltip-inverse" class="btn btn-outline btn-outline-dashed btn-icon btn-active-light-primary w-30px h-30px me-1" aria-label="Enviar por E-mail" data-bs-original-title="Enviar por E-mail"><i class="fa-solid fa-envelope" style="color: #3e97ff;"></i></a>
2026-03-10 14:13:57 | DEBUG    | __main__:extract_pendencias:159 - LINK 1: <a href="javascript:void(0)" onclick="busca_whatsapp_cadastro(&quot;16199705000110&quot;, &quot;https://storage.googleapis.com/storagescrapings.appspot.com/ecac/49586312000118/situacao-fiscal-2026-03-10-16199705000110-666365238563220107.pdf &quot;)" data-toggle="tooltip" data-placement="top" data-bs-custom-class="tooltip-inverse" class="btn btn-outline btn-outline-dashed btn-icon btn-active-light-primary w-30px h-30px me-1" aria-label="Enviar por Whatsapp" data-bs-original-title="Enviar por Whatsapp"><i class="fa-brands fa-whatsapp" style="color: #3e97ff;"></i></a>
2026-03-10 14:13:57 | DEBUG    | __main__:extract_pendencias:159 - LINK 2: <a href="https://storage.googleapis.com/storagescrapings.appspot.com/ecac/49586312000118/situacao-fiscal-2026-03-10-16199705000110-666365238563220107.pdf" target="_blank" download="" data-toggle="tooltip" data-placement="top" data-bs-custom-class="tooltip-inverse" class="btn btn-outline btn-outline-dashed btn-icon btn-active-light-primary w-30px h-30px me-1" aria-label="Download" data-bs-original-title="Download"><i class="fa-solid fa-download" style="color: #3e97ff;"></i></a>
2026-03-10 14:13:57 | DEBUG    | __main__:extract_pendencias:159 - LINK 3: <a href="https://storage.googleapis.com/storagescrapings.appspot.com/ecac/49586312000118/situacao-fiscal-2026-03-10-16199705000110-666365238563220107.pdf" target="_blank" data-toggle="tooltip" data-placement="top" data-bs-custom-class="tooltip-inverse" class="btn btn-outline btn-outline-dashed btn-icon btn-active-light-primary w-30px h-30px me-1" aria-label="Visualizar" data-bs-original-title="Visualizar"><i class="fa-solid fa-file" style="color: #3e97ff;"></i></a>
2026-03-10 14:13:57 | DEBUG    | __main__:extract_pendencias:159 - LINK 4: <a href="javascript:ver_historico_diagnostico(&quot;16199705000110&quot; , &quot;ARCO APOIO RODOVIARIO COLETIVO SA&quot;)" class="badge badge-primary" data-container="body" data-toggle="tooltip" data-placement="top" data-bs-custom-class="tooltip-inverse" data-bs-original-title="Clique para ver o histórico">Ver</a>
2026-03-10 14:13:57 | DEBUG    | __main__:extract_pendencias:159 - LINK 5: <a class="badge badge-secondary" data-toggle="tooltip" data-placement="top" data-bs-custom-class="tooltip-inverse" style="cursor: not-allowed; background-color:#98a6ad !important; color:white;" data-bs-original-title="Não é possivel consultar, pois já existe um diagnóstico gerado hoje.">Atualizar</a>
2026-03-10 14:13:57 | INFO     | __main__:extract_pendencias:164 - Processando pendência para CNPJ: 16199705000110
2026-03-10 14:13:58 | INFO     | __main__:extract_pendencias:196 - Clicando em ATUALIZAR para 16199705000110
2026-03-10 14:14:01 | INFO     | __main__:extract_pendencias:205 - Botão Visualizar encontrado para 16199705000110. Tentando abrir...
2026-03-10 14:14:01 | INFO     | __main__:_handle_report_tab:42 - Abrindo relatório (aba ou download)...
2026-03-10 14:14:01 | DEBUG    | __main__:_handle_report_tab:46 - Verificando botão antes do clique: {'onclick': None, 'href': 'https://storage.googleapis.com/storagescrapings.appspot.com/ecac/49586312000118/situacao-fiscal-2026-03-10-16199705000110-666365238563220107.pdf', 'text': ''}
2026-03-10 14:14:02 | INFO     | __main__:_handle_report_tab:69 - Relatório aberto em aba: https://storage.googleapis.com/storagescrapings.appspot.com/ecac/49586312000118/situacao-fiscal-2026-03-10-16199705000110-666365238563220107.pdf
2026-03-10 14:14:02 | WARNING  | __main__:extract_pendencias:215 - Não foi possível extrair débitos para 16199705000110
2026-03-10 14:14:02 | DEBUG    | __main__:extract_pendencias:159 - LINK 0: <a href="javascript:void(0)" onclick="busca_email_cadastro(&quot;09106487000166&quot;, &quot;https://storage.googleapis.com/storagescrapings.appspot.com/ecac/49586312000118/situacao-fiscal-2026-03-10-09106487000166-5359464979467263675.pdf &quot;)" data-toggle="tooltip" data-placement="top" data-bs-custom-class="tooltip-inverse" class="btn btn-outline btn-outline-dashed btn-icon btn-active-light-primary w-30px h-30px me-1" aria-label="Enviar por E-mail" data-bs-original-title="Enviar por E-mail"><i class="fa-solid fa-envelope" style="color: #3e97ff;"></i></a>
2026-03-10 14:14:02 | DEBUG    | __main__:extract_pendencias:159 - LINK 1: <a href="javascript:void(0)" onclick="busca_whatsapp_cadastro(&quot;09106487000166&quot;, &quot;https://storage.googleapis.com/storagescrapings.appspot.com/ecac/49586312000118/situacao-fiscal-2026-03-10-09106487000166-5359464979467263675.pdf &quot;)" data-toggle="tooltip" data-placement="top" data-bs-custom-class="tooltip-inverse" class="btn btn-outline btn-outline-dashed btn-icon btn-active-light-primary w-30px h-30px me-1" aria-label="Enviar por Whatsapp" data-bs-original-title="Enviar por Whatsapp"><i class="fa-brands fa-whatsapp" style="color: #3e97ff;"></i></a>
2026-03-10 14:14:02 | DEBUG    | __main__:extract_pendencias:159 - LINK 2: <a href="https://storage.googleapis.com/storagescrapings.appspot.com/ecac/49586312000118/situacao-fiscal-2026-03-10-09106487000166-5359464979467263675.pdf" target="_blank" download="" data-toggle="tooltip" data-placement="top" data-bs-custom-class="tooltip-inverse" class="btn btn-outline btn-outline-dashed btn-icon btn-active-light-primary w-30px h-30px me-1" aria-label="Download" data-bs-original-title="Download"><i class="fa-solid fa-download" style="color: #3e97ff;"></i></a>
2026-03-10 14:14:02 | DEBUG    | __main__:extract_pendencias:159 - LINK 3: <a href="https://storage.googleapis.com/storagescrapings.appspot.com/ecac/49586312000118/situacao-fiscal-2026-03-10-09106487000166-5359464979467263675.pdf" target="_blank" data-toggle="tooltip" data-placement="top" data-bs-custom-class="tooltip-inverse" class="btn btn-outline btn-outline-dashed btn-icon btn-active-light-primary w-30px h-30px me-1" aria-label="Visualizar" data-bs-original-title="Visualizar"><i class="fa-solid fa-file" style="color: #3e97ff;"></i></a>
2026-03-10 14:14:02 | DEBUG    | __main__:extract_pendencias:159 - LINK 4: <a href="javascript:ver_historico_diagnostico(&quot;09106487000166&quot; , &quot;BAHIA FARMS INVESTIMENTOS AGRICOLAS LTDA&quot;)" class="badge badge-primary" data-container="body" data-toggle="tooltip" data-placement="top" data-bs-custom-class="tooltip-inverse" data-bs-original-title="Clique para ver o histórico">Ver</a>
2026-03-10 14:14:02 | DEBUG    | __main__:extract_pendencias:159 - LINK 5: <a class="badge badge-secondary" data-toggle="tooltip" data-placement="top" data-bs-custom-class="tooltip-inverse" style="cursor: not-allowed; background-color:#98a6ad !important; color:white;" data-bs-original-title="Não é possivel consultar, pois já existe um diagnóstico gerado hoje.">Atualizar</a>
2026-03-10 14:14:02 | INFO     | __main__:extract_pendencias:164 - Processando pendência para CNPJ: 09106487000166
2026-03-10 14:14:03 | INFO     | __main__:extract_pendencias:196 - Clicando em ATUALIZAR para 09106487000166
2026-03-10 14:14:06 | INFO     | __main__:extract_pendencias:205 - Botão Visualizar encontrado para 09106487000166. Tentando abrir...
2026-03-10 14:14:06 | INFO     | __main__:_handle_report_tab:42 - Abrindo relatório (aba ou download)...
2026-03-10 14:14:06 | DEBUG    | __main__:_handle_report_tab:46 - Verificando botão antes do clique: {'onclick': None, 'href': 'https://storage.googleapis.com/storagescrapings.appspot.com/ecac/49586312000118/situacao-fiscal-2026-03-10-09106487000166-5359464979467263675.pdf', 'text': ''}
2026-03-10 14:14:06 | INFO     | __main__:_handle_report_tab:69 - Relatório aberto em aba: https://storage.googleapis.com/storagescrapings.appspot.com/ecac/49586312000118/situacao-fiscal-2026-03-10-09106487000166-5359464979467263675.pdf
2026-03-10 14:14:06 | WARNING  | __main__:extract_pendencias:215 - Não foi possível extrair débitos para 09106487000166
2026-03-10 14:14:06 | DEBUG    | __main__:extract_pendencias:159 - LINK 0: <a href="javascript:void(0)" onclick="busca_email_cadastro(&quot;09023277000104&quot;, &quot;https://storage.googleapis.com/storagescrapings.appspot.com/ecac/49586312000118/situacao-fiscal-2026-03-10-09023277000104-8160357367426442283.pdf &quot;)" data-toggle="tooltip" data-placement="top" data-bs-custom-class="tooltip-inverse" class="btn btn-outline btn-outline-dashed btn-icon btn-active-light-primary w-30px h-30px me-1" aria-label="Enviar por E-mail" data-bs-original-title="Enviar por E-mail"><i class="fa-solid fa-envelope" style="color: #3e97ff;"></i></a>
2026-03-10 14:14:06 | DEBUG    | __main__:extract_pendencias:159 - LINK 1: <a href="javascript:void(0)" onclick="busca_whatsapp_cadastro(&quot;09023277000104&quot;, &quot;https://storage.googleapis.com/storagescrapings.appspot.com/ecac/49586312000118/situacao-fiscal-2026-03-10-09023277000104-8160357367426442283.pdf &quot;)" data-toggle="tooltip" data-placement="top" data-bs-custom-class="tooltip-inverse" class="btn btn-outline btn-outline-dashed btn-icon btn-active-light-primary w-30px h-30px me-1" aria-label="Enviar por Whatsapp" data-bs-original-title="Enviar por Whatsapp"><i class="fa-brands fa-whatsapp" style="color: #3e97ff;"></i></a>
2026-03-10 14:14:06 | DEBUG    | __main__:extract_pendencias:159 - LINK 2: <a href="https://storage.googleapis.com/storagescrapings.appspot.com/ecac/49586312000118/situacao-fiscal-2026-03-10-09023277000104-8160357367426442283.pdf" target="_blank" download="" data-toggle="tooltip" data-placement="top" data-bs-custom-class="tooltip-inverse" class="btn btn-outline btn-outline-dashed btn-icon btn-active-light-primary w-30px h-30px me-1" aria-label="Download" data-bs-original-title="Download"><i class="fa-solid fa-download" style="color: #3e97ff;"></i></a>
2026-03-10 14:14:06 | DEBUG    | __main__:extract_pendencias:159 - LINK 3: <a href="https://storage.googleapis.com/storagescrapings.appspot.com/ecac/49586312000118/situacao-fiscal-2026-03-10-09023277000104-8160357367426442283.pdf" target="_blank" data-toggle="tooltip" data-placement="top" data-bs-custom-class="tooltip-inverse" class="btn btn-outline btn-outline-dashed btn-icon btn-active-light-primary w-30px h-30px me-1" aria-label="Visualizar" data-bs-original-title="Visualizar"><i class="fa-solid fa-file" style="color: #3e97ff;"></i></a>
2026-03-10 14:14:06 | DEBUG    | __main__:extract_pendencias:159 - LINK 4: <a href="javascript:ver_historico_diagnostico(&quot;09023277000104&quot; , &quot;BAHIA LAND CONSULTORIA DE NEGOCIOS E INVESTIMENTOS LTDA&quot;)" class="badge badge-primary" data-container="body" data-toggle="tooltip" data-placement="top" data-bs-custom-class="tooltip-inverse" data-bs-original-title="Clique para ver o histórico">Ver</a>
2026-03-10 14:14:06 | DEBUG    | __main__:extract_pendencias:159 - LINK 5: <a class="badge badge-secondary" data-toggle="tooltip" data-placement="top" data-bs-custom-class="tooltip-inverse" style="cursor: not-allowed; background-color:#98a6ad !important; color:white;" data-bs-original-title="Não é possivel consultar, pois já existe um diagnóstico gerado hoje.">Atualizar</a>
2026-03-10 14:14:06 | INFO     | __main__:extract_pendencias:164 - Processando pendência para CNPJ: 09023277000104
2026-03-10 14:14:07 | INFO     | __main__:extract_pendencias:196 - Clicando em ATUALIZAR para 09023277000104
2026-03-10 14:14:10 | INFO     | __main__:extract_pendencias:205 - Botão Visualizar encontrado para 09023277000104. Tentando abrir...
2026-03-10 14:14:10 | INFO     | __main__:_handle_report_tab:42 - Abrindo relatório (aba ou download)...
2026-03-10 14:14:11 | DEBUG    | __main__:_handle_report_tab:46 - Verificando botão antes do clique: {'onclick': None, 'href': 'https://storage.googleapis.com/storagescrapings.appspot.com/ecac/49586312000118/situacao-fiscal-2026-03-10-09023277000104-8160357367426442283.pdf', 'text': ''}
2026-03-10 14:14:11 | INFO     | __main__:_handle_report_tab:69 - Relatório aberto em aba: https://storage.googleapis.com/storagescrapings.appspot.com/ecac/49586312000118/situacao-fiscal-2026-03-10-09023277000104-8160357367426442283.pdf
2026-03-10 14:14:11 | WARNING  | __main__:extract_pendencias:215 - Não foi possível extrair débitos para 09023277000104
2026-03-10 14:14:11 | DEBUG    | __main__:extract_pendencias:159 - LINK 0: <a href="javascript:void(0)" onclick="busca_email_cadastro(&quot;06915315000145&quot;, &quot;https://storage.googleapis.com/storagescrapings.appspot.com/ecac/49586312000118/situacao-fiscal-2026-03-10-06915315000145-4069201878538756051.pdf &quot;)" data-toggle="tooltip" data-placement="top" data-bs-custom-class="tooltip-inverse" class="btn btn-outline btn-outline-dashed btn-icon btn-active-light-primary w-30px h-30px me-1" aria-label="Enviar por E-mail" data-bs-original-title="Enviar por E-mail"><i class="fa-solid fa-envelope" style="color: #3e97ff;"></i></a>
2026-03-10 14:14:11 | DEBUG    | __main__:extract_pendencias:159 - LINK 1: <a href="javascript:void(0)" onclick="busca_whatsapp_cadastro(&quot;06915315000145&quot;, &quot;https://storage.googleapis.com/storagescrapings.appspot.com/ecac/49586312000118/situacao-fiscal-2026-03-10-06915315000145-4069201878538756051.pdf &quot;)" data-toggle="tooltip" data-placement="top" data-bs-custom-class="tooltip-inverse" class="btn btn-outline btn-outline-dashed btn-icon btn-active-light-primary w-30px h-30px me-1" aria-label="Enviar por Whatsapp" data-bs-original-title="Enviar por Whatsapp"><i class="fa-brands fa-whatsapp" style="color: #3e97ff;"></i></a>
2026-03-10 14:14:11 | DEBUG    | __main__:extract_pendencias:159 - LINK 2: <a href="https://storage.googleapis.com/storagescrapings.appspot.com/ecac/49586312000118/situacao-fiscal-2026-03-10-06915315000145-4069201878538756051.pdf" target="_blank" download="" data-toggle="tooltip" data-placement="top" data-bs-custom-class="tooltip-inverse" class="btn btn-outline btn-outline-dashed btn-icon btn-active-light-primary w-30px h-30px me-1" aria-label="Download" data-bs-original-title="Download"><i class="fa-solid fa-download" style="color: #3e97ff;"></i></a>
2026-03-10 14:14:11 | DEBUG    | __main__:extract_pendencias:159 - LINK 3: <a href="https://storage.googleapis.com/storagescrapings.appspot.com/ecac/49586312000118/situacao-fiscal-2026-03-10-06915315000145-4069201878538756051.pdf" target="_blank" data-toggle="tooltip" data-placement="top" data-bs-custom-class="tooltip-inverse" class="btn btn-outline btn-outline-dashed btn-icon btn-active-light-primary w-30px h-30px me-1" aria-label="Visualizar" data-bs-original-title="Visualizar"><i class="fa-solid fa-file" style="color: #3e97ff;"></i></a>
2026-03-10 14:14:11 | DEBUG    | __main__:extract_pendencias:159 - LINK 4: <a href="javascript:ver_historico_diagnostico(&quot;06915315000145&quot; , &quot;BLANCO IMOBILIARIA E ADMINISTRADORA LTDA&quot;)" class="badge badge-primary" data-container="body" data-toggle="tooltip" data-placement="top" data-bs-custom-class="tooltip-inverse" data-bs-original-title="Clique para ver o histórico">Ver</a>
2026-03-10 14:14:11 | DEBUG    | __main__:extract_pendencias:159 - LINK 5: <a class="badge badge-secondary" data-toggle="tooltip" data-placement="top" data-bs-custom-class="tooltip-inverse" style="cursor: not-allowed; background-color:#98a6ad !important; color:white;" data-bs-original-title="Não é possivel consultar, pois já existe um diagnóstico gerado hoje.">Atualizar</a>
2026-03-10 14:14:11 | INFO     | __main__:extract_pendencias:164 - Processando pendência para CNPJ: 06915315000145
2026-03-10 14:14:12 | INFO     | __main__:extract_pendencias:196 - Clicando em ATUALIZAR para 06915315000145
2026-03-10 14:14:15 | INFO     | __main__:extract_pendencias:205 - Botão Visualizar encontrado para 06915315000145. Tentando abrir...
2026-03-10 14:14:15 | INFO     | __main__:_handle_report_tab:42 - Abrindo relatório (aba ou download)...
2026-03-10 14:14:15 | DEBUG    | __main__:_handle_report_tab:46 - Verificando botão antes do clique: {'onclick': None, 'href': 'https://storage.googleapis.com/storagescrapings.appspot.com/ecac/49586312000118/situacao-fiscal-2026-03-10-06915315000145-4069201878538756051.pdf', 'text': ''}
2026-03-10 14:14:15 | INFO     | __main__:_handle_report_tab:69 - Relatório aberto em aba: https://storage.googleapis.com/storagescrapings.appspot.com/ecac/49586312000118/situacao-fiscal-2026-03-10-06915315000145-4069201878538756051.pdf
2026-03-10 14:14:15 | WARNING  | __main__:extract_pendencias:215 - Não foi possível extrair débitos para 06915315000145
2026-03-10 14:14:16 | DEBUG    | __main__:extract_pendencias:159 - LINK 0: <a href="javascript:void(0)" onclick="busca_email_cadastro(&quot;25196780000118&quot;, &quot;https://storage.googleapis.com/storagescrapings.appspot.com/ecac/49586312000118/situacao-fiscal-2026-03-10-25196780000118--7596971299314324112.pdf &quot;)" data-toggle="tooltip" data-placement="top" data-bs-custom-class="tooltip-inverse" class="btn btn-outline btn-outline-dashed btn-icon btn-active-light-primary w-30px h-30px me-1" aria-label="Enviar por E-mail" data-bs-original-title="Enviar por E-mail"><i class="fa-solid fa-envelope" style="color: #3e97ff;"></i></a>
2026-03-10 14:14:16 | DEBUG    | __main__:extract_pendencias:159 - LINK 1: <a href="javascript:void(0)" onclick="busca_whatsapp_cadastro(&quot;25196780000118&quot;, &quot;https://storage.googleapis.com/storagescrapings.appspot.com/ecac/49586312000118/situacao-fiscal-2026-03-10-25196780000118--7596971299314324112.pdf &quot;)" data-toggle="tooltip" data-placement="top" data-bs-custom-class="tooltip-inverse" class="btn btn-outline btn-outline-dashed btn-icon btn-active-light-primary w-30px h-30px me-1" aria-label="Enviar por Whatsapp" data-bs-original-title="Enviar por Whatsapp"><i class="fa-brands fa-whatsapp" style="color: #3e97ff;"></i></a>
2026-03-10 14:14:16 | DEBUG    | __main__:extract_pendencias:159 - LINK 2: <a href="https://storage.googleapis.com/storagescrapings.appspot.com/ecac/49586312000118/situacao-fiscal-2026-03-10-25196780000118--7596971299314324112.pdf" target="_blank" download="" data-toggle="tooltip" data-placement="top" data-bs-custom-class="tooltip-inverse" class="btn btn-outline btn-outline-dashed btn-icon btn-active-light-primary w-30px h-30px me-1" aria-label="Download" data-bs-original-title="Download"><i class="fa-solid fa-download" style="color: #3e97ff;"></i></a>
2026-03-10 14:14:16 | DEBUG    | __main__:extract_pendencias:159 - LINK 3: <a href="https://storage.googleapis.com/storagescrapings.appspot.com/ecac/49586312000118/situacao-fiscal-2026-03-10-25196780000118--7596971299314324112.pdf" target="_blank" data-toggle="tooltip" data-placement="top" data-bs-custom-class="tooltip-inverse" class="btn btn-outline btn-outline-dashed btn-icon btn-active-light-primary w-30px h-30px me-1" aria-label="Visualizar" data-bs-original-title="Visualizar"><i class="fa-solid fa-file" style="color: #3e97ff;"></i></a>
2026-03-10 14:14:16 | DEBUG    | __main__:extract_pendencias:159 - LINK 4: <a href="javascript:ver_historico_diagnostico(&quot;25196780000118&quot; , &quot;CAMILLA PINON ALPHONSE KARR&quot;)" class="badge badge-primary" data-container="body" data-toggle="tooltip" data-placement="top" data-bs-custom-class="tooltip-inverse" data-bs-original-title="Clique para ver o histórico">Ver</a>
2026-03-10 14:14:16 | DEBUG    | __main__:extract_pendencias:159 - LINK 5: <a class="badge badge-secondary" data-toggle="tooltip" data-placement="top" data-bs-custom-class="tooltip-inverse" style="cursor: not-allowed; background-color:#98a6ad !important; color:white;" data-bs-original-title="Não é possivel consultar, pois já existe um diagnóstico gerado hoje.">Atualizar</a>
2026-03-10 14:14:16 | INFO     | __main__:extract_pendencias:164 - Processando pendência para CNPJ: 25196780000118
2026-03-10 14:14:17 | INFO     | __main__:extract_pendencias:196 - Clicando em ATUALIZAR para 25196780000118
2026-03-10 14:14:20 | INFO     | __main__:extract_pendencias:205 - Botão Visualizar encontrado para 25196780000118. Tentando abrir...
2026-03-10 14:14:20 | INFO     | __main__:_handle_report_tab:42 - Abrindo relatório (aba ou download)...
2026-03-10 14:14:20 | DEBUG    | __main__:_handle_report_tab:46 - Verificando botão antes do clique: {'onclick': None, 'href': 'https://storage.googleapis.com/storagescrapings.appspot.com/ecac/49586312000118/situacao-fiscal-2026-03-10-25196780000118--7596971299314324112.pdf', 'text': ''}
2026-03-10 14:14:20 | INFO     | __main__:_handle_report_tab:69 - Relatório aberto em aba: https://storage.googleapis.com/storagescrapings.appspot.com/ecac/49586312000118/situacao-fiscal-2026-03-10-25196780000118--7596971299314324112.pdf
2026-03-10 14:14:20 | WARNING  | __main__:extract_pendencias:215 - Não foi possível extrair débitos para 25196780000118
2026-03-10 14:14:20 | DEBUG    | __main__:extract_pendencias:159 - LINK 0: <a href="javascript:void(0)" onclick="busca_email_cadastro(&quot;04778322000117&quot;, &quot;https://storage.googleapis.com/storagescrapings.appspot.com/ecac/49586312000118/situacao-fiscal-2026-03-10-04778322000117-4399378195667265436.pdf &quot;)" data-toggle="tooltip" data-placement="top" data-bs-custom-class="tooltip-inverse" class="btn btn-outline btn-outline-dashed btn-icon btn-active-light-primary w-30px h-30px me-1" aria-label="Enviar por E-mail" data-bs-original-title="Enviar por E-mail"><i class="fa-solid fa-envelope" style="color: #3e97ff;"></i></a>
2026-03-10 14:14:20 | DEBUG    | __main__:extract_pendencias:159 - LINK 1: <a href="javascript:void(0)" onclick="busca_whatsapp_cadastro(&quot;04778322000117&quot;, &quot;https://storage.googleapis.com/storagescrapings.appspot.com/ecac/49586312000118/situacao-fiscal-2026-03-10-04778322000117-4399378195667265436.pdf &quot;)" data-toggle="tooltip" data-placement="top" data-bs-custom-class="tooltip-inverse" class="btn btn-outline btn-outline-dashed btn-icon btn-active-light-primary w-30px h-30px me-1" aria-label="Enviar por Whatsapp" data-bs-original-title="Enviar por Whatsapp"><i class="fa-brands fa-whatsapp" style="color: #3e97ff;"></i></a>
2026-03-10 14:14:20 | DEBUG    | __main__:extract_pendencias:159 - LINK 2: <a href="https://storage.googleapis.com/storagescrapings.appspot.com/ecac/49586312000118/situacao-fiscal-2026-03-10-04778322000117-4399378195667265436.pdf" target="_blank" download="" data-toggle="tooltip" data-placement="top" data-bs-custom-class="tooltip-inverse" class="btn btn-outline btn-outline-dashed btn-icon btn-active-light-primary w-30px h-30px me-1" aria-label="Download" data-bs-original-title="Download"><i class="fa-solid fa-download" style="color: #3e97ff;"></i></a>
2026-03-10 14:14:20 | DEBUG    | __main__:extract_pendencias:159 - LINK 3: <a href="https://storage.googleapis.com/storagescrapings.appspot.com/ecac/49586312000118/situacao-fiscal-2026-03-10-04778322000117-4399378195667265436.pdf" target="_blank" data-toggle="tooltip" data-placement="top" data-bs-custom-class="tooltip-inverse" class="btn btn-outline btn-outline-dashed btn-icon btn-active-light-primary w-30px h-30px me-1" aria-label="Visualizar" data-bs-original-title="Visualizar"><i class="fa-solid fa-file" style="color: #3e97ff;"></i></a>
2026-03-10 14:14:20 | DEBUG    | __main__:extract_pendencias:159 - LINK 4: <a href="javascript:ver_historico_diagnostico(&quot;04778322000117&quot; , &quot;CCA REPARACAO DE CALCADOS E BOLSAS LTDA&quot;)" class="badge badge-primary" data-container="body" data-toggle="tooltip" data-placement="top" data-bs-custom-class="tooltip-inverse" data-bs-original-title="Clique para ver o histórico">Ver</a>
2026-03-10 14:14:20 | DEBUG    | __main__:extract_pendencias:159 - LINK 5: <a class="badge badge-secondary" data-toggle="tooltip" data-placement="top" data-bs-custom-class="tooltip-inverse" style="cursor: not-allowed; background-color:#98a6ad !important; color:white;" data-bs-original-title="Não é possivel consultar, pois já existe um diagnóstico gerado hoje.">Atualizar</a>
2026-03-10 14:14:20 | INFO     | __main__:extract_pendencias:164 - Processando pendência para CNPJ: 04778322000117
2026-03-10 14:14:21 | INFO     | __main__:extract_pendencias:196 - Clicando em ATUALIZAR para 04778322000117
2026-03-10 14:14:25 | INFO     | __main__:extract_pendencias:205 - Botão Visualizar encontrado para 04778322000117. Tentando abrir...
2026-03-10 14:14:25 | INFO     | __main__:_handle_report_tab:42 - Abrindo relatório (aba ou download)...
2026-03-10 14:14:25 | DEBUG    | __main__:_handle_report_tab:46 - Verificando botão antes do clique: {'onclick': None, 'href': 'https://storage.googleapis.com/storagescrapings.appspot.com/ecac/49586312000118/situacao-fiscal-2026-03-10-04778322000117-4399378195667265436.pdf', 'text': ''}
2026-03-10 14:14:25 | INFO     | __main__:_handle_report_tab:69 - Relatório aberto em aba: https://storage.googleapis.com/storagescrapings.appspot.com/ecac/49586312000118/situacao-fiscal-2026-03-10-04778322000117-4399378195667265436.pdf
2026-03-10 14:14:25 | WARNING  | __main__:extract_pendencias:215 - Não foi possível extrair débitos para 04778322000117
2026-03-10 14:14:25 | DEBUG    | __main__:extract_pendencias:159 - LINK 0: <a href="javascript:void(0)" onclick="busca_email_cadastro(&quot;00807080000191&quot;, &quot;https://storage.googleapis.com/storagescrapings.appspot.com/ecac/49586312000118/situacao-fiscal-2026-03-10-00807080000191-4093500059623742596.pdf &quot;)" data-toggle="tooltip" data-placement="top" data-bs-custom-class="tooltip-inverse" class="btn btn-outline btn-outline-dashed btn-icon btn-active-light-primary w-30px h-30px me-1" aria-label="Enviar por E-mail" data-bs-original-title="Enviar por E-mail"><i class="fa-solid fa-envelope" style="color: #3e97ff;"></i></a>
2026-03-10 14:14:25 | DEBUG    | __main__:extract_pendencias:159 - LINK 1: <a href="javascript:void(0)" onclick="busca_whatsapp_cadastro(&quot;00807080000191&quot;, &quot;https://storage.googleapis.com/storagescrapings.appspot.com/ecac/49586312000118/situacao-fiscal-2026-03-10-00807080000191-4093500059623742596.pdf &quot;)" data-toggle="tooltip" data-placement="top" data-bs-custom-class="tooltip-inverse" class="btn btn-outline btn-outline-dashed btn-icon btn-active-light-primary w-30px h-30px me-1" aria-label="Enviar por Whatsapp" data-bs-original-title="Enviar por Whatsapp"><i class="fa-brands fa-whatsapp" style="color: #3e97ff;"></i></a>
2026-03-10 14:14:25 | DEBUG    | __main__:extract_pendencias:159 - LINK 2: <a href="https://storage.googleapis.com/storagescrapings.appspot.com/ecac/49586312000118/situacao-fiscal-2026-03-10-00807080000191-4093500059623742596.pdf" target="_blank" download="" data-toggle="tooltip" data-placement="top" data-bs-custom-class="tooltip-inverse" class="btn btn-outline btn-outline-dashed btn-icon btn-active-light-primary w-30px h-30px me-1" aria-label="Download" data-bs-original-title="Download"><i class="fa-solid fa-download" style="color: #3e97ff;"></i></a>
2026-03-10 14:14:25 | DEBUG    | __main__:extract_pendencias:159 - LINK 3: <a href="https://storage.googleapis.com/storagescrapings.appspot.com/ecac/49586312000118/situacao-fiscal-2026-03-10-00807080000191-4093500059623742596.pdf" target="_blank" data-toggle="tooltip" data-placement="top" data-bs-custom-class="tooltip-inverse" class="btn btn-outline btn-outline-dashed btn-icon btn-active-light-primary w-30px h-30px me-1" aria-label="Visualizar" data-bs-original-title="Visualizar"><i class="fa-solid fa-file" style="color: #3e97ff;"></i></a>
2026-03-10 14:14:25 | DEBUG    | __main__:extract_pendencias:159 - LINK 4: <a href="javascript:ver_historico_diagnostico(&quot;00807080000191&quot; , &quot;CEMECOR CENTRO MEDICO CARDIOLOGICO S/C LTDA&quot;)" class="badge badge-primary" data-container="body" data-toggle="tooltip" data-placement="top" data-bs-custom-class="tooltip-inverse" data-bs-original-title="Clique para ver o histórico">Ver</a>
2026-03-10 14:14:25 | DEBUG    | __main__:extract_pendencias:159 - LINK 5: <a class="badge badge-secondary" data-toggle="tooltip" data-placement="top" data-bs-custom-class="tooltip-inverse" style="cursor: not-allowed; background-color:#98a6ad !important; color:white;" data-bs-original-title="Não é possivel consultar, pois já existe um diagnóstico gerado hoje.">Atualizar</a>
2026-03-10 14:14:25 | INFO     | __main__:extract_pendencias:164 - Processando pendência para CNPJ: 00807080000191
2026-03-10 14:14:26 | INFO     | __main__:extract_pendencias:196 - Clicando em ATUALIZAR para 00807080000191
2026-03-10 14:14:29 | INFO     | __main__:extract_pendencias:205 - Botão Visualizar encontrado para 00807080000191. Tentando abrir...
2026-03-10 14:14:29 | INFO     | __main__:_handle_report_tab:42 - Abrindo relatório (aba ou download)...
2026-03-10 14:14:29 | DEBUG    | __main__:_handle_report_tab:46 - Verificando botão antes do clique: {'onclick': None, 'href': 'https://storage.googleapis.com/storagescrapings.appspot.com/ecac/49586312000118/situacao-fiscal-2026-03-10-00807080000191-4093500059623742596.pdf', 'text': ''}
2026-03-10 14:14:30 | INFO     | __main__:_handle_report_tab:69 - Relatório aberto em aba: https://storage.googleapis.com/storagescrapings.appspot.com/ecac/49586312000118/situacao-fiscal-2026-03-10-00807080000191-4093500059623742596.pdf
2026-03-10 14:14:30 | WARNING  | __main__:extract_pendencias:215 - Não foi possível extrair débitos para 00807080000191
2026-03-10 14:14:30 | DEBUG    | __main__:extract_pendencias:159 - LINK 0: <a href="javascript:void(0)" onclick="busca_email_cadastro(&quot;08154181000112&quot;, &quot;https://storage.googleapis.com/storagescrapings.appspot.com/ecac/49586312000118/situacao-fiscal-2026-03-10-08154181000112--148977977699984578.pdf &quot;)" data-toggle="tooltip" data-placement="top" data-bs-custom-class="tooltip-inverse" class="btn btn-outline btn-outline-dashed btn-icon btn-active-light-primary w-30px h-30px me-1" aria-label="Enviar por E-mail" data-bs-original-title="Enviar por E-mail"><i class="fa-solid fa-envelope" style="color: #3e97ff;"></i></a>
2026-03-10 14:14:30 | DEBUG    | __main__:extract_pendencias:159 - LINK 1: <a href="javascript:void(0)" onclick="busca_whatsapp_cadastro(&quot;08154181000112&quot;, &quot;https://storage.googleapis.com/storagescrapings.appspot.com/ecac/49586312000118/situacao-fiscal-2026-03-10-08154181000112--148977977699984578.pdf &quot;)" data-toggle="tooltip" data-placement="top" data-bs-custom-class="tooltip-inverse" class="btn btn-outline btn-outline-dashed btn-icon btn-active-light-primary w-30px h-30px me-1" aria-label="Enviar por Whatsapp" data-bs-original-title="Enviar por Whatsapp"><i class="fa-brands fa-whatsapp" style="color: #3e97ff;"></i></a>
2026-03-10 14:14:30 | DEBUG    | __main__:extract_pendencias:159 - LINK 2: <a href="https://storage.googleapis.com/storagescrapings.appspot.com/ecac/49586312000118/situacao-fiscal-2026-03-10-08154181000112--148977977699984578.pdf" target="_blank" download="" data-toggle="tooltip" data-placement="top" data-bs-custom-class="tooltip-inverse" class="btn btn-outline btn-outline-dashed btn-icon btn-active-light-primary w-30px h-30px me-1" aria-label="Download" data-bs-original-title="Download"><i class="fa-solid fa-download" style="color: #3e97ff;"></i></a>
2026-03-10 14:14:30 | DEBUG    | __main__:extract_pendencias:159 - LINK 3: <a href="https://storage.googleapis.com/storagescrapings.appspot.com/ecac/49586312000118/situacao-fiscal-2026-03-10-08154181000112--148977977699984578.pdf" target="_blank" data-toggle="tooltip" data-placement="top" data-bs-custom-class="tooltip-inverse" class="btn btn-outline btn-outline-dashed btn-icon btn-active-light-primary w-30px h-30px me-1" aria-label="Visualizar" data-bs-original-title="Visualizar"><i class="fa-solid fa-file" style="color: #3e97ff;"></i></a>
2026-03-10 14:14:30 | DEBUG    | __main__:extract_pendencias:159 - LINK 4: <a href="javascript:ver_historico_diagnostico(&quot;08154181000112&quot; , &quot;CENTRAL DO DENTE - CLINICA ODONTOLOGICA LTDA&quot;)" class="badge badge-primary" data-container="body" data-toggle="tooltip" data-placement="top" data-bs-custom-class="tooltip-inverse" data-bs-original-title="Clique para ver o histórico">Ver</a>
2026-03-10 14:14:30 | DEBUG    | __main__:extract_pendencias:159 - LINK 5: <a class="badge badge-secondary" data-toggle="tooltip" data-placement="top" data-bs-custom-class="tooltip-inverse" style="cursor: not-allowed; background-color:#98a6ad !important; color:white;" data-bs-original-title="Não é possivel consultar, pois já existe um diagnóstico gerado hoje.">Atualizar</a>
2026-03-10 14:14:30 | INFO     | __main__:extract_pendencias:164 - Processando pendência para CNPJ: 08154181000112
2026-03-10 14:14:31 | INFO     | __main__:extract_pendencias:196 - Clicando em ATUALIZAR para 08154181000112
2026-03-10 14:14:34 | INFO     | __main__:extract_pendencias:205 - Botão Visualizar encontrado para 08154181000112. Tentando abrir...
2026-03-10 14:14:34 | INFO     | __main__:_handle_report_tab:42 - Abrindo relatório (aba ou download)...
2026-03-10 14:14:34 | DEBUG    | __main__:_handle_report_tab:46 - Verificando botão antes do clique: {'onclick': None, 'href': 'https://storage.googleapis.com/storagescrapings.appspot.com/ecac/49586312000118/situacao-fiscal-2026-03-10-08154181000112--148977977699984578.pdf', 'text': ''}
2026-03-10 14:14:34 | INFO     | __main__:_handle_report_tab:69 - Relatório aberto em aba: https://storage.googleapis.com/storagescrapings.appspot.com/ecac/49586312000118/situacao-fiscal-2026-03-10-08154181000112--148977977699984578.pdf
2026-03-10 14:14:34 | WARNING  | __main__:extract_pendencias:215 - Não foi possível extrair débitos para 08154181000112
2026-03-10 14:14:34 | DEBUG    | __main__:extract_pendencias:159 - LINK 0: <a href="javascript:void(0)" onclick="busca_email_cadastro(&quot;14757660000126&quot;, &quot;https://storage.googleapis.com/storagescrapings.appspot.com/ecac/49586312000118/situacao-fiscal-2026-03-10-14757660000126--1900564368575895589.pdf &quot;)" data-toggle="tooltip" data-placement="top" data-bs-custom-class="tooltip-inverse" class="btn btn-outline btn-outline-dashed btn-icon btn-active-light-primary w-30px h-30px me-1" aria-label="Enviar por E-mail" data-bs-original-title="Enviar por E-mail"><i class="fa-solid fa-envelope" style="color: #3e97ff;"></i></a>
2026-03-10 14:14:34 | DEBUG    | __main__:extract_pendencias:159 - LINK 1: <a href="javascript:void(0)" onclick="busca_whatsapp_cadastro(&quot;14757660000126&quot;, &quot;https://storage.googleapis.com/storagescrapings.appspot.com/ecac/49586312000118/situacao-fiscal-2026-03-10-14757660000126--1900564368575895589.pdf &quot;)" data-toggle="tooltip" data-placement="top" data-bs-custom-class="tooltip-inverse" class="btn btn-outline btn-outline-dashed btn-icon btn-active-light-primary w-30px h-30px me-1" aria-label="Enviar por Whatsapp" data-bs-original-title="Enviar por Whatsapp"><i class="fa-brands fa-whatsapp" style="color: #3e97ff;"></i></a>
2026-03-10 14:14:34 | DEBUG    | __main__:extract_pendencias:159 - LINK 2: <a href="https://storage.googleapis.com/storagescrapings.appspot.com/ecac/49586312000118/situacao-fiscal-2026-03-10-14757660000126--1900564368575895589.pdf" target="_blank" download="" data-toggle="tooltip" data-placement="top" data-bs-custom-class="tooltip-inverse" class="btn btn-outline btn-outline-dashed btn-icon btn-active-light-primary w-30px h-30px me-1" aria-label="Download" data-bs-original-title="Download"><i class="fa-solid fa-download" style="color: #3e97ff;"></i></a>
2026-03-10 14:14:34 | DEBUG    | __main__:extract_pendencias:159 - LINK 3: <a href="https://storage.googleapis.com/storagescrapings.appspot.com/ecac/49586312000118/situacao-fiscal-2026-03-10-14757660000126--1900564368575895589.pdf" target="_blank" data-toggle="tooltip" data-placement="top" data-bs-custom-class="tooltip-inverse" class="btn btn-outline btn-outline-dashed btn-icon btn-active-light-primary w-30px h-30px me-1" aria-label="Visualizar" data-bs-original-title="Visualizar"><i class="fa-solid fa-file" style="color: #3e97ff;"></i></a>
2026-03-10 14:14:34 | DEBUG    | __main__:extract_pendencias:159 - LINK 4: <a href="javascript:ver_historico_diagnostico(&quot;14757660000126&quot; , &quot;CERAMICA REAL LTDA&quot;)" class="badge badge-primary" data-container="body" data-toggle="tooltip" data-placement="top" data-bs-custom-class="tooltip-inverse" data-bs-original-title="Clique para ver o histórico">Ver</a>
2026-03-10 14:14:34 | DEBUG    | __main__:extract_pendencias:159 - LINK 5: <a class="badge badge-secondary" data-toggle="tooltip" data-placement="top" data-bs-custom-class="tooltip-inverse" style="cursor: not-allowed; background-color:#98a6ad !important; color:white;" data-bs-original-title="Não é possivel consultar, pois já existe um diagnóstico gerado hoje.">Atualizar</a>
2026-03-10 14:14:34 | INFO     | __main__:extract_pendencias:164 - Processando pendência para CNPJ: 14757660000126
2026-03-10 14:14:35 | INFO     | __main__:extract_pendencias:196 - Clicando em ATUALIZAR para 14757660000126
2026-03-10 14:14:39 | INFO     | __main__:extract_pendencias:205 - Botão Visualizar encontrado para 14757660000126. Tentando abrir...
2026-03-10 14:14:39 | INFO     | __main__:_handle_report_tab:42 - Abrindo relatório (aba ou download)...
2026-03-10 14:14:39 | DEBUG    | __main__:_handle_report_tab:46 - Verificando botão antes do clique: {'onclick': None, 'href': 'https://storage.googleapis.com/storagescrapings.appspot.com/ecac/49586312000118/situacao-fiscal-2026-03-10-14757660000126--1900564368575895589.pdf', 'text': ''}
2026-03-10 14:14:39 | INFO     | __main__:_handle_report_tab:69 - Relatório aberto em aba: https://storage.googleapis.com/storagescrapings.appspot.com/ecac/49586312000118/situacao-fiscal-2026-03-10-14757660000126--1900564368575895589.pdf
2026-03-10 14:14:39 | WARNING  | __main__:extract_pendencias:215 - Não foi possível extrair débitos para 14757660000126
2026-03-10 14:14:39 | DEBUG    | __main__:extract_pendencias:159 - LINK 0: <a href="javascript:void(0)" onclick="busca_email_cadastro(&quot;42159055000199&quot;, &quot;https://storage.googleapis.com/storagescrapings.appspot.com/ecac/49586312000118/situacao-fiscal-2026-03-10-42159055000199--6470727640077017110.pdf &quot;)" data-toggle="tooltip" data-placement="top" data-bs-custom-class="tooltip-inverse" class="btn btn-outline btn-outline-dashed btn-icon btn-active-light-primary w-30px h-30px me-1" aria-label="Enviar por E-mail" data-bs-original-title="Enviar por E-mail"><i class="fa-solid fa-envelope" style="color: #3e97ff;"></i></a>
2026-03-10 14:14:39 | DEBUG    | __main__:extract_pendencias:159 - LINK 1: <a href="javascript:void(0)" onclick="busca_whatsapp_cadastro(&quot;42159055000199&quot;, &quot;https://storage.googleapis.com/storagescrapings.appspot.com/ecac/49586312000118/situacao-fiscal-2026-03-10-42159055000199--6470727640077017110.pdf &quot;)" data-toggle="tooltip" data-placement="top" data-bs-custom-class="tooltip-inverse" class="btn btn-outline btn-outline-dashed btn-icon btn-active-light-primary w-30px h-30px me-1" aria-label="Enviar por Whatsapp" data-bs-original-title="Enviar por Whatsapp"><i class="fa-brands fa-whatsapp" style="color: #3e97ff;"></i></a>
2026-03-10 14:14:39 | DEBUG    | __main__:extract_pendencias:159 - LINK 2: <a href="https://storage.googleapis.com/storagescrapings.appspot.com/ecac/49586312000118/situacao-fiscal-2026-03-10-42159055000199--6470727640077017110.pdf" target="_blank" download="" data-toggle="tooltip" data-placement="top" data-bs-custom-class="tooltip-inverse" class="btn btn-outline btn-outline-dashed btn-icon btn-active-light-primary w-30px h-30px me-1" aria-label="Download" data-bs-original-title="Download"><i class="fa-solid fa-download" style="color: #3e97ff;"></i></a>
2026-03-10 14:14:39 | DEBUG    | __main__:extract_pendencias:159 - LINK 3: <a href="https://storage.googleapis.com/storagescrapings.appspot.com/ecac/49586312000118/situacao-fiscal-2026-03-10-42159055000199--6470727640077017110.pdf" target="_blank" data-toggle="tooltip" data-placement="top" data-bs-custom-class="tooltip-inverse" class="btn btn-outline btn-outline-dashed btn-icon btn-active-light-primary w-30px h-30px me-1" aria-label="Visualizar" data-bs-original-title="Visualizar"><i class="fa-solid fa-file" style="color: #3e97ff;"></i></a>
2026-03-10 14:14:39 | DEBUG    | __main__:extract_pendencias:159 - LINK 4: <a href="javascript:ver_historico_diagnostico(&quot;42159055000199&quot; , &quot;CLIMACONTTROL AR CONDICIONADOS LTDA&quot;)" class="badge badge-primary" data-container="body" data-toggle="tooltip" data-placement="top" data-bs-custom-class="tooltip-inverse" data-bs-original-title="Clique para ver o histórico">Ver</a>
2026-03-10 14:14:39 | DEBUG    | __main__:extract_pendencias:159 - LINK 5: <a class="badge badge-secondary" data-toggle="tooltip" data-placement="top" data-bs-custom-class="tooltip-inverse" style="cursor: not-allowed; background-color:#98a6ad !important; color:white;" data-bs-original-title="Não é possivel consultar, pois já existe um diagnóstico gerado hoje.">Atualizar</a>
2026-03-10 14:14:39 | INFO     | __main__:extract_pendencias:164 - Processando pendência para CNPJ: 42159055000199
2026-03-10 14:14:40 | INFO     | __main__:extract_pendencias:196 - Clicando em ATUALIZAR para 42159055000199
2026-03-10 14:14:43 | INFO     | __main__:extract_pendencias:205 - Botão Visualizar encontrado para 42159055000199. Tentando abrir...
2026-03-10 14:14:43 | INFO     | __main__:_handle_report_tab:42 - Abrindo relatório (aba ou download)...
2026-03-10 14:14:43 | DEBUG    | __main__:_handle_report_tab:46 - Verificando botão antes do clique: {'onclick': None, 'href': 'https://storage.googleapis.com/storagescrapings.appspot.com/ecac/49586312000118/situacao-fiscal-2026-03-10-42159055000199--6470727640077017110.pdf', 'text': ''}
2026-03-10 14:14:44 | INFO     | __main__:_handle_report_tab:69 - Relatório aberto em aba: https://storage.googleapis.com/storagescrapings.appspot.com/ecac/49586312000118/situacao-fiscal-2026-03-10-42159055000199--6470727640077017110.pdf
2026-03-10 14:14:44 | WARNING  | __main__:extract_pendencias:215 - Não foi possível extrair débitos para 42159055000199
2026-03-10 14:15:10 | INFO     | __main__:extract_pendencias:108 - Iniciando Playwright (headless=False)
2026-03-10 14:15:11 | INFO     | __main__:_login:21 - Navegando para o login em https://49586312000118.veri.com.br//login
2026-03-10 14:15:13 | INFO     | __main__:_login:24 - Inserindo credenciais...
2026-03-10 14:15:14 | INFO     | __main__:_login:34 - Aguardando carregamento da área restrita...
2026-03-10 14:15:20 | SUCCESS  | __main__:_login:37 - Logado com sucesso (aparentemente).
2026-03-10 14:15:20 | INFO     | __main__:extract_pendencias:121 - Procurando botão 'Agora não' do modal inicial...
2026-03-10 14:15:21 | INFO     | __main__:extract_pendencias:128 - Modal fechado.
2026-03-10 14:15:21 | INFO     | __main__:extract_pendencias:133 - Expandindo menu e acessando Dashboard Federal...
2026-03-10 14:15:21 | INFO     | __main__:extract_pendencias:141 - Clicando em Dashboard Federal (link)...
2026-03-10 14:15:23 | INFO     | __main__:extract_pendencias:146 - Localizando card de Diagnóstico Fiscal PJ...
2026-03-10 14:15:25 | INFO     | __main__:extract_pendencias:154 - Aguardando carregar a tabela de Situação Fiscal...
2026-03-10 14:15:25 | INFO     | __main__:extract_pendencias:159 - Processando 52 possíveis linhas...
2026-03-10 14:15:25 | DEBUG    | __main__:extract_pendencias:168 - LINK 0: <a href="javascript:void(0)" onclick="busca_email_cadastro(&quot;62652792000136&quot;, &quot;https://storage.googleapis.com/storagescrapings.appspot.com/ecac/49586312000118/situacao-fiscal-2026-03-10-62652792000136-5012149576248263428.pdf &quot;)" data-toggle="tooltip" data-placement="top" data-bs-custom-class="tooltip-inverse" class="btn btn-outline btn-outline-dashed btn-icon btn-active-light-primary w-30px h-30px me-1" aria-label="Enviar por E-mail" data-bs-original-title="Enviar por E-mail"><i class="fa-solid fa-envelope" style="color: #3e97ff;"></i></a>
2026-03-10 14:15:25 | DEBUG    | __main__:extract_pendencias:168 - LINK 1: <a href="javascript:void(0)" onclick="busca_whatsapp_cadastro(&quot;62652792000136&quot;, &quot;https://storage.googleapis.com/storagescrapings.appspot.com/ecac/49586312000118/situacao-fiscal-2026-03-10-62652792000136-5012149576248263428.pdf &quot;)" data-toggle="tooltip" data-placement="top" data-bs-custom-class="tooltip-inverse" class="btn btn-outline btn-outline-dashed btn-icon btn-active-light-primary w-30px h-30px me-1" aria-label="Enviar por Whatsapp" data-bs-original-title="Enviar por Whatsapp"><i class="fa-brands fa-whatsapp" style="color: #3e97ff;"></i></a>
2026-03-10 14:15:25 | DEBUG    | __main__:extract_pendencias:168 - LINK 2: <a href="https://storage.googleapis.com/storagescrapings.appspot.com/ecac/49586312000118/situacao-fiscal-2026-03-10-62652792000136-5012149576248263428.pdf" target="_blank" download="" data-toggle="tooltip" data-placement="top" data-bs-custom-class="tooltip-inverse" class="btn btn-outline btn-outline-dashed btn-icon btn-active-light-primary w-30px h-30px me-1" aria-label="Download" data-bs-original-title="Download"><i class="fa-solid fa-download" style="color: #3e97ff;"></i></a>
2026-03-10 14:15:25 | DEBUG    | __main__:extract_pendencias:168 - LINK 3: <a href="https://storage.googleapis.com/storagescrapings.appspot.com/ecac/49586312000118/situacao-fiscal-2026-03-10-62652792000136-5012149576248263428.pdf" target="_blank" data-toggle="tooltip" data-placement="top" data-bs-custom-class="tooltip-inverse" class="btn btn-outline btn-outline-dashed btn-icon btn-active-light-primary w-30px h-30px me-1" aria-label="Visualizar" data-bs-original-title="Visualizar"><i class="fa-solid fa-file" style="color: #3e97ff;"></i></a>
2026-03-10 14:15:25 | DEBUG    | __main__:extract_pendencias:168 - LINK 4: <a href="javascript:ver_historico_diagnostico(&quot;62652792000136&quot; , &quot;AG VINHOS E GASTRONOMIA LTDA&quot;)" class="badge badge-primary" data-container="body" data-toggle="tooltip" data-placement="top" data-bs-custom-class="tooltip-inverse" data-bs-original-title="Clique para ver o histórico">Ver</a>
2026-03-10 14:15:25 | DEBUG    | __main__:extract_pendencias:168 - LINK 5: <a class="badge badge-secondary" data-toggle="tooltip" data-placement="top" data-bs-custom-class="tooltip-inverse" style="cursor: not-allowed; background-color:#98a6ad !important; color:white;" data-bs-original-title="Não é possivel consultar, pois já existe um diagnóstico gerado hoje.">Atualizar</a>
2026-03-10 14:15:25 | INFO     | __main__:extract_pendencias:173 - Processando pendência para CNPJ: 62652792000136
2026-03-10 14:15:26 | INFO     | __main__:extract_pendencias:205 - Clicando em ATUALIZAR para 62652792000136
2026-03-10 14:15:30 | INFO     | __main__:extract_pendencias:214 - Botão Visualizar encontrado para 62652792000136. Tentando abrir...
2026-03-10 14:15:30 | INFO     | __main__:_handle_report_tab:42 - Iniciando captura de relatório...
2026-03-10 14:15:30 | DEBUG    | __main__:_handle_report_tab:46 - Verificando botão antes do clique: {'onclick': None, 'href': 'https://storage.googleapis.com/storagescrapings.appspot.com/ecac/49586312000118/situacao-fiscal-2026-03-10-62652792000136-5012149576248263428.pdf', 'text': '', 'download': True}
2026-03-10 14:15:30 | INFO     | __main__:_handle_report_tab:59 - Detectado link de PDF. Tentando download direto...
2026-03-10 14:15:45 | WARNING  | __main__:_handle_report_tab:72 - Falha no download direto, tentando via aba: Timeout 15000ms exceeded while waiting for event "download"
=========================== logs ===========================
waiting for event "download"
============================================================
2026-03-10 14:15:45 | INFO     | __main__:_handle_report_tab:84 - Relatório PDF em aba: https://storage.googleapis.com/storagescrapings.appspot.com/ecac/49586312000118/situacao-fiscal-2026-03-10-62652792000136-5012149576248263428.pdf. Baixando via request...
2026-03-10 14:15:46 | DEBUG    | __main__:extract_pendencias:168 - LINK 0: <a href="javascript:void(0)" onclick="busca_email_cadastro(&quot;11233811000159&quot;, &quot;https://storage.googleapis.com/storagescrapings.appspot.com/ecac/49586312000118/situacao-fiscal-2026-03-10-11233811000159--1434654757235908933.pdf &quot;)" data-toggle="tooltip" data-placement="top" data-bs-custom-class="tooltip-inverse" class="btn btn-outline btn-outline-dashed btn-icon btn-active-light-primary w-30px h-30px me-1" aria-label="Enviar por E-mail" data-bs-original-title="Enviar por E-mail"><i class="fa-solid fa-envelope" style="color: #3e97ff;"></i></a>
2026-03-10 14:15:46 | DEBUG    | __main__:extract_pendencias:168 - LINK 1: <a href="javascript:void(0)" onclick="busca_whatsapp_cadastro(&quot;11233811000159&quot;, &quot;https://storage.googleapis.com/storagescrapings.appspot.com/ecac/49586312000118/situacao-fiscal-2026-03-10-11233811000159--1434654757235908933.pdf &quot;)" data-toggle="tooltip" data-placement="top" data-bs-custom-class="tooltip-inverse" class="btn btn-outline btn-outline-dashed btn-icon btn-active-light-primary w-30px h-30px me-1" aria-label="Enviar por Whatsapp" data-bs-original-title="Enviar por Whatsapp"><i class="fa-brands fa-whatsapp" style="color: #3e97ff;"></i></a>
2026-03-10 14:15:46 | DEBUG    | __main__:extract_pendencias:168 - LINK 2: <a href="https://storage.googleapis.com/storagescrapings.appspot.com/ecac/49586312000118/situacao-fiscal-2026-03-10-11233811000159--1434654757235908933.pdf" target="_blank" download="" data-toggle="tooltip" data-placement="top" data-bs-custom-class="tooltip-inverse" class="btn btn-outline btn-outline-dashed btn-icon btn-active-light-primary w-30px h-30px me-1" aria-label="Download" data-bs-original-title="Download"><i class="fa-solid fa-download" style="color: #3e97ff;"></i></a>
2026-03-10 14:15:46 | DEBUG    | __main__:extract_pendencias:168 - LINK 3: <a href="https://storage.googleapis.com/storagescrapings.appspot.com/ecac/49586312000118/situacao-fiscal-2026-03-10-11233811000159--1434654757235908933.pdf" target="_blank" data-toggle="tooltip" data-placement="top" data-bs-custom-class="tooltip-inverse" class="btn btn-outline btn-outline-dashed btn-icon btn-active-light-primary w-30px h-30px me-1" aria-label="Visualizar" data-bs-original-title="Visualizar"><i class="fa-solid fa-file" style="color: #3e97ff;"></i></a>
2026-03-10 14:15:46 | DEBUG    | __main__:extract_pendencias:168 - LINK 4: <a href="javascript:ver_historico_diagnostico(&quot;11233811000159&quot; , &quot;ANJU PARICIPACOES LIMITADA&quot;)" class="badge badge-primary" data-container="body" data-toggle="tooltip" data-placement="top" data-bs-custom-class="tooltip-inverse" data-bs-original-title="Clique para ver o histórico">Ver</a>
2026-03-10 14:15:46 | DEBUG    | __main__:extract_pendencias:168 - LINK 5: <a class="badge badge-secondary" data-toggle="tooltip" data-placement="top" data-bs-custom-class="tooltip-inverse" style="cursor: not-allowed; background-color:#98a6ad !important; color:white;" data-bs-original-title="Não é possivel consultar, pois já existe um diagnóstico gerado hoje.">Atualizar</a>
2026-03-10 14:15:46 | INFO     | __main__:extract_pendencias:173 - Processando pendência para CNPJ: 11233811000159
2026-03-10 14:15:47 | INFO     | __main__:extract_pendencias:205 - Clicando em ATUALIZAR para 11233811000159
2026-03-10 14:15:50 | INFO     | __main__:extract_pendencias:214 - Botão Visualizar encontrado para 11233811000159. Tentando abrir...
2026-03-10 14:15:50 | INFO     | __main__:_handle_report_tab:42 - Iniciando captura de relatório...
2026-03-10 14:15:50 | DEBUG    | __main__:_handle_report_tab:46 - Verificando botão antes do clique: {'onclick': None, 'href': 'https://storage.googleapis.com/storagescrapings.appspot.com/ecac/49586312000118/situacao-fiscal-2026-03-10-11233811000159--1434654757235908933.pdf', 'text': '', 'download': True}
2026-03-10 14:15:52 | INFO     | __main__:_handle_report_tab:59 - Detectado link de PDF. Tentando download direto...
2026-03-10 14:16:07 | WARNING  | __main__:_handle_report_tab:72 - Falha no download direto, tentando via aba: Timeout 15000ms exceeded while waiting for event "download"
=========================== logs ===========================
waiting for event "download"
============================================================
2026-03-10 14:16:07 | INFO     | __main__:_handle_report_tab:84 - Relatório PDF em aba: https://storage.googleapis.com/storagescrapings.appspot.com/ecac/49586312000118/situacao-fiscal-2026-03-10-11233811000159--1434654757235908933.pdf. Baixando via request...
2026-03-10 14:16:07 | WARNING  | __main__:extract_pendencias:224 - Não foi possível extrair débitos para 11233811000159
2026-03-10 14:16:07 | DEBUG    | __main__:extract_pendencias:168 - LINK 0: <a href="javascript:void(0)" onclick="busca_email_cadastro(&quot;16199705000110&quot;, &quot;https://storage.googleapis.com/storagescrapings.appspot.com/ecac/49586312000118/situacao-fiscal-2026-03-10-16199705000110-666365238563220107.pdf &quot;)" data-toggle="tooltip" data-placement="top" data-bs-custom-class="tooltip-inverse" class="btn btn-outline btn-outline-dashed btn-icon btn-active-light-primary w-30px h-30px me-1" aria-label="Enviar por E-mail" data-bs-original-title="Enviar por E-mail"><i class="fa-solid fa-envelope" style="color: #3e97ff;"></i></a>
2026-03-10 14:16:07 | DEBUG    | __main__:extract_pendencias:168 - LINK 1: <a href="javascript:void(0)" onclick="busca_whatsapp_cadastro(&quot;16199705000110&quot;, &quot;https://storage.googleapis.com/storagescrapings.appspot.com/ecac/49586312000118/situacao-fiscal-2026-03-10-16199705000110-666365238563220107.pdf &quot;)" data-toggle="tooltip" data-placement="top" data-bs-custom-class="tooltip-inverse" class="btn btn-outline btn-outline-dashed btn-icon btn-active-light-primary w-30px h-30px me-1" aria-label="Enviar por Whatsapp" data-bs-original-title="Enviar por Whatsapp"><i class="fa-brands fa-whatsapp" style="color: #3e97ff;"></i></a>
2026-03-10 14:16:07 | DEBUG    | __main__:extract_pendencias:168 - LINK 2: <a href="https://storage.googleapis.com/storagescrapings.appspot.com/ecac/49586312000118/situacao-fiscal-2026-03-10-16199705000110-666365238563220107.pdf" target="_blank" download="" data-toggle="tooltip" data-placement="top" data-bs-custom-class="tooltip-inverse" class="btn btn-outline btn-outline-dashed btn-icon btn-active-light-primary w-30px h-30px me-1" aria-label="Download" data-bs-original-title="Download"><i class="fa-solid fa-download" style="color: #3e97ff;"></i></a>
2026-03-10 14:16:07 | DEBUG    | __main__:extract_pendencias:168 - LINK 3: <a href="https://storage.googleapis.com/storagescrapings.appspot.com/ecac/49586312000118/situacao-fiscal-2026-03-10-16199705000110-666365238563220107.pdf" target="_blank" data-toggle="tooltip" data-placement="top" data-bs-custom-class="tooltip-inverse" class="btn btn-outline btn-outline-dashed btn-icon btn-active-light-primary w-30px h-30px me-1" aria-label="Visualizar" data-bs-original-title="Visualizar"><i class="fa-solid fa-file" style="color: #3e97ff;"></i></a>
2026-03-10 14:16:07 | DEBUG    | __main__:extract_pendencias:168 - LINK 4: <a href="javascript:ver_historico_diagnostico(&quot;16199705000110&quot; , &quot;ARCO APOIO RODOVIARIO COLETIVO SA&quot;)" class="badge badge-primary" data-container="body" data-toggle="tooltip" data-placement="top" data-bs-custom-class="tooltip-inverse" data-bs-original-title="Clique para ver o histórico">Ver</a>
2026-03-10 14:16:07 | DEBUG    | __main__:extract_pendencias:168 - LINK 5: <a class="badge badge-secondary" data-toggle="tooltip" data-placement="top" data-bs-custom-class="tooltip-inverse" style="cursor: not-allowed; background-color:#98a6ad !important; color:white;" data-bs-original-title="Não é possivel consultar, pois já existe um diagnóstico gerado hoje.">Atualizar</a>
2026-03-10 14:16:07 | INFO     | __main__:extract_pendencias:173 - Processando pendência para CNPJ: 16199705000110
2026-03-10 14:16:08 | INFO     | __main__:extract_pendencias:205 - Clicando em ATUALIZAR para 16199705000110
2026-03-10 14:16:11 | INFO     | __main__:extract_pendencias:214 - Botão Visualizar encontrado para 16199705000110. Tentando abrir...
2026-03-10 14:16:11 | INFO     | __main__:_handle_report_tab:42 - Iniciando captura de relatório...
2026-03-10 14:16:11 | DEBUG    | __main__:_handle_report_tab:46 - Verificando botão antes do clique: {'onclick': None, 'href': 'https://storage.googleapis.com/storagescrapings.appspot.com/ecac/49586312000118/situacao-fiscal-2026-03-10-16199705000110-666365238563220107.pdf', 'text': '', 'download': True}
2026-03-10 14:16:13 | INFO     | __main__:_handle_report_tab:59 - Detectado link de PDF. Tentando download direto...
2026-03-10 14:16:28 | WARNING  | __main__:_handle_report_tab:72 - Falha no download direto, tentando via aba: Timeout 15000ms exceeded while waiting for event "download"
=========================== logs ===========================
waiting for event "download"
============================================================
2026-03-10 14:16:28 | INFO     | __main__:_handle_report_tab:84 - Relatório PDF em aba: https://storage.googleapis.com/storagescrapings.appspot.com/ecac/49586312000118/situacao-fiscal-2026-03-10-16199705000110-666365238563220107.pdf. Baixando via request...
2026-03-10 14:16:28 | WARNING  | __main__:extract_pendencias:224 - Não foi possível extrair débitos para 16199705000110
2026-03-10 14:16:28 | DEBUG    | __main__:extract_pendencias:168 - LINK 0: <a href="javascript:void(0)" onclick="busca_email_cadastro(&quot;09106487000166&quot;, &quot;https://storage.googleapis.com/storagescrapings.appspot.com/ecac/49586312000118/situacao-fiscal-2026-03-10-09106487000166-5359464979467263675.pdf &quot;)" data-toggle="tooltip" data-placement="top" data-bs-custom-class="tooltip-inverse" class="btn btn-outline btn-outline-dashed btn-icon btn-active-light-primary w-30px h-30px me-1" aria-label="Enviar por E-mail" data-bs-original-title="Enviar por E-mail"><i class="fa-solid fa-envelope" style="color: #3e97ff;"></i></a>
2026-03-10 14:16:28 | DEBUG    | __main__:extract_pendencias:168 - LINK 1: <a href="javascript:void(0)" onclick="busca_whatsapp_cadastro(&quot;09106487000166&quot;, &quot;https://storage.googleapis.com/storagescrapings.appspot.com/ecac/49586312000118/situacao-fiscal-2026-03-10-09106487000166-5359464979467263675.pdf &quot;)" data-toggle="tooltip" data-placement="top" data-bs-custom-class="tooltip-inverse" class="btn btn-outline btn-outline-dashed btn-icon btn-active-light-primary w-30px h-30px me-1" aria-label="Enviar por Whatsapp" data-bs-original-title="Enviar por Whatsapp"><i class="fa-brands fa-whatsapp" style="color: #3e97ff;"></i></a>
2026-03-10 14:16:28 | DEBUG    | __main__:extract_pendencias:168 - LINK 2: <a href="https://storage.googleapis.com/storagescrapings.appspot.com/ecac/49586312000118/situacao-fiscal-2026-03-10-09106487000166-5359464979467263675.pdf" target="_blank" download="" data-toggle="tooltip" data-placement="top" data-bs-custom-class="tooltip-inverse" class="btn btn-outline btn-outline-dashed btn-icon btn-active-light-primary w-30px h-30px me-1" aria-label="Download" data-bs-original-title="Download"><i class="fa-solid fa-download" style="color: #3e97ff;"></i></a>
2026-03-10 14:16:28 | DEBUG    | __main__:extract_pendencias:168 - LINK 3: <a href="https://storage.googleapis.com/storagescrapings.appspot.com/ecac/49586312000118/situacao-fiscal-2026-03-10-09106487000166-5359464979467263675.pdf" target="_blank" data-toggle="tooltip" data-placement="top" data-bs-custom-class="tooltip-inverse" class="btn btn-outline btn-outline-dashed btn-icon btn-active-light-primary w-30px h-30px me-1" aria-label="Visualizar" data-bs-original-title="Visualizar"><i class="fa-solid fa-file" style="color: #3e97ff;"></i></a>
2026-03-10 14:16:28 | DEBUG    | __main__:extract_pendencias:168 - LINK 4: <a href="javascript:ver_historico_diagnostico(&quot;09106487000166&quot; , &quot;BAHIA FARMS INVESTIMENTOS AGRICOLAS LTDA&quot;)" class="badge badge-primary" data-container="body" data-toggle="tooltip" data-placement="top" data-bs-custom-class="tooltip-inverse" data-bs-original-title="Clique para ver o histórico">Ver</a>
2026-03-10 14:16:28 | DEBUG    | __main__:extract_pendencias:168 - LINK 5: <a class="badge badge-secondary" data-toggle="tooltip" data-placement="top" data-bs-custom-class="tooltip-inverse" style="cursor: not-allowed; background-color:#98a6ad !important; color:white;" data-bs-original-title="Não é possivel consultar, pois já existe um diagnóstico gerado hoje.">Atualizar</a>
2026-03-10 14:16:28 | INFO     | __main__:extract_pendencias:173 - Processando pendência para CNPJ: 09106487000166
2026-03-10 14:16:29 | INFO     | __main__:extract_pendencias:205 - Clicando em ATUALIZAR para 09106487000166
2026-03-10 14:16:32 | INFO     | __main__:extract_pendencias:214 - Botão Visualizar encontrado para 09106487000166. Tentando abrir...
2026-03-10 14:16:32 | INFO     | __main__:_handle_report_tab:42 - Iniciando captura de relatório...
2026-03-10 14:16:32 | DEBUG    | __main__:_handle_report_tab:46 - Verificando botão antes do clique: {'onclick': None, 'href': 'https://storage.googleapis.com/storagescrapings.appspot.com/ecac/49586312000118/situacao-fiscal-2026-03-10-09106487000166-5359464979467263675.pdf', 'text': '', 'download': True}
2026-03-10 14:16:34 | INFO     | __main__:_handle_report_tab:59 - Detectado link de PDF. Tentando download direto...
2026-03-10 14:16:49 | WARNING  | __main__:_handle_report_tab:72 - Falha no download direto, tentando via aba: Timeout 15000ms exceeded while waiting for event "download"
=========================== logs ===========================
waiting for event "download"
============================================================
2026-03-10 14:16:49 | INFO     | __main__:_handle_report_tab:84 - Relatório PDF em aba: https://storage.googleapis.com/storagescrapings.appspot.com/ecac/49586312000118/situacao-fiscal-2026-03-10-09106487000166-5359464979467263675.pdf. Baixando via request...
2026-03-10 14:16:50 | DEBUG    | __main__:extract_pendencias:168 - LINK 0: <a href="javascript:void(0)" onclick="busca_email_cadastro(&quot;09023277000104&quot;, &quot;https://storage.googleapis.com/storagescrapings.appspot.com/ecac/49586312000118/situacao-fiscal-2026-03-10-09023277000104-8160357367426442283.pdf &quot;)" data-toggle="tooltip" data-placement="top" data-bs-custom-class="tooltip-inverse" class="btn btn-outline btn-outline-dashed btn-icon btn-active-light-primary w-30px h-30px me-1" aria-label="Enviar por E-mail" data-bs-original-title="Enviar por E-mail"><i class="fa-solid fa-envelope" style="color: #3e97ff;"></i></a>
2026-03-10 14:16:50 | DEBUG    | __main__:extract_pendencias:168 - LINK 1: <a href="javascript:void(0)" onclick="busca_whatsapp_cadastro(&quot;09023277000104&quot;, &quot;https://storage.googleapis.com/storagescrapings.appspot.com/ecac/49586312000118/situacao-fiscal-2026-03-10-09023277000104-8160357367426442283.pdf &quot;)" data-toggle="tooltip" data-placement="top" data-bs-custom-class="tooltip-inverse" class="btn btn-outline btn-outline-dashed btn-icon btn-active-light-primary w-30px h-30px me-1" aria-label="Enviar por Whatsapp" data-bs-original-title="Enviar por Whatsapp"><i class="fa-brands fa-whatsapp" style="color: #3e97ff;"></i></a>
2026-03-10 14:16:50 | DEBUG    | __main__:extract_pendencias:168 - LINK 2: <a href="https://storage.googleapis.com/storagescrapings.appspot.com/ecac/49586312000118/situacao-fiscal-2026-03-10-09023277000104-8160357367426442283.pdf" target="_blank" download="" data-toggle="tooltip" data-placement="top" data-bs-custom-class="tooltip-inverse" class="btn btn-outline btn-outline-dashed btn-icon btn-active-light-primary w-30px h-30px me-1" aria-label="Download" data-bs-original-title="Download"><i class="fa-solid fa-download" style="color: #3e97ff;"></i></a>
2026-03-10 14:16:50 | DEBUG    | __main__:extract_pendencias:168 - LINK 3: <a href="https://storage.googleapis.com/storagescrapings.appspot.com/ecac/49586312000118/situacao-fiscal-2026-03-10-09023277000104-8160357367426442283.pdf" target="_blank" data-toggle="tooltip" data-placement="top" data-bs-custom-class="tooltip-inverse" class="btn btn-outline btn-outline-dashed btn-icon btn-active-light-primary w-30px h-30px me-1" aria-label="Visualizar" data-bs-original-title="Visualizar"><i class="fa-solid fa-file" style="color: #3e97ff;"></i></a>
2026-03-10 14:16:50 | DEBUG    | __main__:extract_pendencias:168 - LINK 4: <a href="javascript:ver_historico_diagnostico(&quot;09023277000104&quot; , &quot;BAHIA LAND CONSULTORIA DE NEGOCIOS E INVESTIMENTOS LTDA&quot;)" class="badge badge-primary" data-container="body" data-toggle="tooltip" data-placement="top" data-bs-custom-class="tooltip-inverse" data-bs-original-title="Clique para ver o histórico">Ver</a>
2026-03-10 14:16:50 | DEBUG    | __main__:extract_pendencias:168 - LINK 5: <a class="badge badge-secondary" data-toggle="tooltip" data-placement="top" data-bs-custom-class="tooltip-inverse" style="cursor: not-allowed; background-color:#98a6ad !important; color:white;" data-bs-original-title="Não é possivel consultar, pois já existe um diagnóstico gerado hoje.">Atualizar</a>
2026-03-10 14:16:50 | INFO     | __main__:extract_pendencias:173 - Processando pendência para CNPJ: 09023277000104
2026-03-10 14:16:51 | INFO     | __main__:extract_pendencias:205 - Clicando em ATUALIZAR para 09023277000104
2026-03-10 14:16:54 | INFO     | __main__:extract_pendencias:214 - Botão Visualizar encontrado para 09023277000104. Tentando abrir...
2026-03-10 14:16:54 | INFO     | __main__:_handle_report_tab:42 - Iniciando captura de relatório...
2026-03-10 14:16:54 | DEBUG    | __main__:_handle_report_tab:46 - Verificando botão antes do clique: {'onclick': None, 'href': 'https://storage.googleapis.com/storagescrapings.appspot.com/ecac/49586312000118/situacao-fiscal-2026-03-10-09023277000104-8160357367426442283.pdf', 'text': '', 'download': True}
2026-03-10 14:16:56 | INFO     | __main__:_handle_report_tab:59 - Detectado link de PDF. Tentando download direto...
2026-03-10 14:17:11 | WARNING  | __main__:_handle_report_tab:72 - Falha no download direto, tentando via aba: Timeout 15000ms exceeded while waiting for event "download"
=========================== logs ===========================
waiting for event "download"
============================================================
2026-03-10 14:17:11 | INFO     | __main__:_handle_report_tab:84 - Relatório PDF em aba: https://storage.googleapis.com/storagescrapings.appspot.com/ecac/49586312000118/situacao-fiscal-2026-03-10-09023277000104-8160357367426442283.pdf. Baixando via request...
2026-03-10 14:17:11 | WARNING  | __main__:extract_pendencias:224 - Não foi possível extrair débitos para 09023277000104
2026-03-10 14:17:11 | DEBUG    | __main__:extract_pendencias:168 - LINK 0: <a href="javascript:void(0)" onclick="busca_email_cadastro(&quot;06915315000145&quot;, &quot;https://storage.googleapis.com/storagescrapings.appspot.com/ecac/49586312000118/situacao-fiscal-2026-03-10-06915315000145-4069201878538756051.pdf &quot;)" data-toggle="tooltip" data-placement="top" data-bs-custom-class="tooltip-inverse" class="btn btn-outline btn-outline-dashed btn-icon btn-active-light-primary w-30px h-30px me-1" aria-label="Enviar por E-mail" data-bs-original-title="Enviar por E-mail"><i class="fa-solid fa-envelope" style="color: #3e97ff;"></i></a>
2026-03-10 14:17:11 | DEBUG    | __main__:extract_pendencias:168 - LINK 1: <a href="javascript:void(0)" onclick="busca_whatsapp_cadastro(&quot;06915315000145&quot;, &quot;https://storage.googleapis.com/storagescrapings.appspot.com/ecac/49586312000118/situacao-fiscal-2026-03-10-06915315000145-4069201878538756051.pdf &quot;)" data-toggle="tooltip" data-placement="top" data-bs-custom-class="tooltip-inverse" class="btn btn-outline btn-outline-dashed btn-icon btn-active-light-primary w-30px h-30px me-1" aria-label="Enviar por Whatsapp" data-bs-original-title="Enviar por Whatsapp"><i class="fa-brands fa-whatsapp" style="color: #3e97ff;"></i></a>
2026-03-10 14:17:11 | DEBUG    | __main__:extract_pendencias:168 - LINK 2: <a href="https://storage.googleapis.com/storagescrapings.appspot.com/ecac/49586312000118/situacao-fiscal-2026-03-10-06915315000145-4069201878538756051.pdf" target="_blank" download="" data-toggle="tooltip" data-placement="top" data-bs-custom-class="tooltip-inverse" class="btn btn-outline btn-outline-dashed btn-icon btn-active-light-primary w-30px h-30px me-1" aria-label="Download" data-bs-original-title="Download"><i class="fa-solid fa-download" style="color: #3e97ff;"></i></a>
2026-03-10 14:17:11 | DEBUG    | __main__:extract_pendencias:168 - LINK 3: <a href="https://storage.googleapis.com/storagescrapings.appspot.com/ecac/49586312000118/situacao-fiscal-2026-03-10-06915315000145-4069201878538756051.pdf" target="_blank" data-toggle="tooltip" data-placement="top" data-bs-custom-class="tooltip-inverse" class="btn btn-outline btn-outline-dashed btn-icon btn-active-light-primary w-30px h-30px me-1" aria-label="Visualizar" data-bs-original-title="Visualizar"><i class="fa-solid fa-file" style="color: #3e97ff;"></i></a>
2026-03-10 14:17:11 | DEBUG    | __main__:extract_pendencias:168 - LINK 4: <a href="javascript:ver_historico_diagnostico(&quot;06915315000145&quot; , &quot;BLANCO IMOBILIARIA E ADMINISTRADORA LTDA&quot;)" class="badge badge-primary" data-container="body" data-toggle="tooltip" data-placement="top" data-bs-custom-class="tooltip-inverse" data-bs-original-title="Clique para ver o histórico">Ver</a>
2026-03-10 14:17:11 | DEBUG    | __main__:extract_pendencias:168 - LINK 5: <a class="badge badge-secondary" data-toggle="tooltip" data-placement="top" data-bs-custom-class="tooltip-inverse" style="cursor: not-allowed; background-color:#98a6ad !important; color:white;" data-bs-original-title="Não é possivel consultar, pois já existe um diagnóstico gerado hoje.">Atualizar</a>
2026-03-10 14:17:11 | INFO     | __main__:extract_pendencias:173 - Processando pendência para CNPJ: 06915315000145
2026-03-10 14:17:13 | INFO     | __main__:extract_pendencias:205 - Clicando em ATUALIZAR para 06915315000145
2026-03-10 14:17:16 | INFO     | __main__:extract_pendencias:214 - Botão Visualizar encontrado para 06915315000145. Tentando abrir...
2026-03-10 14:17:16 | INFO     | __main__:_handle_report_tab:42 - Iniciando captura de relatório...
2026-03-10 14:17:16 | DEBUG    | __main__:_handle_report_tab:46 - Verificando botão antes do clique: {'onclick': None, 'href': 'https://storage.googleapis.com/storagescrapings.appspot.com/ecac/49586312000118/situacao-fiscal-2026-03-10-06915315000145-4069201878538756051.pdf', 'text': '', 'download': True}
2026-03-10 14:17:17 | INFO     | __main__:_handle_report_tab:59 - Detectado link de PDF. Tentando download direto...
2026-03-10 14:17:32 | WARNING  | __main__:_handle_report_tab:72 - Falha no download direto, tentando via aba: Timeout 15000ms exceeded while waiting for event "download"
=========================== logs ===========================
waiting for event "download"
============================================================
2026-03-10 14:17:32 | INFO     | __main__:_handle_report_tab:84 - Relatório PDF em aba: https://storage.googleapis.com/storagescrapings.appspot.com/ecac/49586312000118/situacao-fiscal-2026-03-10-06915315000145-4069201878538756051.pdf. Baixando via request...
2026-03-10 14:17:36 | INFO     | __main__:extract_pendencias:118 - Iniciando Playwright (headless=False)
2026-03-10 14:17:37 | INFO     | __main__:_login:21 - Navegando para o login em https://49586312000118.veri.com.br//login
2026-03-10 14:17:39 | INFO     | __main__:_login:24 - Inserindo credenciais...
2026-03-10 14:17:40 | INFO     | __main__:_login:34 - Aguardando carregamento da área restrita...
2026-03-10 14:17:46 | SUCCESS  | __main__:_login:37 - Logado com sucesso (aparentemente).
2026-03-10 14:17:46 | INFO     | __main__:extract_pendencias:131 - Procurando botão 'Agora não' do modal inicial...
2026-03-10 14:17:46 | INFO     | __main__:extract_pendencias:138 - Modal fechado.
2026-03-10 14:17:46 | INFO     | __main__:extract_pendencias:143 - Expandindo menu e acessando Dashboard Federal...
2026-03-10 14:17:47 | INFO     | __main__:extract_pendencias:151 - Clicando em Dashboard Federal (link)...
2026-03-10 14:17:48 | INFO     | __main__:extract_pendencias:156 - Localizando card de Diagnóstico Fiscal PJ...
2026-03-10 14:17:50 | INFO     | __main__:extract_pendencias:164 - Aguardando carregar a tabela de Situação Fiscal...
2026-03-10 14:17:51 | INFO     | __main__:extract_pendencias:169 - Processando 52 possíveis linhas...
2026-03-10 14:17:51 | DEBUG    | __main__:extract_pendencias:178 - LINK 0: <a href="javascript:void(0)" onclick="busca_email_cadastro(&quot;62652792000136&quot;, &quot;https://storage.googleapis.com/storagescrapings.appspot.com/ecac/49586312000118/situacao-fiscal-2026-03-10-62652792000136-5012149576248263428.pdf &quot;)" data-toggle="tooltip" data-placement="top" data-bs-custom-class="tooltip-inverse" class="btn btn-outline btn-outline-dashed btn-icon btn-active-light-primary w-30px h-30px me-1" aria-label="Enviar por E-mail" data-bs-original-title="Enviar por E-mail"><i class="fa-solid fa-envelope" style="color: #3e97ff;"></i></a>
2026-03-10 14:17:51 | DEBUG    | __main__:extract_pendencias:178 - LINK 1: <a href="javascript:void(0)" onclick="busca_whatsapp_cadastro(&quot;62652792000136&quot;, &quot;https://storage.googleapis.com/storagescrapings.appspot.com/ecac/49586312000118/situacao-fiscal-2026-03-10-62652792000136-5012149576248263428.pdf &quot;)" data-toggle="tooltip" data-placement="top" data-bs-custom-class="tooltip-inverse" class="btn btn-outline btn-outline-dashed btn-icon btn-active-light-primary w-30px h-30px me-1" aria-label="Enviar por Whatsapp" data-bs-original-title="Enviar por Whatsapp"><i class="fa-brands fa-whatsapp" style="color: #3e97ff;"></i></a>
2026-03-10 14:17:51 | DEBUG    | __main__:extract_pendencias:178 - LINK 2: <a href="https://storage.googleapis.com/storagescrapings.appspot.com/ecac/49586312000118/situacao-fiscal-2026-03-10-62652792000136-5012149576248263428.pdf" target="_blank" download="" data-toggle="tooltip" data-placement="top" data-bs-custom-class="tooltip-inverse" class="btn btn-outline btn-outline-dashed btn-icon btn-active-light-primary w-30px h-30px me-1" aria-label="Download" data-bs-original-title="Download"><i class="fa-solid fa-download" style="color: #3e97ff;"></i></a>
2026-03-10 14:17:51 | DEBUG    | __main__:extract_pendencias:178 - LINK 3: <a href="https://storage.googleapis.com/storagescrapings.appspot.com/ecac/49586312000118/situacao-fiscal-2026-03-10-62652792000136-5012149576248263428.pdf" target="_blank" data-toggle="tooltip" data-placement="top" data-bs-custom-class="tooltip-inverse" class="btn btn-outline btn-outline-dashed btn-icon btn-active-light-primary w-30px h-30px me-1" aria-label="Visualizar" data-bs-original-title="Visualizar"><i class="fa-solid fa-file" style="color: #3e97ff;"></i></a>
2026-03-10 14:17:51 | DEBUG    | __main__:extract_pendencias:178 - LINK 4: <a href="javascript:ver_historico_diagnostico(&quot;62652792000136&quot; , &quot;AG VINHOS E GASTRONOMIA LTDA&quot;)" class="badge badge-primary" data-container="body" data-toggle="tooltip" data-placement="top" data-bs-custom-class="tooltip-inverse" data-bs-original-title="Clique para ver o histórico">Ver</a>
2026-03-10 14:17:51 | DEBUG    | __main__:extract_pendencias:178 - LINK 5: <a class="badge badge-secondary" data-toggle="tooltip" data-placement="top" data-bs-custom-class="tooltip-inverse" style="cursor: not-allowed; background-color:#98a6ad !important; color:white;" data-bs-original-title="Não é possivel consultar, pois já existe um diagnóstico gerado hoje.">Atualizar</a>
2026-03-10 14:17:51 | INFO     | __main__:extract_pendencias:183 - Processando pendência para CNPJ: 62652792000136
2026-03-10 14:17:52 | INFO     | __main__:extract_pendencias:215 - Clicando em ATUALIZAR para 62652792000136
2026-03-10 14:17:55 | INFO     | __main__:extract_pendencias:224 - Botão Visualizar encontrado para 62652792000136. Tentando abrir...
2026-03-10 14:17:55 | INFO     | __main__:_handle_report_tab:42 - Iniciando captura de relatório...
2026-03-10 14:17:55 | DEBUG    | __main__:_handle_report_tab:46 - Verificando botão antes do clique: {'onclick': None, 'href': 'https://storage.googleapis.com/storagescrapings.appspot.com/ecac/49586312000118/situacao-fiscal-2026-03-10-62652792000136-5012149576248263428.pdf', 'text': '', 'download': True}
2026-03-10 14:17:55 | INFO     | __main__:_handle_report_tab:59 - Detectado link de PDF. Tentando download direto...
2026-03-10 14:18:10 | WARNING  | __main__:_handle_report_tab:72 - Falha no download direto, tentando via aba: Timeout 15000ms exceeded while waiting for event "download"
=========================== logs ===========================
waiting for event "download"
============================================================
2026-03-10 14:18:10 | INFO     | __main__:_handle_report_tab:84 - Relatório PDF em aba: https://storage.googleapis.com/storagescrapings.appspot.com/ecac/49586312000118/situacao-fiscal-2026-03-10-62652792000136-5012149576248263428.pdf. Baixando via request...
2026-03-10 14:18:11 | INFO     | __main__:_handle_report_tab:103 - Texto extraído (3349 chars). Analisando débitos...
2026-03-10 14:18:11 | DEBUG    | __main__:extract_pendencias:178 - LINK 0: <a href="javascript:void(0)" onclick="busca_email_cadastro(&quot;11233811000159&quot;, &quot;https://storage.googleapis.com/storagescrapings.appspot.com/ecac/49586312000118/situacao-fiscal-2026-03-10-11233811000159--1434654757235908933.pdf &quot;)" data-toggle="tooltip" data-placement="top" data-bs-custom-class="tooltip-inverse" class="btn btn-outline btn-outline-dashed btn-icon btn-active-light-primary w-30px h-30px me-1" aria-label="Enviar por E-mail" data-bs-original-title="Enviar por E-mail"><i class="fa-solid fa-envelope" style="color: #3e97ff;"></i></a>
2026-03-10 14:18:11 | DEBUG    | __main__:extract_pendencias:178 - LINK 1: <a href="javascript:void(0)" onclick="busca_whatsapp_cadastro(&quot;11233811000159&quot;, &quot;https://storage.googleapis.com/storagescrapings.appspot.com/ecac/49586312000118/situacao-fiscal-2026-03-10-11233811000159--1434654757235908933.pdf &quot;)" data-toggle="tooltip" data-placement="top" data-bs-custom-class="tooltip-inverse" class="btn btn-outline btn-outline-dashed btn-icon btn-active-light-primary w-30px h-30px me-1" aria-label="Enviar por Whatsapp" data-bs-original-title="Enviar por Whatsapp"><i class="fa-brands fa-whatsapp" style="color: #3e97ff;"></i></a>
2026-03-10 14:18:11 | DEBUG    | __main__:extract_pendencias:178 - LINK 2: <a href="https://storage.googleapis.com/storagescrapings.appspot.com/ecac/49586312000118/situacao-fiscal-2026-03-10-11233811000159--1434654757235908933.pdf" target="_blank" download="" data-toggle="tooltip" data-placement="top" data-bs-custom-class="tooltip-inverse" class="btn btn-outline btn-outline-dashed btn-icon btn-active-light-primary w-30px h-30px me-1" aria-label="Download" data-bs-original-title="Download"><i class="fa-solid fa-download" style="color: #3e97ff;"></i></a>
2026-03-10 14:18:11 | DEBUG    | __main__:extract_pendencias:178 - LINK 3: <a href="https://storage.googleapis.com/storagescrapings.appspot.com/ecac/49586312000118/situacao-fiscal-2026-03-10-11233811000159--1434654757235908933.pdf" target="_blank" data-toggle="tooltip" data-placement="top" data-bs-custom-class="tooltip-inverse" class="btn btn-outline btn-outline-dashed btn-icon btn-active-light-primary w-30px h-30px me-1" aria-label="Visualizar" data-bs-original-title="Visualizar"><i class="fa-solid fa-file" style="color: #3e97ff;"></i></a>
2026-03-10 14:18:11 | DEBUG    | __main__:extract_pendencias:178 - LINK 4: <a href="javascript:ver_historico_diagnostico(&quot;11233811000159&quot; , &quot;ANJU PARICIPACOES LIMITADA&quot;)" class="badge badge-primary" data-container="body" data-toggle="tooltip" data-placement="top" data-bs-custom-class="tooltip-inverse" data-bs-original-title="Clique para ver o histórico">Ver</a>
2026-03-10 14:18:11 | DEBUG    | __main__:extract_pendencias:178 - LINK 5: <a class="badge badge-secondary" data-toggle="tooltip" data-placement="top" data-bs-custom-class="tooltip-inverse" style="cursor: not-allowed; background-color:#98a6ad !important; color:white;" data-bs-original-title="Não é possivel consultar, pois já existe um diagnóstico gerado hoje.">Atualizar</a>
2026-03-10 14:18:11 | INFO     | __main__:extract_pendencias:183 - Processando pendência para CNPJ: 11233811000159
2026-03-10 14:18:12 | INFO     | __main__:extract_pendencias:215 - Clicando em ATUALIZAR para 11233811000159
2026-03-10 14:18:15 | INFO     | __main__:extract_pendencias:224 - Botão Visualizar encontrado para 11233811000159. Tentando abrir...
2026-03-10 14:18:15 | INFO     | __main__:_handle_report_tab:42 - Iniciando captura de relatório...
2026-03-10 14:18:15 | DEBUG    | __main__:_handle_report_tab:46 - Verificando botão antes do clique: {'onclick': None, 'href': 'https://storage.googleapis.com/storagescrapings.appspot.com/ecac/49586312000118/situacao-fiscal-2026-03-10-11233811000159--1434654757235908933.pdf', 'text': '', 'download': True}
2026-03-10 14:18:17 | INFO     | __main__:_handle_report_tab:59 - Detectado link de PDF. Tentando download direto...
2026-03-10 14:18:32 | WARNING  | __main__:_handle_report_tab:72 - Falha no download direto, tentando via aba: Timeout 15000ms exceeded while waiting for event "download"
=========================== logs ===========================
waiting for event "download"
============================================================
2026-03-10 14:18:33 | INFO     | __main__:_handle_report_tab:84 - Relatório PDF em aba: https://storage.googleapis.com/storagescrapings.appspot.com/ecac/49586312000118/situacao-fiscal-2026-03-10-11233811000159--1434654757235908933.pdf. Baixando via request...
2026-03-10 14:18:33 | INFO     | __main__:_handle_report_tab:103 - Texto extraído (2102 chars). Analisando débitos...
2026-03-10 14:18:33 | WARNING  | __main__:_handle_report_tab:107 - SiefParser não encontrou débitos no texto. Primeiros 200 chars: MINISTÉRIO DA ECONOMIA Por meio do Integra Contador
SECRETARIA ESPECIAL DA RECEITA FEDERAL DO BRASIL Autor pedido: 49.586.312/0001-18. Contratante: 28.408.293/0001-60
PROCURADORIA-GERAL DA FAZENDA NAC
2026-03-10 14:18:33 | WARNING  | __main__:extract_pendencias:234 - Não foi possível extrair débitos para 11233811000159
2026-03-10 14:18:33 | DEBUG    | __main__:extract_pendencias:178 - LINK 0: <a href="javascript:void(0)" onclick="busca_email_cadastro(&quot;16199705000110&quot;, &quot;https://storage.googleapis.com/storagescrapings.appspot.com/ecac/49586312000118/situacao-fiscal-2026-03-10-16199705000110-666365238563220107.pdf &quot;)" data-toggle="tooltip" data-placement="top" data-bs-custom-class="tooltip-inverse" class="btn btn-outline btn-outline-dashed btn-icon btn-active-light-primary w-30px h-30px me-1" aria-label="Enviar por E-mail" data-bs-original-title="Enviar por E-mail"><i class="fa-solid fa-envelope" style="color: #3e97ff;"></i></a>
2026-03-10 14:18:33 | DEBUG    | __main__:extract_pendencias:178 - LINK 1: <a href="javascript:void(0)" onclick="busca_whatsapp_cadastro(&quot;16199705000110&quot;, &quot;https://storage.googleapis.com/storagescrapings.appspot.com/ecac/49586312000118/situacao-fiscal-2026-03-10-16199705000110-666365238563220107.pdf &quot;)" data-toggle="tooltip" data-placement="top" data-bs-custom-class="tooltip-inverse" class="btn btn-outline btn-outline-dashed btn-icon btn-active-light-primary w-30px h-30px me-1" aria-label="Enviar por Whatsapp" data-bs-original-title="Enviar por Whatsapp"><i class="fa-brands fa-whatsapp" style="color: #3e97ff;"></i></a>
2026-03-10 14:18:33 | DEBUG    | __main__:extract_pendencias:178 - LINK 2: <a href="https://storage.googleapis.com/storagescrapings.appspot.com/ecac/49586312000118/situacao-fiscal-2026-03-10-16199705000110-666365238563220107.pdf" target="_blank" download="" data-toggle="tooltip" data-placement="top" data-bs-custom-class="tooltip-inverse" class="btn btn-outline btn-outline-dashed btn-icon btn-active-light-primary w-30px h-30px me-1" aria-label="Download" data-bs-original-title="Download"><i class="fa-solid fa-download" style="color: #3e97ff;"></i></a>
2026-03-10 14:18:33 | DEBUG    | __main__:extract_pendencias:178 - LINK 3: <a href="https://storage.googleapis.com/storagescrapings.appspot.com/ecac/49586312000118/situacao-fiscal-2026-03-10-16199705000110-666365238563220107.pdf" target="_blank" data-toggle="tooltip" data-placement="top" data-bs-custom-class="tooltip-inverse" class="btn btn-outline btn-outline-dashed btn-icon btn-active-light-primary w-30px h-30px me-1" aria-label="Visualizar" data-bs-original-title="Visualizar"><i class="fa-solid fa-file" style="color: #3e97ff;"></i></a>
2026-03-10 14:18:33 | DEBUG    | __main__:extract_pendencias:178 - LINK 4: <a href="javascript:ver_historico_diagnostico(&quot;16199705000110&quot; , &quot;ARCO APOIO RODOVIARIO COLETIVO SA&quot;)" class="badge badge-primary" data-container="body" data-toggle="tooltip" data-placement="top" data-bs-custom-class="tooltip-inverse" data-bs-original-title="Clique para ver o histórico">Ver</a>
2026-03-10 14:18:33 | DEBUG    | __main__:extract_pendencias:178 - LINK 5: <a class="badge badge-secondary" data-toggle="tooltip" data-placement="top" data-bs-custom-class="tooltip-inverse" style="cursor: not-allowed; background-color:#98a6ad !important; color:white;" data-bs-original-title="Não é possivel consultar, pois já existe um diagnóstico gerado hoje.">Atualizar</a>
2026-03-10 14:18:33 | INFO     | __main__:extract_pendencias:183 - Processando pendência para CNPJ: 16199705000110
2026-03-10 14:18:34 | INFO     | __main__:extract_pendencias:215 - Clicando em ATUALIZAR para 16199705000110
2026-03-10 14:18:37 | INFO     | __main__:extract_pendencias:224 - Botão Visualizar encontrado para 16199705000110. Tentando abrir...
2026-03-10 14:18:37 | INFO     | __main__:_handle_report_tab:42 - Iniciando captura de relatório...
2026-03-10 14:18:37 | DEBUG    | __main__:_handle_report_tab:46 - Verificando botão antes do clique: {'onclick': None, 'href': 'https://storage.googleapis.com/storagescrapings.appspot.com/ecac/49586312000118/situacao-fiscal-2026-03-10-16199705000110-666365238563220107.pdf', 'text': '', 'download': True}
2026-03-10 14:18:39 | INFO     | __main__:_handle_report_tab:59 - Detectado link de PDF. Tentando download direto...
2026-03-10 14:18:54 | WARNING  | __main__:_handle_report_tab:72 - Falha no download direto, tentando via aba: Timeout 15000ms exceeded while waiting for event "download"
=========================== logs ===========================
waiting for event "download"
============================================================
2026-03-10 14:18:55 | INFO     | __main__:_handle_report_tab:84 - Relatório PDF em aba: https://storage.googleapis.com/storagescrapings.appspot.com/ecac/49586312000118/situacao-fiscal-2026-03-10-16199705000110-666365238563220107.pdf. Baixando via request...
2026-03-10 14:18:55 | INFO     | __main__:_handle_report_tab:103 - Texto extraído (2219 chars). Analisando débitos...
2026-03-10 14:18:55 | WARNING  | __main__:_handle_report_tab:107 - SiefParser não encontrou débitos no texto. Primeiros 200 chars: MINISTÉRIO DA ECONOMIA Por meio do Integra Contador
SECRETARIA ESPECIAL DA RECEITA FEDERAL DO BRASIL Autor pedido: 49.586.312/0001-18. Contratante: 28.408.293/0001-60
PROCURADORIA-GERAL DA FAZENDA NAC
2026-03-10 14:18:55 | WARNING  | __main__:extract_pendencias:234 - Não foi possível extrair débitos para 16199705000110
2026-03-10 14:18:55 | DEBUG    | __main__:extract_pendencias:178 - LINK 0: <a href="javascript:void(0)" onclick="busca_email_cadastro(&quot;09106487000166&quot;, &quot;https://storage.googleapis.com/storagescrapings.appspot.com/ecac/49586312000118/situacao-fiscal-2026-03-10-09106487000166-5359464979467263675.pdf &quot;)" data-toggle="tooltip" data-placement="top" data-bs-custom-class="tooltip-inverse" class="btn btn-outline btn-outline-dashed btn-icon btn-active-light-primary w-30px h-30px me-1" aria-label="Enviar por E-mail" data-bs-original-title="Enviar por E-mail"><i class="fa-solid fa-envelope" style="color: #3e97ff;"></i></a>
2026-03-10 14:18:55 | DEBUG    | __main__:extract_pendencias:178 - LINK 1: <a href="javascript:void(0)" onclick="busca_whatsapp_cadastro(&quot;09106487000166&quot;, &quot;https://storage.googleapis.com/storagescrapings.appspot.com/ecac/49586312000118/situacao-fiscal-2026-03-10-09106487000166-5359464979467263675.pdf &quot;)" data-toggle="tooltip" data-placement="top" data-bs-custom-class="tooltip-inverse" class="btn btn-outline btn-outline-dashed btn-icon btn-active-light-primary w-30px h-30px me-1" aria-label="Enviar por Whatsapp" data-bs-original-title="Enviar por Whatsapp"><i class="fa-brands fa-whatsapp" style="color: #3e97ff;"></i></a>
2026-03-10 14:18:55 | DEBUG    | __main__:extract_pendencias:178 - LINK 2: <a href="https://storage.googleapis.com/storagescrapings.appspot.com/ecac/49586312000118/situacao-fiscal-2026-03-10-09106487000166-5359464979467263675.pdf" target="_blank" download="" data-toggle="tooltip" data-placement="top" data-bs-custom-class="tooltip-inverse" class="btn btn-outline btn-outline-dashed btn-icon btn-active-light-primary w-30px h-30px me-1" aria-label="Download" data-bs-original-title="Download"><i class="fa-solid fa-download" style="color: #3e97ff;"></i></a>
2026-03-10 14:18:55 | DEBUG    | __main__:extract_pendencias:178 - LINK 3: <a href="https://storage.googleapis.com/storagescrapings.appspot.com/ecac/49586312000118/situacao-fiscal-2026-03-10-09106487000166-5359464979467263675.pdf" target="_blank" data-toggle="tooltip" data-placement="top" data-bs-custom-class="tooltip-inverse" class="btn btn-outline btn-outline-dashed btn-icon btn-active-light-primary w-30px h-30px me-1" aria-label="Visualizar" data-bs-original-title="Visualizar"><i class="fa-solid fa-file" style="color: #3e97ff;"></i></a>
2026-03-10 14:18:55 | DEBUG    | __main__:extract_pendencias:178 - LINK 4: <a href="javascript:ver_historico_diagnostico(&quot;09106487000166&quot; , &quot;BAHIA FARMS INVESTIMENTOS AGRICOLAS LTDA&quot;)" class="badge badge-primary" data-container="body" data-toggle="tooltip" data-placement="top" data-bs-custom-class="tooltip-inverse" data-bs-original-title="Clique para ver o histórico">Ver</a>
2026-03-10 14:18:55 | DEBUG    | __main__:extract_pendencias:178 - LINK 5: <a class="badge badge-secondary" data-toggle="tooltip" data-placement="top" data-bs-custom-class="tooltip-inverse" style="cursor: not-allowed; background-color:#98a6ad !important; color:white;" data-bs-original-title="Não é possivel consultar, pois já existe um diagnóstico gerado hoje.">Atualizar</a>
2026-03-10 14:18:55 | INFO     | __main__:extract_pendencias:183 - Processando pendência para CNPJ: 09106487000166
2026-03-10 14:18:56 | INFO     | __main__:extract_pendencias:215 - Clicando em ATUALIZAR para 09106487000166
2026-03-10 14:18:59 | INFO     | __main__:extract_pendencias:224 - Botão Visualizar encontrado para 09106487000166. Tentando abrir...
2026-03-10 14:18:59 | INFO     | __main__:_handle_report_tab:42 - Iniciando captura de relatório...
2026-03-10 14:18:59 | DEBUG    | __main__:_handle_report_tab:46 - Verificando botão antes do clique: {'onclick': None, 'href': 'https://storage.googleapis.com/storagescrapings.appspot.com/ecac/49586312000118/situacao-fiscal-2026-03-10-09106487000166-5359464979467263675.pdf', 'text': '', 'download': True}
2026-03-10 14:19:00 | INFO     | __main__:_handle_report_tab:59 - Detectado link de PDF. Tentando download direto...
2026-03-10 14:19:15 | WARNING  | __main__:_handle_report_tab:72 - Falha no download direto, tentando via aba: Timeout 15000ms exceeded while waiting for event "download"
=========================== logs ===========================
waiting for event "download"
============================================================
2026-03-10 14:19:16 | INFO     | __main__:_handle_report_tab:84 - Relatório PDF em aba: https://storage.googleapis.com/storagescrapings.appspot.com/ecac/49586312000118/situacao-fiscal-2026-03-10-09106487000166-5359464979467263675.pdf. Baixando via request...
2026-03-10 14:19:17 | INFO     | __main__:_handle_report_tab:103 - Texto extraído (16952 chars). Analisando débitos...
2026-03-10 14:19:17 | DEBUG    | __main__:extract_pendencias:178 - LINK 0: <a href="javascript:void(0)" onclick="busca_email_cadastro(&quot;09023277000104&quot;, &quot;https://storage.googleapis.com/storagescrapings.appspot.com/ecac/49586312000118/situacao-fiscal-2026-03-10-09023277000104-8160357367426442283.pdf &quot;)" data-toggle="tooltip" data-placement="top" data-bs-custom-class="tooltip-inverse" class="btn btn-outline btn-outline-dashed btn-icon btn-active-light-primary w-30px h-30px me-1" aria-label="Enviar por E-mail" data-bs-original-title="Enviar por E-mail"><i class="fa-solid fa-envelope" style="color: #3e97ff;"></i></a>
2026-03-10 14:19:17 | DEBUG    | __main__:extract_pendencias:178 - LINK 1: <a href="javascript:void(0)" onclick="busca_whatsapp_cadastro(&quot;09023277000104&quot;, &quot;https://storage.googleapis.com/storagescrapings.appspot.com/ecac/49586312000118/situacao-fiscal-2026-03-10-09023277000104-8160357367426442283.pdf &quot;)" data-toggle="tooltip" data-placement="top" data-bs-custom-class="tooltip-inverse" class="btn btn-outline btn-outline-dashed btn-icon btn-active-light-primary w-30px h-30px me-1" aria-label="Enviar por Whatsapp" data-bs-original-title="Enviar por Whatsapp"><i class="fa-brands fa-whatsapp" style="color: #3e97ff;"></i></a>
2026-03-10 14:19:17 | DEBUG    | __main__:extract_pendencias:178 - LINK 2: <a href="https://storage.googleapis.com/storagescrapings.appspot.com/ecac/49586312000118/situacao-fiscal-2026-03-10-09023277000104-8160357367426442283.pdf" target="_blank" download="" data-toggle="tooltip" data-placement="top" data-bs-custom-class="tooltip-inverse" class="btn btn-outline btn-outline-dashed btn-icon btn-active-light-primary w-30px h-30px me-1" aria-label="Download" data-bs-original-title="Download"><i class="fa-solid fa-download" style="color: #3e97ff;"></i></a>
2026-03-10 14:19:17 | DEBUG    | __main__:extract_pendencias:178 - LINK 3: <a href="https://storage.googleapis.com/storagescrapings.appspot.com/ecac/49586312000118/situacao-fiscal-2026-03-10-09023277000104-8160357367426442283.pdf" target="_blank" data-toggle="tooltip" data-placement="top" data-bs-custom-class="tooltip-inverse" class="btn btn-outline btn-outline-dashed btn-icon btn-active-light-primary w-30px h-30px me-1" aria-label="Visualizar" data-bs-original-title="Visualizar"><i class="fa-solid fa-file" style="color: #3e97ff;"></i></a>
2026-03-10 14:19:17 | DEBUG    | __main__:extract_pendencias:178 - LINK 4: <a href="javascript:ver_historico_diagnostico(&quot;09023277000104&quot; , &quot;BAHIA LAND CONSULTORIA DE NEGOCIOS E INVESTIMENTOS LTDA&quot;)" class="badge badge-primary" data-container="body" data-toggle="tooltip" data-placement="top" data-bs-custom-class="tooltip-inverse" data-bs-original-title="Clique para ver o histórico">Ver</a>
2026-03-10 14:19:17 | DEBUG    | __main__:extract_pendencias:178 - LINK 5: <a class="badge badge-secondary" data-toggle="tooltip" data-placement="top" data-bs-custom-class="tooltip-inverse" style="cursor: not-allowed; background-color:#98a6ad !important; color:white;" data-bs-original-title="Não é possivel consultar, pois já existe um diagnóstico gerado hoje.">Atualizar</a>
2026-03-10 14:19:17 | INFO     | __main__:extract_pendencias:183 - Processando pendência para CNPJ: 09023277000104
2026-03-10 14:19:18 | INFO     | __main__:extract_pendencias:215 - Clicando em ATUALIZAR para 09023277000104
2026-03-10 14:19:21 | INFO     | __main__:extract_pendencias:224 - Botão Visualizar encontrado para 09023277000104. Tentando abrir...
2026-03-10 14:19:21 | INFO     | __main__:_handle_report_tab:42 - Iniciando captura de relatório...
2026-03-10 14:19:21 | DEBUG    | __main__:_handle_report_tab:46 - Verificando botão antes do clique: {'onclick': None, 'href': 'https://storage.googleapis.com/storagescrapings.appspot.com/ecac/49586312000118/situacao-fiscal-2026-03-10-09023277000104-8160357367426442283.pdf', 'text': '', 'download': True}
2026-03-10 14:19:23 | INFO     | __main__:_handle_report_tab:59 - Detectado link de PDF. Tentando download direto...
2026-03-10 14:19:38 | WARNING  | __main__:_handle_report_tab:72 - Falha no download direto, tentando via aba: Timeout 15000ms exceeded while waiting for event "download"
=========================== logs ===========================
waiting for event "download"
============================================================
2026-03-10 14:19:38 | INFO     | __main__:_handle_report_tab:84 - Relatório PDF em aba: https://storage.googleapis.com/storagescrapings.appspot.com/ecac/49586312000118/situacao-fiscal-2026-03-10-09023277000104-8160357367426442283.pdf. Baixando via request...
2026-03-10 14:19:38 | INFO     | __main__:_handle_report_tab:103 - Texto extraído (2385 chars). Analisando débitos...
2026-03-10 14:19:38 | WARNING  | __main__:_handle_report_tab:107 - SiefParser não encontrou débitos no texto. Primeiros 200 chars: MINISTÉRIO DA ECONOMIA Por meio do Integra Contador
SECRETARIA ESPECIAL DA RECEITA FEDERAL DO BRASIL Autor pedido: 49.586.312/0001-18. Contratante: 28.408.293/0001-60
PROCURADORIA-GERAL DA FAZENDA NAC
2026-03-10 14:19:38 | WARNING  | __main__:extract_pendencias:234 - Não foi possível extrair débitos para 09023277000104
2026-03-10 14:19:38 | DEBUG    | __main__:extract_pendencias:178 - LINK 0: <a href="javascript:void(0)" onclick="busca_email_cadastro(&quot;06915315000145&quot;, &quot;https://storage.googleapis.com/storagescrapings.appspot.com/ecac/49586312000118/situacao-fiscal-2026-03-10-06915315000145-4069201878538756051.pdf &quot;)" data-toggle="tooltip" data-placement="top" data-bs-custom-class="tooltip-inverse" class="btn btn-outline btn-outline-dashed btn-icon btn-active-light-primary w-30px h-30px me-1" aria-label="Enviar por E-mail" data-bs-original-title="Enviar por E-mail"><i class="fa-solid fa-envelope" style="color: #3e97ff;"></i></a>
2026-03-10 14:19:38 | DEBUG    | __main__:extract_pendencias:178 - LINK 1: <a href="javascript:void(0)" onclick="busca_whatsapp_cadastro(&quot;06915315000145&quot;, &quot;https://storage.googleapis.com/storagescrapings.appspot.com/ecac/49586312000118/situacao-fiscal-2026-03-10-06915315000145-4069201878538756051.pdf &quot;)" data-toggle="tooltip" data-placement="top" data-bs-custom-class="tooltip-inverse" class="btn btn-outline btn-outline-dashed btn-icon btn-active-light-primary w-30px h-30px me-1" aria-label="Enviar por Whatsapp" data-bs-original-title="Enviar por Whatsapp"><i class="fa-brands fa-whatsapp" style="color: #3e97ff;"></i></a>
2026-03-10 14:19:38 | DEBUG    | __main__:extract_pendencias:178 - LINK 2: <a href="https://storage.googleapis.com/storagescrapings.appspot.com/ecac/49586312000118/situacao-fiscal-2026-03-10-06915315000145-4069201878538756051.pdf" target="_blank" download="" data-toggle="tooltip" data-placement="top" data-bs-custom-class="tooltip-inverse" class="btn btn-outline btn-outline-dashed btn-icon btn-active-light-primary w-30px h-30px me-1" aria-label="Download" data-bs-original-title="Download"><i class="fa-solid fa-download" style="color: #3e97ff;"></i></a>
2026-03-10 14:19:38 | DEBUG    | __main__:extract_pendencias:178 - LINK 3: <a href="https://storage.googleapis.com/storagescrapings.appspot.com/ecac/49586312000118/situacao-fiscal-2026-03-10-06915315000145-4069201878538756051.pdf" target="_blank" data-toggle="tooltip" data-placement="top" data-bs-custom-class="tooltip-inverse" class="btn btn-outline btn-outline-dashed btn-icon btn-active-light-primary w-30px h-30px me-1" aria-label="Visualizar" data-bs-original-title="Visualizar"><i class="fa-solid fa-file" style="color: #3e97ff;"></i></a>
2026-03-10 14:19:38 | DEBUG    | __main__:extract_pendencias:178 - LINK 4: <a href="javascript:ver_historico_diagnostico(&quot;06915315000145&quot; , &quot;BLANCO IMOBILIARIA E ADMINISTRADORA LTDA&quot;)" class="badge badge-primary" data-container="body" data-toggle="tooltip" data-placement="top" data-bs-custom-class="tooltip-inverse" data-bs-original-title="Clique para ver o histórico">Ver</a>
2026-03-10 14:19:39 | DEBUG    | __main__:extract_pendencias:178 - LINK 5: <a class="badge badge-secondary" data-toggle="tooltip" data-placement="top" data-bs-custom-class="tooltip-inverse" style="cursor: not-allowed; background-color:#98a6ad !important; color:white;" data-bs-original-title="Não é possivel consultar, pois já existe um diagnóstico gerado hoje.">Atualizar</a>
2026-03-10 14:19:39 | INFO     | __main__:extract_pendencias:183 - Processando pendência para CNPJ: 06915315000145
2026-03-10 14:19:40 | INFO     | __main__:extract_pendencias:215 - Clicando em ATUALIZAR para 06915315000145
2026-03-10 14:19:43 | INFO     | __main__:extract_pendencias:224 - Botão Visualizar encontrado para 06915315000145. Tentando abrir...
2026-03-10 14:19:43 | INFO     | __main__:_handle_report_tab:42 - Iniciando captura de relatório...
2026-03-10 14:19:43 | DEBUG    | __main__:_handle_report_tab:46 - Verificando botão antes do clique: {'onclick': None, 'href': 'https://storage.googleapis.com/storagescrapings.appspot.com/ecac/49586312000118/situacao-fiscal-2026-03-10-06915315000145-4069201878538756051.pdf', 'text': '', 'download': True}
2026-03-10 14:19:45 | INFO     | __main__:_handle_report_tab:59 - Detectado link de PDF. Tentando download direto...
2026-03-10 14:42:56 | INFO     | __main__:extract_pendencias:118 - Iniciando Playwright (headless=False)
2026-03-10 14:42:57 | INFO     | __main__:_login:21 - Navegando para o login em https://49586312000118.veri.com.br//login
2026-03-10 14:42:59 | INFO     | __main__:_login:24 - Inserindo credenciais...
2026-03-10 14:43:01 | INFO     | __main__:_login:34 - Aguardando carregamento da área restrita...
2026-03-10 14:43:07 | SUCCESS  | __main__:_login:37 - Logado com sucesso (aparentemente).
2026-03-10 14:43:07 | INFO     | __main__:extract_pendencias:131 - Procurando botão 'Agora não' do modal inicial...
2026-03-10 14:43:07 | INFO     | __main__:extract_pendencias:138 - Modal fechado.
2026-03-10 14:43:07 | INFO     | __main__:extract_pendencias:143 - Acessando lista geral de situação fiscal...
2026-03-10 14:43:09 | INFO     | __main__:extract_pendencias:149 - Processando página 1...
2026-03-10 14:43:09 | INFO     | __main__:extract_pendencias:152 - Aguardando carregar a tabela de Situação Fiscal...
2026-03-10 14:43:09 | INFO     | __main__:extract_pendencias:157 - Processando 52 possíveis linhas na página 1...
2026-03-10 14:43:09 | INFO     | __main__:extract_pendencias:165 - Processando pendência para CNPJ: 62652792000136
2026-03-10 14:43:10 | INFO     | __main__:extract_pendencias:195 - Clicando em ATUALIZAR para 62652792000136
2026-03-10 14:43:13 | INFO     | __main__:extract_pendencias:203 - Botão Visualizar encontrado para 62652792000136. Tentando abrir...
2026-03-10 14:43:13 | INFO     | __main__:_handle_report_tab:42 - Iniciando captura de relatório...
2026-03-10 14:43:13 | DEBUG    | __main__:_handle_report_tab:46 - Verificando botão antes do clique: {'onclick': None, 'href': 'https://storage.googleapis.com/storagescrapings.appspot.com/ecac/49586312000118/situacao-fiscal-2026-03-10-62652792000136-5012149576248263428.pdf', 'text': '', 'download': True}
2026-03-10 14:43:13 | INFO     | __main__:_handle_report_tab:59 - Detectado link de PDF. Tentando download direto...
2026-03-10 14:43:28 | WARNING  | __main__:_handle_report_tab:72 - Falha no download direto, tentando via aba: Timeout 15000ms exceeded while waiting for event "download"
=========================== logs ===========================
waiting for event "download"
============================================================
2026-03-10 14:43:28 | INFO     | __main__:_handle_report_tab:84 - Relatório PDF em aba: https://storage.googleapis.com/storagescrapings.appspot.com/ecac/49586312000118/situacao-fiscal-2026-03-10-62652792000136-5012149576248263428.pdf. Baixando via request...
2026-03-10 14:43:29 | INFO     | __main__:_handle_report_tab:103 - Texto extraído (3349 chars). Analisando débitos e omissões...
2026-03-10 14:43:29 | INFO     | __main__:extract_pendencias:165 - Processando pendência para CNPJ: 11233811000159
2026-03-10 14:43:29 | INFO     | __main__:extract_pendencias:195 - Clicando em ATUALIZAR para 11233811000159
2026-03-10 14:43:33 | INFO     | __main__:extract_pendencias:203 - Botão Visualizar encontrado para 11233811000159. Tentando abrir...
2026-03-10 14:43:33 | INFO     | __main__:_handle_report_tab:42 - Iniciando captura de relatório...
2026-03-10 14:43:33 | DEBUG    | __main__:_handle_report_tab:46 - Verificando botão antes do clique: {'onclick': None, 'href': 'https://storage.googleapis.com/storagescrapings.appspot.com/ecac/49586312000118/situacao-fiscal-2026-03-10-11233811000159--1434654757235908933.pdf', 'text': '', 'download': True}
2026-03-10 14:43:34 | INFO     | __main__:_handle_report_tab:59 - Detectado link de PDF. Tentando download direto...
2026-03-10 14:43:49 | WARNING  | __main__:_handle_report_tab:72 - Falha no download direto, tentando via aba: Timeout 15000ms exceeded while waiting for event "download"
=========================== logs ===========================
waiting for event "download"
============================================================
2026-03-10 14:43:49 | INFO     | __main__:_handle_report_tab:84 - Relatório PDF em aba: https://storage.googleapis.com/storagescrapings.appspot.com/ecac/49586312000118/situacao-fiscal-2026-03-10-11233811000159--1434654757235908933.pdf. Baixando via request...
2026-03-10 14:43:50 | INFO     | __main__:_handle_report_tab:103 - Texto extraído (2102 chars). Analisando débitos e omissões...
2026-03-10 14:43:50 | INFO     | __main__:extract_pendencias:165 - Processando pendência para CNPJ: 16199705000110
2026-03-10 14:43:50 | INFO     | __main__:extract_pendencias:195 - Clicando em ATUALIZAR para 16199705000110
2026-03-10 14:43:53 | INFO     | __main__:extract_pendencias:203 - Botão Visualizar encontrado para 16199705000110. Tentando abrir...
2026-03-10 14:43:53 | INFO     | __main__:_handle_report_tab:42 - Iniciando captura de relatório...
2026-03-10 14:43:53 | DEBUG    | __main__:_handle_report_tab:46 - Verificando botão antes do clique: {'onclick': None, 'href': 'https://storage.googleapis.com/storagescrapings.appspot.com/ecac/49586312000118/situacao-fiscal-2026-03-10-16199705000110-666365238563220107.pdf', 'text': '', 'download': True}
2026-03-10 14:43:55 | INFO     | __main__:_handle_report_tab:59 - Detectado link de PDF. Tentando download direto...
2026-03-10 14:44:10 | WARNING  | __main__:_handle_report_tab:72 - Falha no download direto, tentando via aba: Timeout 15000ms exceeded while waiting for event "download"
=========================== logs ===========================
waiting for event "download"
============================================================
2026-03-10 14:44:10 | INFO     | __main__:_handle_report_tab:84 - Relatório PDF em aba: https://storage.googleapis.com/storagescrapings.appspot.com/ecac/49586312000118/situacao-fiscal-2026-03-10-16199705000110-666365238563220107.pdf. Baixando via request...
2026-03-10 14:44:11 | INFO     | __main__:_handle_report_tab:103 - Texto extraído (2219 chars). Analisando débitos e omissões...
2026-03-10 14:44:11 | WARNING  | __main__:_handle_report_tab:107 - SiefParser não encontrou pendências no texto. Primeiros 200 chars: MINISTÉRIO DA ECONOMIA Por meio do Integra Contador
SECRETARIA ESPECIAL DA RECEITA FEDERAL DO BRASIL Autor pedido: 49.586.312/0001-18. Contratante: 28.408.293/0001-60
PROCURADORIA-GERAL DA FAZENDA NAC
2026-03-10 14:44:11 | INFO     | __main__:extract_pendencias:165 - Processando pendência para CNPJ: 09106487000166
2026-03-10 14:44:11 | INFO     | __main__:extract_pendencias:195 - Clicando em ATUALIZAR para 09106487000166
2026-03-10 14:44:14 | INFO     | __main__:extract_pendencias:203 - Botão Visualizar encontrado para 09106487000166. Tentando abrir...
2026-03-10 14:44:14 | INFO     | __main__:_handle_report_tab:42 - Iniciando captura de relatório...
2026-03-10 14:44:14 | DEBUG    | __main__:_handle_report_tab:46 - Verificando botão antes do clique: {'onclick': None, 'href': 'https://storage.googleapis.com/storagescrapings.appspot.com/ecac/49586312000118/situacao-fiscal-2026-03-10-09106487000166-5359464979467263675.pdf', 'text': '', 'download': True}
2026-03-10 14:44:15 | INFO     | __main__:_handle_report_tab:59 - Detectado link de PDF. Tentando download direto...
2026-03-10 14:44:30 | WARNING  | __main__:_handle_report_tab:72 - Falha no download direto, tentando via aba: Timeout 15000ms exceeded while waiting for event "download"
=========================== logs ===========================
waiting for event "download"
============================================================
2026-03-10 14:44:30 | INFO     | __main__:_handle_report_tab:84 - Relatório PDF em aba: https://storage.googleapis.com/storagescrapings.appspot.com/ecac/49586312000118/situacao-fiscal-2026-03-10-09106487000166-5359464979467263675.pdf. Baixando via request...
2026-03-10 14:44:31 | INFO     | __main__:_handle_report_tab:103 - Texto extraído (16952 chars). Analisando débitos e omissões...
2026-03-10 14:44:31 | INFO     | __main__:extract_pendencias:165 - Processando pendência para CNPJ: 09023277000104
2026-03-10 14:44:32 | INFO     | __main__:extract_pendencias:195 - Clicando em ATUALIZAR para 09023277000104
2026-03-10 14:44:35 | INFO     | __main__:extract_pendencias:203 - Botão Visualizar encontrado para 09023277000104. Tentando abrir...
2026-03-10 14:44:35 | INFO     | __main__:_handle_report_tab:42 - Iniciando captura de relatório...
2026-03-10 14:44:35 | DEBUG    | __main__:_handle_report_tab:46 - Verificando botão antes do clique: {'onclick': None, 'href': 'https://storage.googleapis.com/storagescrapings.appspot.com/ecac/49586312000118/situacao-fiscal-2026-03-10-09023277000104-8160357367426442283.pdf', 'text': '', 'download': True}
2026-03-10 14:44:36 | INFO     | __main__:_handle_report_tab:59 - Detectado link de PDF. Tentando download direto...
2026-03-10 14:44:51 | WARNING  | __main__:_handle_report_tab:72 - Falha no download direto, tentando via aba: Timeout 15000ms exceeded while waiting for event "download"
=========================== logs ===========================
waiting for event "download"
============================================================
2026-03-10 14:44:51 | INFO     | __main__:_handle_report_tab:84 - Relatório PDF em aba: https://storage.googleapis.com/storagescrapings.appspot.com/ecac/49586312000118/situacao-fiscal-2026-03-10-09023277000104-8160357367426442283.pdf. Baixando via request...
2026-03-10 14:44:51 | INFO     | __main__:_handle_report_tab:103 - Texto extraído (2385 chars). Analisando débitos e omissões...
2026-03-10 14:44:51 | INFO     | __main__:extract_pendencias:165 - Processando pendência para CNPJ: 06915315000145
2026-03-10 14:44:52 | INFO     | __main__:extract_pendencias:195 - Clicando em ATUALIZAR para 06915315000145
2026-03-10 14:44:55 | INFO     | __main__:extract_pendencias:203 - Botão Visualizar encontrado para 06915315000145. Tentando abrir...
2026-03-10 14:44:55 | INFO     | __main__:_handle_report_tab:42 - Iniciando captura de relatório...
2026-03-10 14:44:55 | DEBUG    | __main__:_handle_report_tab:46 - Verificando botão antes do clique: {'onclick': None, 'href': 'https://storage.googleapis.com/storagescrapings.appspot.com/ecac/49586312000118/situacao-fiscal-2026-03-10-06915315000145-4069201878538756051.pdf', 'text': '', 'download': True}
2026-03-10 14:44:57 | INFO     | __main__:_handle_report_tab:59 - Detectado link de PDF. Tentando download direto...
2026-03-10 14:45:12 | WARNING  | __main__:_handle_report_tab:72 - Falha no download direto, tentando via aba: Timeout 15000ms exceeded while waiting for event "download"
=========================== logs ===========================
waiting for event "download"
============================================================
2026-03-10 14:45:12 | INFO     | __main__:_handle_report_tab:84 - Relatório PDF em aba: https://storage.googleapis.com/storagescrapings.appspot.com/ecac/49586312000118/situacao-fiscal-2026-03-10-06915315000145-4069201878538756051.pdf. Baixando via request...
2026-03-10 14:45:13 | INFO     | __main__:_handle_report_tab:103 - Texto extraído (11145 chars). Analisando débitos e omissões...
2026-03-10 14:45:13 | INFO     | __main__:extract_pendencias:165 - Processando pendência para CNPJ: 25196780000118
2026-03-10 14:45:13 | INFO     | __main__:extract_pendencias:195 - Clicando em ATUALIZAR para 25196780000118
2026-03-10 14:45:16 | INFO     | __main__:extract_pendencias:203 - Botão Visualizar encontrado para 25196780000118. Tentando abrir...
2026-03-10 14:45:16 | INFO     | __main__:_handle_report_tab:42 - Iniciando captura de relatório...
2026-03-10 14:45:16 | DEBUG    | __main__:_handle_report_tab:46 - Verificando botão antes do clique: {'onclick': None, 'href': 'https://storage.googleapis.com/storagescrapings.appspot.com/ecac/49586312000118/situacao-fiscal-2026-03-10-25196780000118--7596971299314324112.pdf', 'text': '', 'download': True}
2026-03-10 14:45:18 | INFO     | __main__:_handle_report_tab:59 - Detectado link de PDF. Tentando download direto...
2026-03-10 14:45:33 | WARNING  | __main__:_handle_report_tab:72 - Falha no download direto, tentando via aba: Timeout 15000ms exceeded while waiting for event "download"
=========================== logs ===========================
waiting for event "download"
============================================================
2026-03-10 14:45:33 | INFO     | __main__:_handle_report_tab:84 - Relatório PDF em aba: https://storage.googleapis.com/storagescrapings.appspot.com/ecac/49586312000118/situacao-fiscal-2026-03-10-25196780000118--7596971299314324112.pdf. Baixando via request...
2026-03-10 14:45:34 | INFO     | __main__:_handle_report_tab:103 - Texto extraído (3326 chars). Analisando débitos e omissões...
2026-03-10 14:45:34 | INFO     | __main__:extract_pendencias:165 - Processando pendência para CNPJ: 04778322000117
2026-03-10 14:45:34 | INFO     | __main__:extract_pendencias:195 - Clicando em ATUALIZAR para 04778322000117
2026-03-10 14:45:37 | INFO     | __main__:extract_pendencias:203 - Botão Visualizar encontrado para 04778322000117. Tentando abrir...
2026-03-10 14:45:37 | INFO     | __main__:_handle_report_tab:42 - Iniciando captura de relatório...
2026-03-10 14:45:37 | DEBUG    | __main__:_handle_report_tab:46 - Verificando botão antes do clique: {'onclick': None, 'href': 'https://storage.googleapis.com/storagescrapings.appspot.com/ecac/49586312000118/situacao-fiscal-2026-03-10-04778322000117-4399378195667265436.pdf', 'text': '', 'download': True}
2026-03-10 14:45:39 | INFO     | __main__:_handle_report_tab:59 - Detectado link de PDF. Tentando download direto...
2026-03-10 14:45:54 | WARNING  | __main__:_handle_report_tab:72 - Falha no download direto, tentando via aba: Timeout 15000ms exceeded while waiting for event "download"
=========================== logs ===========================
waiting for event "download"
============================================================
2026-03-10 14:45:54 | INFO     | __main__:_handle_report_tab:84 - Relatório PDF em aba: https://storage.googleapis.com/storagescrapings.appspot.com/ecac/49586312000118/situacao-fiscal-2026-03-10-04778322000117-4399378195667265436.pdf. Baixando via request...
2026-03-10 14:45:55 | INFO     | __main__:_handle_report_tab:103 - Texto extraído (10490 chars). Analisando débitos e omissões...
2026-03-10 14:45:55 | INFO     | __main__:extract_pendencias:165 - Processando pendência para CNPJ: 00807080000191
2026-03-10 14:45:55 | INFO     | __main__:extract_pendencias:195 - Clicando em ATUALIZAR para 00807080000191
2026-03-10 14:45:59 | INFO     | __main__:extract_pendencias:203 - Botão Visualizar encontrado para 00807080000191. Tentando abrir...
2026-03-10 14:45:59 | INFO     | __main__:_handle_report_tab:42 - Iniciando captura de relatório...
2026-03-10 14:45:59 | DEBUG    | __main__:_handle_report_tab:46 - Verificando botão antes do clique: {'onclick': None, 'href': 'https://storage.googleapis.com/storagescrapings.appspot.com/ecac/49586312000118/situacao-fiscal-2026-03-10-00807080000191-4093500059623742596.pdf', 'text': '', 'download': True}
2026-03-10 14:46:00 | INFO     | __main__:_handle_report_tab:59 - Detectado link de PDF. Tentando download direto...
2026-03-10 14:46:15 | WARNING  | __main__:_handle_report_tab:72 - Falha no download direto, tentando via aba: Timeout 15000ms exceeded while waiting for event "download"
=========================== logs ===========================
waiting for event "download"
============================================================
2026-03-10 14:46:15 | INFO     | __main__:_handle_report_tab:84 - Relatório PDF em aba: https://storage.googleapis.com/storagescrapings.appspot.com/ecac/49586312000118/situacao-fiscal-2026-03-10-00807080000191-4093500059623742596.pdf. Baixando via request...
2026-03-10 14:46:16 | INFO     | __main__:_handle_report_tab:103 - Texto extraído (6475 chars). Analisando débitos e omissões...
2026-03-10 14:46:16 | INFO     | __main__:extract_pendencias:165 - Processando pendência para CNPJ: 08154181000112
2026-03-10 14:46:16 | INFO     | __main__:extract_pendencias:195 - Clicando em ATUALIZAR para 08154181000112
2026-03-10 14:46:19 | INFO     | __main__:extract_pendencias:203 - Botão Visualizar encontrado para 08154181000112. Tentando abrir...
2026-03-10 14:46:19 | INFO     | __main__:_handle_report_tab:42 - Iniciando captura de relatório...
2026-03-10 14:46:19 | DEBUG    | __main__:_handle_report_tab:46 - Verificando botão antes do clique: {'onclick': None, 'href': 'https://storage.googleapis.com/storagescrapings.appspot.com/ecac/49586312000118/situacao-fiscal-2026-03-10-08154181000112--148977977699984578.pdf', 'text': '', 'download': True}
2026-03-10 14:46:21 | INFO     | __main__:_handle_report_tab:59 - Detectado link de PDF. Tentando download direto...
2026-03-10 14:46:36 | WARNING  | __main__:_handle_report_tab:72 - Falha no download direto, tentando via aba: Timeout 15000ms exceeded while waiting for event "download"
=========================== logs ===========================
waiting for event "download"
============================================================
2026-03-10 14:46:36 | INFO     | __main__:_handle_report_tab:84 - Relatório PDF em aba: https://storage.googleapis.com/storagescrapings.appspot.com/ecac/49586312000118/situacao-fiscal-2026-03-10-08154181000112--148977977699984578.pdf. Baixando via request...
2026-03-10 14:46:38 | INFO     | __main__:_handle_report_tab:103 - Texto extraído (34978 chars). Analisando débitos e omissões...
2026-03-10 14:46:38 | INFO     | __main__:extract_pendencias:165 - Processando pendência para CNPJ: 14757660000126
2026-03-10 14:46:39 | INFO     | __main__:extract_pendencias:195 - Clicando em ATUALIZAR para 14757660000126
2026-03-10 14:46:42 | INFO     | __main__:extract_pendencias:203 - Botão Visualizar encontrado para 14757660000126. Tentando abrir...
2026-03-10 14:46:42 | INFO     | __main__:_handle_report_tab:42 - Iniciando captura de relatório...
2026-03-10 14:46:42 | DEBUG    | __main__:_handle_report_tab:46 - Verificando botão antes do clique: {'onclick': None, 'href': 'https://storage.googleapis.com/storagescrapings.appspot.com/ecac/49586312000118/situacao-fiscal-2026-03-10-14757660000126--1900564368575895589.pdf', 'text': '', 'download': True}
2026-03-10 14:46:44 | INFO     | __main__:_handle_report_tab:59 - Detectado link de PDF. Tentando download direto...
2026-03-10 14:46:59 | WARNING  | __main__:_handle_report_tab:72 - Falha no download direto, tentando via aba: Timeout 15000ms exceeded while waiting for event "download"
=========================== logs ===========================
waiting for event "download"
============================================================
2026-03-10 14:46:59 | INFO     | __main__:_handle_report_tab:84 - Relatório PDF em aba: https://storage.googleapis.com/storagescrapings.appspot.com/ecac/49586312000118/situacao-fiscal-2026-03-10-14757660000126--1900564368575895589.pdf. Baixando via request...
2026-03-10 14:46:59 | INFO     | __main__:_handle_report_tab:103 - Texto extraído (2751 chars). Analisando débitos e omissões...
2026-03-10 14:46:59 | INFO     | __main__:extract_pendencias:165 - Processando pendência para CNPJ: 42159055000199
2026-03-10 14:47:00 | INFO     | __main__:extract_pendencias:195 - Clicando em ATUALIZAR para 42159055000199
2026-03-10 14:47:03 | INFO     | __main__:extract_pendencias:203 - Botão Visualizar encontrado para 42159055000199. Tentando abrir...
2026-03-10 14:47:03 | INFO     | __main__:_handle_report_tab:42 - Iniciando captura de relatório...
2026-03-10 14:47:03 | DEBUG    | __main__:_handle_report_tab:46 - Verificando botão antes do clique: {'onclick': None, 'href': 'https://storage.googleapis.com/storagescrapings.appspot.com/ecac/49586312000118/situacao-fiscal-2026-03-10-42159055000199--6470727640077017110.pdf', 'text': '', 'download': True}
2026-03-10 14:47:05 | INFO     | __main__:_handle_report_tab:59 - Detectado link de PDF. Tentando download direto...
2026-03-10 14:47:20 | WARNING  | __main__:_handle_report_tab:72 - Falha no download direto, tentando via aba: Timeout 15000ms exceeded while waiting for event "download"
=========================== logs ===========================
waiting for event "download"
============================================================
2026-03-10 14:47:20 | INFO     | __main__:_handle_report_tab:84 - Relatório PDF em aba: https://storage.googleapis.com/storagescrapings.appspot.com/ecac/49586312000118/situacao-fiscal-2026-03-10-42159055000199--6470727640077017110.pdf. Baixando via request...
2026-03-10 14:47:20 | INFO     | __main__:_handle_report_tab:103 - Texto extraído (3316 chars). Analisando débitos e omissões...
2026-03-10 14:47:20 | INFO     | __main__:extract_pendencias:218 - Clicando em 'Próximo' para a próxima página...
2026-03-10 14:47:24 | INFO     | __main__:extract_pendencias:149 - Processando página 2...
2026-03-10 14:47:24 | INFO     | __main__:extract_pendencias:152 - Aguardando carregar a tabela de Situação Fiscal...
2026-03-10 14:47:24 | INFO     | __main__:extract_pendencias:157 - Processando 52 possíveis linhas na página 2...
2026-03-10 14:47:24 | INFO     | __main__:extract_pendencias:165 - Processando pendência para CNPJ: 14429350000182
2026-03-10 14:47:24 | INFO     | __main__:extract_pendencias:195 - Clicando em ATUALIZAR para 14429350000182
2026-03-10 14:47:27 | INFO     | __main__:extract_pendencias:203 - Botão Visualizar encontrado para 14429350000182. Tentando abrir...
2026-03-10 14:47:27 | INFO     | __main__:_handle_report_tab:42 - Iniciando captura de relatório...
2026-03-10 14:47:27 | DEBUG    | __main__:_handle_report_tab:46 - Verificando botão antes do clique: {'onclick': None, 'href': 'https://storage.googleapis.com/storagescrapings.appspot.com/ecac/49586312000118/situacao-fiscal-2026-02-22-14429350000182-4388276231090938307.pdf', 'text': '', 'download': True}
2026-03-10 14:47:29 | INFO     | __main__:_handle_report_tab:59 - Detectado link de PDF. Tentando download direto...
2026-03-10 14:47:44 | WARNING  | __main__:_handle_report_tab:72 - Falha no download direto, tentando via aba: Timeout 15000ms exceeded while waiting for event "download"
=========================== logs ===========================
waiting for event "download"
============================================================
2026-03-10 14:47:44 | INFO     | __main__:_handle_report_tab:84 - Relatório PDF em aba: https://storage.googleapis.com/storagescrapings.appspot.com/ecac/49586312000118/situacao-fiscal-2026-03-10-14429350000182-7855317242631984248.pdf. Baixando via request...
2026-03-10 14:47:45 | INFO     | __main__:_handle_report_tab:103 - Texto extraído (3263 chars). Analisando débitos e omissões...
2026-03-10 14:47:45 | INFO     | __main__:extract_pendencias:165 - Processando pendência para CNPJ: 07834816000160
2026-03-10 14:47:45 | INFO     | __main__:extract_pendencias:195 - Clicando em ATUALIZAR para 07834816000160
2026-03-10 14:47:48 | INFO     | __main__:extract_pendencias:203 - Botão Visualizar encontrado para 07834816000160. Tentando abrir...
2026-03-10 14:47:48 | INFO     | __main__:_handle_report_tab:42 - Iniciando captura de relatório...
2026-03-10 14:47:48 | DEBUG    | __main__:_handle_report_tab:46 - Verificando botão antes do clique: {'onclick': None, 'href': 'https://storage.googleapis.com/storagescrapings.appspot.com/ecac/49586312000118/situacao-fiscal-2026-02-22-07834816000160-807744960973175412.pdf', 'text': '', 'download': True}
2026-03-10 14:47:49 | INFO     | __main__:_handle_report_tab:59 - Detectado link de PDF. Tentando download direto...
2026-03-10 14:48:04 | WARNING  | __main__:_handle_report_tab:72 - Falha no download direto, tentando via aba: Timeout 15000ms exceeded while waiting for event "download"
=========================== logs ===========================
waiting for event "download"
============================================================
2026-03-10 14:48:04 | INFO     | __main__:_handle_report_tab:84 - Relatório PDF em aba: https://storage.googleapis.com/storagescrapings.appspot.com/ecac/49586312000118/situacao-fiscal-2026-03-10-07834816000160-4798441111481509637.pdf. Baixando via request...
2026-03-10 14:48:05 | INFO     | __main__:_handle_report_tab:103 - Texto extraído (1633 chars). Analisando débitos e omissões...
2026-03-10 14:48:05 | WARNING  | __main__:_handle_report_tab:107 - SiefParser não encontrou pendências no texto. Primeiros 200 chars: MINISTÉRIO DA ECONOMIA Por meio do Integra Contador
SECRETARIA ESPECIAL DA RECEITA FEDERAL DO BRASIL Autor pedido: 49.586.312/0001-18. Contratante: 28.408.293/0001-60
PROCURADORIA-GERAL DA FAZENDA NAC
2026-03-10 14:48:05 | INFO     | __main__:extract_pendencias:165 - Processando pendência para CNPJ: 44573989000106
2026-03-10 14:48:05 | INFO     | __main__:extract_pendencias:195 - Clicando em ATUALIZAR para 44573989000106
2026-03-10 14:48:08 | INFO     | __main__:extract_pendencias:203 - Botão Visualizar encontrado para 44573989000106. Tentando abrir...
2026-03-10 14:48:08 | INFO     | __main__:_handle_report_tab:42 - Iniciando captura de relatório...
2026-03-10 14:48:08 | DEBUG    | __main__:_handle_report_tab:46 - Verificando botão antes do clique: {'onclick': None, 'href': 'https://storage.googleapis.com/storagescrapings.appspot.com/ecac/49586312000118/situacao-fiscal-2026-02-22-44573989000106-8493860889706714611.pdf', 'text': '', 'download': True}
2026-03-10 14:48:09 | INFO     | __main__:_handle_report_tab:59 - Detectado link de PDF. Tentando download direto...
2026-03-10 14:48:24 | WARNING  | __main__:_handle_report_tab:72 - Falha no download direto, tentando via aba: Timeout 15000ms exceeded while waiting for event "download"
=========================== logs ===========================
waiting for event "download"
============================================================
2026-03-10 14:48:24 | INFO     | __main__:_handle_report_tab:84 - Relatório PDF em aba: https://storage.googleapis.com/storagescrapings.appspot.com/ecac/49586312000118/situacao-fiscal-2026-03-10-44573989000106--7177454262988630277.pdf. Baixando via request...
2026-03-10 14:48:25 | INFO     | __main__:_handle_report_tab:103 - Texto extraído (7991 chars). Analisando débitos e omissões...
2026-03-10 14:48:25 | INFO     | __main__:extract_pendencias:165 - Processando pendência para CNPJ: 28590601000110
2026-03-10 14:48:26 | INFO     | __main__:extract_pendencias:195 - Clicando em ATUALIZAR para 28590601000110
2026-03-10 14:48:29 | INFO     | __main__:extract_pendencias:203 - Botão Visualizar encontrado para 28590601000110. Tentando abrir...
2026-03-10 14:48:29 | INFO     | __main__:_handle_report_tab:42 - Iniciando captura de relatório...
2026-03-10 14:48:29 | DEBUG    | __main__:_handle_report_tab:46 - Verificando botão antes do clique: {'onclick': None, 'href': 'https://storage.googleapis.com/storagescrapings.appspot.com/ecac/49586312000118/situacao-fiscal-2026-02-22-28590601000110-4024798467007205917.pdf', 'text': '', 'download': True}
2026-03-10 14:48:30 | INFO     | __main__:_handle_report_tab:59 - Detectado link de PDF. Tentando download direto...
2026-03-10 14:48:45 | WARNING  | __main__:_handle_report_tab:72 - Falha no download direto, tentando via aba: Timeout 15000ms exceeded while waiting for event "download"
=========================== logs ===========================
waiting for event "download"
============================================================
2026-03-10 14:48:46 | INFO     | __main__:_handle_report_tab:84 - Relatório PDF em aba: https://storage.googleapis.com/storagescrapings.appspot.com/ecac/49586312000118/situacao-fiscal-2026-03-10-28590601000110-5233552800627528238.pdf. Baixando via request...
2026-03-10 14:48:46 | INFO     | __main__:_handle_report_tab:103 - Texto extraído (23288 chars). Analisando débitos e omissões...
2026-03-10 14:48:46 | INFO     | __main__:extract_pendencias:165 - Processando pendência para CNPJ: 15360279000272
2026-03-10 14:48:47 | INFO     | __main__:extract_pendencias:195 - Clicando em ATUALIZAR para 15360279000272
2026-03-10 14:48:50 | INFO     | __main__:extract_pendencias:203 - Botão Visualizar encontrado para 15360279000272. Tentando abrir...
2026-03-10 14:48:50 | INFO     | __main__:_handle_report_tab:42 - Iniciando captura de relatório...
2026-03-10 14:48:50 | DEBUG    | __main__:_handle_report_tab:46 - Verificando botão antes do clique: {'onclick': None, 'href': 'https://storage.googleapis.com/storagescrapings.appspot.com/ecac/49586312000118/situacao-fiscal-2026-02-22-15360279000272--970733490656162747.pdf', 'text': '', 'download': True}
2026-03-10 14:48:52 | INFO     | __main__:_handle_report_tab:59 - Detectado link de PDF. Tentando download direto...
2026-03-10 14:49:07 | WARNING  | __main__:_handle_report_tab:72 - Falha no download direto, tentando via aba: Timeout 15000ms exceeded while waiting for event "download"
=========================== logs ===========================
waiting for event "download"
============================================================
2026-03-10 14:49:07 | INFO     | __main__:_handle_report_tab:84 - Relatório PDF em aba: https://storage.googleapis.com/storagescrapings.appspot.com/ecac/49586312000118/situacao-fiscal-2026-03-10-15360279000272--7191671351169571868.pdf. Baixando via request...
2026-03-10 14:49:07 | INFO     | __main__:_handle_report_tab:103 - Texto extraído (5835 chars). Analisando débitos e omissões...
2026-03-10 14:49:07 | INFO     | __main__:extract_pendencias:165 - Processando pendência para CNPJ: 13709910000190
2026-03-10 14:49:08 | INFO     | __main__:extract_pendencias:195 - Clicando em ATUALIZAR para 13709910000190
2026-03-10 14:49:11 | INFO     | __main__:extract_pendencias:203 - Botão Visualizar encontrado para 13709910000190. Tentando abrir...
2026-03-10 14:49:11 | INFO     | __main__:_handle_report_tab:42 - Iniciando captura de relatório...
2026-03-10 14:49:11 | DEBUG    | __main__:_handle_report_tab:46 - Verificando botão antes do clique: {'onclick': None, 'href': 'https://storage.googleapis.com/storagescrapings.appspot.com/ecac/49586312000118/situacao-fiscal-2026-02-22-13709910000190--6883460340221217415.pdf', 'text': '', 'download': True}
2026-03-10 14:49:12 | INFO     | __main__:_handle_report_tab:59 - Detectado link de PDF. Tentando download direto...
2026-03-10 14:49:27 | WARNING  | __main__:_handle_report_tab:72 - Falha no download direto, tentando via aba: Timeout 15000ms exceeded while waiting for event "download"
=========================== logs ===========================
waiting for event "download"
============================================================
2026-03-10 14:49:27 | INFO     | __main__:_handle_report_tab:84 - Relatório PDF em aba: https://storage.googleapis.com/storagescrapings.appspot.com/ecac/49586312000118/situacao-fiscal-2026-03-10-13709910000190--8485762134540802554.pdf. Baixando via request...
2026-03-10 14:49:27 | INFO     | __main__:_handle_report_tab:103 - Texto extraído (17493 chars). Analisando débitos e omissões...
2026-03-10 14:49:27 | INFO     | __main__:extract_pendencias:165 - Processando pendência para CNPJ: 01813680000125
2026-03-10 14:49:28 | INFO     | __main__:extract_pendencias:195 - Clicando em ATUALIZAR para 01813680000125
2026-03-10 14:49:31 | INFO     | __main__:extract_pendencias:203 - Botão Visualizar encontrado para 01813680000125. Tentando abrir...
2026-03-10 14:49:31 | INFO     | __main__:_handle_report_tab:42 - Iniciando captura de relatório...
2026-03-10 14:49:31 | DEBUG    | __main__:_handle_report_tab:46 - Verificando botão antes do clique: {'onclick': None, 'href': 'https://storage.googleapis.com/storagescrapings.appspot.com/ecac/49586312000118/situacao-fiscal-2026-02-22-01813680000125--8071426967463265477.pdf', 'text': '', 'download': True}
2026-03-10 14:49:33 | INFO     | __main__:_handle_report_tab:59 - Detectado link de PDF. Tentando download direto...
2026-03-10 14:49:48 | WARNING  | __main__:_handle_report_tab:72 - Falha no download direto, tentando via aba: Timeout 15000ms exceeded while waiting for event "download"
=========================== logs ===========================
waiting for event "download"
============================================================
2026-03-10 14:49:48 | INFO     | __main__:_handle_report_tab:84 - Relatório PDF em aba: https://storage.googleapis.com/storagescrapings.appspot.com/ecac/49586312000118/situacao-fiscal-2026-03-10-01813680000125-1255024317087163651.pdf. Baixando via request...
2026-03-10 14:49:48 | INFO     | __main__:_handle_report_tab:103 - Texto extraído (2151 chars). Analisando débitos e omissões...
2026-03-10 14:49:48 | WARNING  | __main__:_handle_report_tab:107 - SiefParser não encontrou pendências no texto. Primeiros 200 chars: MINISTÉRIO DA ECONOMIA Por meio do Integra Contador
SECRETARIA ESPECIAL DA RECEITA FEDERAL DO BRASIL Autor pedido: 49.586.312/0001-18. Contratante: 28.408.293/0001-60
PROCURADORIA-GERAL DA FAZENDA NAC
2026-03-10 14:49:48 | INFO     | __main__:extract_pendencias:165 - Processando pendência para CNPJ: 53077162000194
2026-03-10 14:49:48 | INFO     | __main__:extract_pendencias:195 - Clicando em ATUALIZAR para 53077162000194
2026-03-10 14:49:51 | INFO     | __main__:extract_pendencias:203 - Botão Visualizar encontrado para 53077162000194. Tentando abrir...
2026-03-10 14:49:51 | INFO     | __main__:_handle_report_tab:42 - Iniciando captura de relatório...
2026-03-10 14:49:51 | DEBUG    | __main__:_handle_report_tab:46 - Verificando botão antes do clique: {'onclick': None, 'href': 'https://storage.googleapis.com/storagescrapings.appspot.com/ecac/49586312000118/situacao-fiscal-2026-02-22-53077162000194-5988213859136441266.pdf', 'text': '', 'download': True}
2026-03-10 14:49:53 | INFO     | __main__:_handle_report_tab:59 - Detectado link de PDF. Tentando download direto...
2026-03-10 14:50:08 | WARNING  | __main__:_handle_report_tab:72 - Falha no download direto, tentando via aba: Timeout 15000ms exceeded while waiting for event "download"
=========================== logs ===========================
waiting for event "download"
============================================================
2026-03-10 14:50:08 | INFO     | __main__:_handle_report_tab:84 - Relatório PDF em aba: https://storage.googleapis.com/storagescrapings.appspot.com/ecac/49586312000118/situacao-fiscal-2026-03-10-53077162000194-719201574073775394.pdf. Baixando via request...
2026-03-10 14:50:08 | INFO     | __main__:_handle_report_tab:103 - Texto extraído (3008 chars). Analisando débitos e omissões...
2026-03-10 14:50:08 | INFO     | __main__:extract_pendencias:165 - Processando pendência para CNPJ: 13064209000160
2026-03-10 14:50:09 | INFO     | __main__:extract_pendencias:195 - Clicando em ATUALIZAR para 13064209000160
2026-03-10 14:50:12 | INFO     | __main__:extract_pendencias:203 - Botão Visualizar encontrado para 13064209000160. Tentando abrir...
2026-03-10 14:50:12 | INFO     | __main__:_handle_report_tab:42 - Iniciando captura de relatório...
2026-03-10 14:50:12 | DEBUG    | __main__:_handle_report_tab:46 - Verificando botão antes do clique: {'onclick': None, 'href': 'https://storage.googleapis.com/storagescrapings.appspot.com/ecac/49586312000118/situacao-fiscal-2026-02-22-13064209000160--5169043972418611162.pdf', 'text': '', 'download': True}
2026-03-10 14:50:13 | INFO     | __main__:_handle_report_tab:59 - Detectado link de PDF. Tentando download direto...
2026-03-10 14:50:28 | WARNING  | __main__:_handle_report_tab:72 - Falha no download direto, tentando via aba: Timeout 15000ms exceeded while waiting for event "download"
=========================== logs ===========================
waiting for event "download"
============================================================
2026-03-10 14:50:28 | INFO     | __main__:_handle_report_tab:84 - Relatório PDF em aba: https://storage.googleapis.com/storagescrapings.appspot.com/ecac/49586312000118/situacao-fiscal-2026-03-10-13064209000160-9033764321059801937.pdf. Baixando via request...
2026-03-10 14:50:29 | INFO     | __main__:_handle_report_tab:103 - Texto extraído (28382 chars). Analisando débitos e omissões...
2026-03-10 14:50:29 | INFO     | __main__:extract_pendencias:165 - Processando pendência para CNPJ: 27371776000174
2026-03-10 14:50:30 | INFO     | __main__:extract_pendencias:195 - Clicando em ATUALIZAR para 27371776000174
2026-03-10 14:50:33 | INFO     | __main__:extract_pendencias:203 - Botão Visualizar encontrado para 27371776000174. Tentando abrir...
2026-03-10 14:50:33 | INFO     | __main__:_handle_report_tab:42 - Iniciando captura de relatório...
2026-03-10 14:50:33 | DEBUG    | __main__:_handle_report_tab:46 - Verificando botão antes do clique: {'onclick': None, 'href': 'https://storage.googleapis.com/storagescrapings.appspot.com/ecac/49586312000118/situacao-fiscal-2026-02-22-27371776000174--5044921293569694069.pdf', 'text': '', 'download': True}
2026-03-10 14:50:34 | INFO     | __main__:_handle_report_tab:59 - Detectado link de PDF. Tentando download direto...
2026-03-10 14:50:49 | WARNING  | __main__:_handle_report_tab:72 - Falha no download direto, tentando via aba: Timeout 15000ms exceeded while waiting for event "download"
=========================== logs ===========================
waiting for event "download"
============================================================
2026-03-10 14:50:49 | INFO     | __main__:_handle_report_tab:84 - Relatório PDF em aba: https://storage.googleapis.com/storagescrapings.appspot.com/ecac/49586312000118/situacao-fiscal-2026-03-10-27371776000174--8631143167567687.pdf. Baixando via request...
2026-03-10 14:50:50 | INFO     | __main__:_handle_report_tab:103 - Texto extraído (3220 chars). Analisando débitos e omissões...
2026-03-10 14:50:50 | INFO     | __main__:extract_pendencias:165 - Processando pendência para CNPJ: 14309694000158
2026-03-10 14:50:50 | INFO     | __main__:extract_pendencias:195 - Clicando em ATUALIZAR para 14309694000158
2026-03-10 14:50:53 | INFO     | __main__:extract_pendencias:203 - Botão Visualizar encontrado para 14309694000158. Tentando abrir...
2026-03-10 14:50:53 | INFO     | __main__:_handle_report_tab:42 - Iniciando captura de relatório...
2026-03-10 14:50:53 | DEBUG    | __main__:_handle_report_tab:46 - Verificando botão antes do clique: {'onclick': None, 'href': 'https://storage.googleapis.com/storagescrapings.appspot.com/ecac/49586312000118/situacao-fiscal-2026-02-22-14309694000158--948949509956511023.pdf', 'text': '', 'download': True}
2026-03-10 14:50:54 | INFO     | __main__:_handle_report_tab:59 - Detectado link de PDF. Tentando download direto...
2026-03-10 14:51:09 | WARNING  | __main__:_handle_report_tab:72 - Falha no download direto, tentando via aba: Timeout 15000ms exceeded while waiting for event "download"
=========================== logs ===========================
waiting for event "download"
============================================================
2026-03-10 14:51:10 | INFO     | __main__:_handle_report_tab:84 - Relatório PDF em aba: https://storage.googleapis.com/storagescrapings.appspot.com/ecac/49586312000118/situacao-fiscal-2026-03-10-14309694000158--3051862370828887515.pdf. Baixando via request...
2026-03-10 14:51:11 | INFO     | __main__:_handle_report_tab:103 - Texto extraído (23783 chars). Analisando débitos e omissões...
2026-03-10 14:51:11 | INFO     | __main__:extract_pendencias:165 - Processando pendência para CNPJ: 18953881000120
2026-03-10 14:51:11 | INFO     | __main__:extract_pendencias:195 - Clicando em ATUALIZAR para 18953881000120
2026-03-10 14:51:14 | INFO     | __main__:extract_pendencias:203 - Botão Visualizar encontrado para 18953881000120. Tentando abrir...
2026-03-10 14:51:14 | INFO     | __main__:_handle_report_tab:42 - Iniciando captura de relatório...
2026-03-10 14:51:14 | DEBUG    | __main__:_handle_report_tab:46 - Verificando botão antes do clique: {'onclick': None, 'href': 'https://storage.googleapis.com/storagescrapings.appspot.com/ecac/49586312000118/situacao-fiscal-2026-02-22-18953881000120-9220702331204129121.pdf', 'text': '', 'download': True}
2026-03-10 14:51:16 | INFO     | __main__:_handle_report_tab:59 - Detectado link de PDF. Tentando download direto...
2026-03-10 14:51:31 | WARNING  | __main__:_handle_report_tab:72 - Falha no download direto, tentando via aba: Timeout 15000ms exceeded while waiting for event "download"
=========================== logs ===========================
waiting for event "download"
============================================================
2026-03-10 14:51:31 | INFO     | __main__:_handle_report_tab:84 - Relatório PDF em aba: https://storage.googleapis.com/storagescrapings.appspot.com/ecac/49586312000118/situacao-fiscal-2026-03-10-18953881000120-4204661046928822989.pdf. Baixando via request...
2026-03-10 14:51:31 | INFO     | __main__:_handle_report_tab:103 - Texto extraído (4731 chars). Analisando débitos e omissões...
2026-03-10 14:51:31 | INFO     | __main__:extract_pendencias:165 - Processando pendência para CNPJ: 04839451000178
2026-03-10 14:51:32 | INFO     | __main__:extract_pendencias:195 - Clicando em ATUALIZAR para 04839451000178
2026-03-10 14:51:35 | INFO     | __main__:extract_pendencias:203 - Botão Visualizar encontrado para 04839451000178. Tentando abrir...
2026-03-10 14:51:35 | INFO     | __main__:_handle_report_tab:42 - Iniciando captura de relatório...
2026-03-10 14:51:35 | DEBUG    | __main__:_handle_report_tab:46 - Verificando botão antes do clique: {'onclick': None, 'href': 'https://storage.googleapis.com/storagescrapings.appspot.com/ecac/49586312000118/situacao-fiscal-2026-02-22-04839451000178-3717403049354439224.pdf', 'text': '', 'download': True}
2026-03-10 14:51:37 | INFO     | __main__:_handle_report_tab:59 - Detectado link de PDF. Tentando download direto...
2026-03-10 14:51:52 | WARNING  | __main__:_handle_report_tab:72 - Falha no download direto, tentando via aba: Timeout 15000ms exceeded while waiting for event "download"
=========================== logs ===========================
waiting for event "download"
============================================================
2026-03-10 14:51:52 | INFO     | __main__:_handle_report_tab:84 - Relatório PDF em aba: https://storage.googleapis.com/storagescrapings.appspot.com/ecac/49586312000118/situacao-fiscal-2026-03-10-04839451000178--973435443530998097.pdf. Baixando via request...
2026-03-10 14:51:52 | INFO     | __main__:_handle_report_tab:103 - Texto extraído (3130 chars). Analisando débitos e omissões...
2026-03-10 14:51:52 | WARNING  | __main__:_handle_report_tab:107 - SiefParser não encontrou pendências no texto. Primeiros 200 chars: MINISTÉRIO DA ECONOMIA Por meio do Integra Contador
SECRETARIA ESPECIAL DA RECEITA FEDERAL DO BRASIL Autor pedido: 49.586.312/0001-18. Contratante: 28.408.293/0001-60
PROCURADORIA-GERAL DA FAZENDA NAC
2026-03-10 14:51:52 | INFO     | __main__:extract_pendencias:165 - Processando pendência para CNPJ: 60225957000168
2026-03-10 14:51:53 | INFO     | __main__:extract_pendencias:195 - Clicando em ATUALIZAR para 60225957000168
2026-03-10 14:51:56 | INFO     | __main__:extract_pendencias:203 - Botão Visualizar encontrado para 60225957000168. Tentando abrir...
2026-03-10 14:51:56 | INFO     | __main__:_handle_report_tab:42 - Iniciando captura de relatório...
2026-03-10 14:51:56 | DEBUG    | __main__:_handle_report_tab:46 - Verificando botão antes do clique: {'onclick': None, 'href': 'https://storage.googleapis.com/storagescrapings.appspot.com/ecac/49586312000118/situacao-fiscal-2026-03-03-60225957000168--1416239062786158798.pdf', 'text': '', 'download': True}
2026-03-10 14:51:57 | INFO     | __main__:_handle_report_tab:59 - Detectado link de PDF. Tentando download direto...
2026-03-10 14:52:12 | WARNING  | __main__:_handle_report_tab:72 - Falha no download direto, tentando via aba: Timeout 15000ms exceeded while waiting for event "download"
=========================== logs ===========================
waiting for event "download"
============================================================
2026-03-10 14:52:12 | INFO     | __main__:_handle_report_tab:84 - Relatório PDF em aba: https://storage.googleapis.com/storagescrapings.appspot.com/ecac/49586312000118/situacao-fiscal-2026-03-10-60225957000168--4094903209750811660.pdf. Baixando via request...
2026-03-10 14:52:12 | INFO     | __main__:_handle_report_tab:103 - Texto extraído (2073 chars). Analisando débitos e omissões...
2026-03-10 14:52:12 | WARNING  | __main__:_handle_report_tab:107 - SiefParser não encontrou pendências no texto. Primeiros 200 chars: MINISTÉRIO DA ECONOMIA Por meio do Integra Contador
SECRETARIA ESPECIAL DA RECEITA FEDERAL DO BRASIL Autor pedido: 49.586.312/0001-18. Contratante: 28.408.293/0001-60
PROCURADORIA-GERAL DA FAZENDA NAC
2026-03-10 14:52:12 | INFO     | __main__:extract_pendencias:165 - Processando pendência para CNPJ: 55147736000189
2026-03-10 14:52:13 | INFO     | __main__:extract_pendencias:195 - Clicando em ATUALIZAR para 55147736000189
2026-03-10 14:52:16 | INFO     | __main__:extract_pendencias:203 - Botão Visualizar encontrado para 55147736000189. Tentando abrir...
2026-03-10 14:52:16 | INFO     | __main__:_handle_report_tab:42 - Iniciando captura de relatório...
2026-03-10 14:52:16 | DEBUG    | __main__:_handle_report_tab:46 - Verificando botão antes do clique: {'onclick': None, 'href': 'https://storage.googleapis.com/storagescrapings.appspot.com/ecac/49586312000118/situacao-fiscal-2026-02-22-55147736000189--725046907208085807.pdf', 'text': '', 'download': True}
2026-03-10 14:52:18 | INFO     | __main__:_handle_report_tab:59 - Detectado link de PDF. Tentando download direto...
2026-03-10 14:52:33 | WARNING  | __main__:_handle_report_tab:72 - Falha no download direto, tentando via aba: Timeout 15000ms exceeded while waiting for event "download"
=========================== logs ===========================
waiting for event "download"
============================================================
2026-03-10 14:52:33 | INFO     | __main__:_handle_report_tab:84 - Relatório PDF em aba: https://storage.googleapis.com/storagescrapings.appspot.com/ecac/49586312000118/situacao-fiscal-2026-03-10-55147736000189--3684094752955401983.pdf. Baixando via request...
2026-03-10 14:52:33 | INFO     | __main__:_handle_report_tab:103 - Texto extraído (3434 chars). Analisando débitos e omissões...
2026-03-10 14:52:33 | INFO     | __main__:extract_pendencias:218 - Clicando em 'Próximo' para a próxima página...
2026-03-10 14:52:37 | INFO     | __main__:extract_pendencias:149 - Processando página 3...
2026-03-10 14:52:37 | INFO     | __main__:extract_pendencias:152 - Aguardando carregar a tabela de Situação Fiscal...
2026-03-10 14:52:37 | INFO     | __main__:extract_pendencias:157 - Processando 52 possíveis linhas na página 3...
2026-03-10 14:52:37 | INFO     | __main__:extract_pendencias:165 - Processando pendência para CNPJ: 12756985000169
2026-03-10 14:52:37 | INFO     | __main__:extract_pendencias:195 - Clicando em ATUALIZAR para 12756985000169
2026-03-10 14:52:40 | INFO     | __main__:extract_pendencias:203 - Botão Visualizar encontrado para 12756985000169. Tentando abrir...
2026-03-10 14:52:40 | INFO     | __main__:_handle_report_tab:42 - Iniciando captura de relatório...
2026-03-10 14:52:40 | DEBUG    | __main__:_handle_report_tab:46 - Verificando botão antes do clique: {'onclick': None, 'href': 'https://storage.googleapis.com/storagescrapings.appspot.com/ecac/49586312000118/situacao-fiscal-2026-02-22-12756985000169-7571120000485347174.pdf', 'text': '', 'download': True}
2026-03-10 14:52:42 | INFO     | __main__:_handle_report_tab:59 - Detectado link de PDF. Tentando download direto...
2026-03-10 14:52:57 | WARNING  | __main__:_handle_report_tab:72 - Falha no download direto, tentando via aba: Timeout 15000ms exceeded while waiting for event "download"
=========================== logs ===========================
waiting for event "download"
============================================================
2026-03-10 14:52:57 | INFO     | __main__:_handle_report_tab:84 - Relatório PDF em aba: https://storage.googleapis.com/storagescrapings.appspot.com/ecac/49586312000118/situacao-fiscal-2026-03-10-12756985000169--9215023218627312563.pdf. Baixando via request...
2026-03-10 14:52:58 | INFO     | __main__:_handle_report_tab:103 - Texto extraído (10509 chars). Analisando débitos e omissões...
2026-03-10 14:52:58 | INFO     | __main__:extract_pendencias:165 - Processando pendência para CNPJ: 04607567000181
2026-03-10 14:52:58 | INFO     | __main__:extract_pendencias:195 - Clicando em ATUALIZAR para 04607567000181
2026-03-10 14:53:01 | INFO     | __main__:extract_pendencias:203 - Botão Visualizar encontrado para 04607567000181. Tentando abrir...
2026-03-10 14:53:01 | INFO     | __main__:_handle_report_tab:42 - Iniciando captura de relatório...
2026-03-10 14:53:02 | DEBUG    | __main__:_handle_report_tab:46 - Verificando botão antes do clique: {'onclick': None, 'href': 'https://storage.googleapis.com/storagescrapings.appspot.com/ecac/49586312000118/situacao-fiscal-2026-02-22-04607567000181--1679921186021931762.pdf', 'text': '', 'download': True}
2026-03-10 14:53:02 | INFO     | __main__:_handle_report_tab:59 - Detectado link de PDF. Tentando download direto...
2026-03-10 14:53:17 | WARNING  | __main__:_handle_report_tab:72 - Falha no download direto, tentando via aba: Timeout 15000ms exceeded while waiting for event "download"
=========================== logs ===========================
waiting for event "download"
============================================================
2026-03-10 14:53:18 | INFO     | __main__:_handle_report_tab:84 - Relatório PDF em aba: https://storage.googleapis.com/storagescrapings.appspot.com/ecac/49586312000118/situacao-fiscal-2026-03-10-04607567000181--4594092279673891863.pdf. Baixando via request...
2026-03-10 14:53:19 | INFO     | __main__:_handle_report_tab:103 - Texto extraído (33535 chars). Analisando débitos e omissões...
2026-03-10 14:53:19 | INFO     | __main__:extract_pendencias:165 - Processando pendência para CNPJ: 07008842000139
2026-03-10 14:53:20 | INFO     | __main__:extract_pendencias:195 - Clicando em ATUALIZAR para 07008842000139
2026-03-10 14:53:23 | INFO     | __main__:extract_pendencias:203 - Botão Visualizar encontrado para 07008842000139. Tentando abrir...
2026-03-10 14:53:23 | INFO     | __main__:_handle_report_tab:42 - Iniciando captura de relatório...
2026-03-10 14:53:23 | DEBUG    | __main__:_handle_report_tab:46 - Verificando botão antes do clique: {'onclick': None, 'href': 'https://storage.googleapis.com/storagescrapings.appspot.com/ecac/49586312000118/situacao-fiscal-2026-02-22-07008842000139-3982467141048015464.pdf', 'text': '', 'download': True}
2026-03-10 14:53:24 | INFO     | __main__:_handle_report_tab:59 - Detectado link de PDF. Tentando download direto...
2026-03-10 14:53:39 | WARNING  | __main__:_handle_report_tab:72 - Falha no download direto, tentando via aba: Timeout 15000ms exceeded while waiting for event "download"
=========================== logs ===========================
waiting for event "download"
============================================================
2026-03-10 14:53:40 | INFO     | __main__:_handle_report_tab:84 - Relatório PDF em aba: https://storage.googleapis.com/storagescrapings.appspot.com/ecac/49586312000118/situacao-fiscal-2026-03-10-07008842000139-143221830842184948.pdf. Baixando via request...
2026-03-10 14:53:40 | INFO     | __main__:_handle_report_tab:103 - Texto extraído (11646 chars). Analisando débitos e omissões...
2026-03-10 14:53:40 | INFO     | __main__:extract_pendencias:165 - Processando pendência para CNPJ: 13341532000134
2026-03-10 14:53:41 | INFO     | __main__:extract_pendencias:195 - Clicando em ATUALIZAR para 13341532000134
2026-03-10 14:53:44 | INFO     | __main__:extract_pendencias:203 - Botão Visualizar encontrado para 13341532000134. Tentando abrir...
2026-03-10 14:53:44 | INFO     | __main__:_handle_report_tab:42 - Iniciando captura de relatório...
2026-03-10 14:53:44 | DEBUG    | __main__:_handle_report_tab:46 - Verificando botão antes do clique: {'onclick': None, 'href': 'https://storage.googleapis.com/storagescrapings.appspot.com/ecac/49586312000118/situacao-fiscal-2026-02-22-13341532000134--900026893612393448.pdf', 'text': '', 'download': True}
2026-03-10 14:53:46 | INFO     | __main__:_handle_report_tab:59 - Detectado link de PDF. Tentando download direto...
2026-03-10 14:54:01 | WARNING  | __main__:_handle_report_tab:72 - Falha no download direto, tentando via aba: Timeout 15000ms exceeded while waiting for event "download"
=========================== logs ===========================
waiting for event "download"
============================================================
2026-03-10 14:54:01 | INFO     | __main__:_handle_report_tab:84 - Relatório PDF em aba: https://storage.googleapis.com/storagescrapings.appspot.com/ecac/49586312000118/situacao-fiscal-2026-03-10-13341532000134--9057564880433225874.pdf. Baixando via request...
2026-03-10 14:54:01 | INFO     | __main__:_handle_report_tab:103 - Texto extraído (4026 chars). Analisando débitos e omissões...
2026-03-10 14:54:01 | INFO     | __main__:extract_pendencias:165 - Processando pendência para CNPJ: 06314992000108
2026-03-10 14:54:01 | INFO     | __main__:extract_pendencias:195 - Clicando em ATUALIZAR para 06314992000108
2026-03-10 14:54:04 | INFO     | __main__:extract_pendencias:203 - Botão Visualizar encontrado para 06314992000108. Tentando abrir...
2026-03-10 14:54:04 | INFO     | __main__:_handle_report_tab:42 - Iniciando captura de relatório...
2026-03-10 14:54:05 | DEBUG    | __main__:_handle_report_tab:46 - Verificando botão antes do clique: {'onclick': None, 'href': 'https://storage.googleapis.com/storagescrapings.appspot.com/ecac/49586312000118/situacao-fiscal-2026-02-22-06314992000108-4384678236198034620.pdf', 'text': '', 'download': True}
2026-03-10 14:54:06 | INFO     | __main__:_handle_report_tab:59 - Detectado link de PDF. Tentando download direto...
2026-03-10 14:54:21 | WARNING  | __main__:_handle_report_tab:72 - Falha no download direto, tentando via aba: Timeout 15000ms exceeded while waiting for event "download"
=========================== logs ===========================
waiting for event "download"
============================================================
2026-03-10 14:54:21 | INFO     | __main__:_handle_report_tab:84 - Relatório PDF em aba: https://storage.googleapis.com/storagescrapings.appspot.com/ecac/49586312000118/situacao-fiscal-2026-03-10-06314992000108-7122542634515293754.pdf. Baixando via request...
2026-03-10 14:54:22 | INFO     | __main__:_handle_report_tab:103 - Texto extraído (14519 chars). Analisando débitos e omissões...
2026-03-10 14:54:22 | INFO     | __main__:extract_pendencias:165 - Processando pendência para CNPJ: 38005116000196
2026-03-10 14:54:22 | INFO     | __main__:extract_pendencias:195 - Clicando em ATUALIZAR para 38005116000196
2026-03-10 14:54:25 | INFO     | __main__:extract_pendencias:203 - Botão Visualizar encontrado para 38005116000196. Tentando abrir...
2026-03-10 14:54:25 | INFO     | __main__:_handle_report_tab:42 - Iniciando captura de relatório...
2026-03-10 14:54:25 | DEBUG    | __main__:_handle_report_tab:46 - Verificando botão antes do clique: {'onclick': None, 'href': 'https://storage.googleapis.com/storagescrapings.appspot.com/ecac/49586312000118/situacao-fiscal-2026-02-22-38005116000196--676201082961757335.pdf', 'text': '', 'download': True}
2026-03-10 14:54:27 | INFO     | __main__:_handle_report_tab:59 - Detectado link de PDF. Tentando download direto...
2026-03-10 14:54:42 | WARNING  | __main__:_handle_report_tab:72 - Falha no download direto, tentando via aba: Timeout 15000ms exceeded while waiting for event "download"
=========================== logs ===========================
waiting for event "download"
============================================================
2026-03-10 14:54:42 | INFO     | __main__:_handle_report_tab:84 - Relatório PDF em aba: https://storage.googleapis.com/storagescrapings.appspot.com/ecac/49586312000118/situacao-fiscal-2026-03-10-38005116000196-4313020037022786564.pdf. Baixando via request...
2026-03-10 14:54:42 | INFO     | __main__:_handle_report_tab:103 - Texto extraído (2233 chars). Analisando débitos e omissões...
2026-03-10 14:54:42 | INFO     | __main__:extract_pendencias:165 - Processando pendência para CNPJ: 10632502000199
2026-03-10 14:54:43 | INFO     | __main__:extract_pendencias:195 - Clicando em ATUALIZAR para 10632502000199
2026-03-10 14:54:46 | INFO     | __main__:extract_pendencias:203 - Botão Visualizar encontrado para 10632502000199. Tentando abrir...
2026-03-10 14:54:46 | INFO     | __main__:_handle_report_tab:42 - Iniciando captura de relatório...
2026-03-10 14:54:46 | DEBUG    | __main__:_handle_report_tab:46 - Verificando botão antes do clique: {'onclick': None, 'href': 'https://storage.googleapis.com/storagescrapings.appspot.com/ecac/49586312000118/situacao-fiscal-2026-02-22-10632502000199--1155512088200343035.pdf', 'text': '', 'download': True}
2026-03-10 14:54:47 | INFO     | __main__:_handle_report_tab:59 - Detectado link de PDF. Tentando download direto...
2026-03-10 14:55:02 | WARNING  | __main__:_handle_report_tab:72 - Falha no download direto, tentando via aba: Timeout 15000ms exceeded while waiting for event "download"
=========================== logs ===========================
waiting for event "download"
============================================================
2026-03-10 14:55:10 | ERROR    | __main__:_handle_report_tab:100 - Falha ao capturar via aba: Timeout 8000ms exceeded while waiting for event "page"
2026-03-10 14:55:10 | WARNING  | __main__:extract_pendencias:213 - Não foi possível extrair pendências para 10632502000199
2026-03-10 14:55:10 | INFO     | __main__:extract_pendencias:165 - Processando pendência para CNPJ: 04074648000163
2026-03-10 14:55:11 | INFO     | __main__:extract_pendencias:195 - Clicando em ATUALIZAR para 04074648000163
2026-03-10 14:55:14 | INFO     | __main__:extract_pendencias:203 - Botão Visualizar encontrado para 04074648000163. Tentando abrir...
2026-03-10 14:55:14 | INFO     | __main__:_handle_report_tab:42 - Iniciando captura de relatório...
2026-03-10 14:55:14 | DEBUG    | __main__:_handle_report_tab:46 - Verificando botão antes do clique: {'onclick': None, 'href': 'https://storage.googleapis.com/storagescrapings.appspot.com/ecac/49586312000118/situacao-fiscal-2026-02-22-04074648000163--3362887666505356926.pdf', 'text': '', 'download': True}
2026-03-10 14:55:15 | INFO     | __main__:_handle_report_tab:59 - Detectado link de PDF. Tentando download direto...
2026-03-10 14:55:30 | WARNING  | __main__:_handle_report_tab:72 - Falha no download direto, tentando via aba: Timeout 15000ms exceeded while waiting for event "download"
=========================== logs ===========================
waiting for event "download"
============================================================
2026-03-10 14:55:30 | INFO     | __main__:_handle_report_tab:84 - Relatório PDF em aba: https://storage.googleapis.com/storagescrapings.appspot.com/ecac/49586312000118/situacao-fiscal-2026-03-10-04074648000163-1901401639797313343.pdf. Baixando via request...
2026-03-10 14:55:32 | INFO     | __main__:_handle_report_tab:103 - Texto extraído (36339 chars). Analisando débitos e omissões...
2026-03-10 14:55:32 | INFO     | __main__:extract_pendencias:165 - Processando pendência para CNPJ: 04074648000244
2026-03-10 14:55:33 | INFO     | __main__:extract_pendencias:195 - Clicando em ATUALIZAR para 04074648000244
2026-03-10 14:55:36 | INFO     | __main__:extract_pendencias:203 - Botão Visualizar encontrado para 04074648000244. Tentando abrir...
2026-03-10 14:55:36 | INFO     | __main__:_handle_report_tab:42 - Iniciando captura de relatório...
2026-03-10 14:55:36 | DEBUG    | __main__:_handle_report_tab:46 - Verificando botão antes do clique: {'onclick': None, 'href': 'https://storage.googleapis.com/storagescrapings.appspot.com/ecac/49586312000118/situacao-fiscal-2026-02-22-04074648000244-2607285647388653961.pdf', 'text': '', 'download': True}
2026-03-10 14:55:37 | INFO     | __main__:_handle_report_tab:59 - Detectado link de PDF. Tentando download direto...
2026-03-10 14:55:52 | WARNING  | __main__:_handle_report_tab:72 - Falha no download direto, tentando via aba: Timeout 15000ms exceeded while waiting for event "download"
=========================== logs ===========================
waiting for event "download"
============================================================
2026-03-10 14:55:53 | INFO     | __main__:_handle_report_tab:84 - Relatório PDF em aba: https://storage.googleapis.com/storagescrapings.appspot.com/ecac/49586312000118/situacao-fiscal-2026-03-10-04074648000244--1854371671782504086.pdf. Baixando via request...
2026-03-10 14:55:54 | INFO     | __main__:_handle_report_tab:103 - Texto extraído (36807 chars). Analisando débitos e omissões...
2026-03-10 14:55:54 | INFO     | __main__:extract_pendencias:165 - Processando pendência para CNPJ: 04074648000325
2026-03-10 14:55:55 | INFO     | __main__:extract_pendencias:195 - Clicando em ATUALIZAR para 04074648000325
2026-03-10 14:55:58 | INFO     | __main__:extract_pendencias:203 - Botão Visualizar encontrado para 04074648000325. Tentando abrir...
2026-03-10 14:55:58 | INFO     | __main__:_handle_report_tab:42 - Iniciando captura de relatório...
2026-03-10 14:55:58 | DEBUG    | __main__:_handle_report_tab:46 - Verificando botão antes do clique: {'onclick': None, 'href': 'https://storage.googleapis.com/storagescrapings.appspot.com/ecac/49586312000118/situacao-fiscal-2026-02-22-04074648000325-1059041602931755256.pdf', 'text': '', 'download': True}
2026-03-10 14:56:00 | INFO     | __main__:_handle_report_tab:59 - Detectado link de PDF. Tentando download direto...
2026-03-10 14:56:15 | WARNING  | __main__:_handle_report_tab:72 - Falha no download direto, tentando via aba: Timeout 15000ms exceeded while waiting for event "download"
=========================== logs ===========================
waiting for event "download"
============================================================
2026-03-10 14:56:15 | INFO     | __main__:_handle_report_tab:84 - Relatório PDF em aba: https://storage.googleapis.com/storagescrapings.appspot.com/ecac/49586312000118/situacao-fiscal-2026-03-10-04074648000325--508004804331458282.pdf. Baixando via request...
2026-03-10 14:56:17 | INFO     | __main__:_handle_report_tab:103 - Texto extraído (36764 chars). Analisando débitos e omissões...
2026-03-10 14:56:17 | INFO     | __main__:extract_pendencias:165 - Processando pendência para CNPJ: 04074648000406
2026-03-10 14:56:17 | INFO     | __main__:extract_pendencias:195 - Clicando em ATUALIZAR para 04074648000406
2026-03-10 14:56:20 | INFO     | __main__:extract_pendencias:203 - Botão Visualizar encontrado para 04074648000406. Tentando abrir...
2026-03-10 14:56:20 | INFO     | __main__:_handle_report_tab:42 - Iniciando captura de relatório...
2026-03-10 14:56:20 | DEBUG    | __main__:_handle_report_tab:46 - Verificando botão antes do clique: {'onclick': None, 'href': 'https://storage.googleapis.com/storagescrapings.appspot.com/ecac/49586312000118/situacao-fiscal-2026-02-22-04074648000406-5099388520655916232.pdf', 'text': '', 'download': True}
2026-03-10 14:56:22 | INFO     | __main__:_handle_report_tab:59 - Detectado link de PDF. Tentando download direto...
2026-03-10 14:56:37 | WARNING  | __main__:_handle_report_tab:72 - Falha no download direto, tentando via aba: Timeout 15000ms exceeded while waiting for event "download"
=========================== logs ===========================
waiting for event "download"
============================================================
2026-03-10 14:56:37 | INFO     | __main__:_handle_report_tab:84 - Relatório PDF em aba: https://storage.googleapis.com/storagescrapings.appspot.com/ecac/49586312000118/situacao-fiscal-2026-03-10-04074648000406--6524163024750497280.pdf. Baixando via request...
2026-03-10 14:56:39 | INFO     | __main__:_handle_report_tab:103 - Texto extraído (36799 chars). Analisando débitos e omissões...
2026-03-10 14:56:39 | INFO     | __main__:extract_pendencias:165 - Processando pendência para CNPJ: 07649768000130
2026-03-10 14:56:40 | INFO     | __main__:extract_pendencias:195 - Clicando em ATUALIZAR para 07649768000130
2026-03-10 14:56:43 | INFO     | __main__:extract_pendencias:203 - Botão Visualizar encontrado para 07649768000130. Tentando abrir...
2026-03-10 14:56:43 | INFO     | __main__:_handle_report_tab:42 - Iniciando captura de relatório...
2026-03-10 14:56:43 | DEBUG    | __main__:_handle_report_tab:46 - Verificando botão antes do clique: {'onclick': None, 'href': 'https://storage.googleapis.com/storagescrapings.appspot.com/ecac/49586312000118/situacao-fiscal-2026-02-22-07649768000130--6638915517323262508.pdf', 'text': '', 'download': True}
2026-03-10 14:56:44 | INFO     | __main__:_handle_report_tab:59 - Detectado link de PDF. Tentando download direto...
2026-03-10 14:56:59 | WARNING  | __main__:_handle_report_tab:72 - Falha no download direto, tentando via aba: Timeout 15000ms exceeded while waiting for event "download"
=========================== logs ===========================
waiting for event "download"
============================================================
2026-03-10 14:56:59 | INFO     | __main__:_handle_report_tab:84 - Relatório PDF em aba: https://storage.googleapis.com/storagescrapings.appspot.com/ecac/49586312000118/situacao-fiscal-2026-03-10-07649768000130-3971552437186384746.pdf. Baixando via request...
2026-03-10 14:57:00 | INFO     | __main__:_handle_report_tab:103 - Texto extraído (2136 chars). Analisando débitos e omissões...
2026-03-10 14:57:00 | WARNING  | __main__:_handle_report_tab:107 - SiefParser não encontrou pendências no texto. Primeiros 200 chars: MINISTÉRIO DA ECONOMIA Por meio do Integra Contador
SECRETARIA ESPECIAL DA RECEITA FEDERAL DO BRASIL Autor pedido: 49.586.312/0001-18. Contratante: 28.408.293/0001-60
PROCURADORIA-GERAL DA FAZENDA NAC
2026-03-10 14:57:00 | INFO     | __main__:extract_pendencias:165 - Processando pendência para CNPJ: 09033381000180
2026-03-10 14:57:00 | INFO     | __main__:extract_pendencias:195 - Clicando em ATUALIZAR para 09033381000180
2026-03-10 14:57:03 | INFO     | __main__:extract_pendencias:203 - Botão Visualizar encontrado para 09033381000180. Tentando abrir...
2026-03-10 14:57:03 | INFO     | __main__:_handle_report_tab:42 - Iniciando captura de relatório...
2026-03-10 14:57:03 | DEBUG    | __main__:_handle_report_tab:46 - Verificando botão antes do clique: {'onclick': None, 'href': 'https://storage.googleapis.com/storagescrapings.appspot.com/ecac/49586312000118/situacao-fiscal-2026-02-22-09033381000180-1957018979419962493.pdf', 'text': '', 'download': True}
2026-03-10 14:57:05 | INFO     | __main__:_handle_report_tab:59 - Detectado link de PDF. Tentando download direto...
2026-03-10 14:57:20 | WARNING  | __main__:_handle_report_tab:72 - Falha no download direto, tentando via aba: Timeout 15000ms exceeded while waiting for event "download"
=========================== logs ===========================
waiting for event "download"
============================================================
2026-03-10 14:57:20 | INFO     | __main__:_handle_report_tab:84 - Relatório PDF em aba: https://storage.googleapis.com/storagescrapings.appspot.com/ecac/49586312000118/situacao-fiscal-2026-03-10-09033381000180-6517801692284245512.pdf. Baixando via request...
2026-03-10 14:57:22 | INFO     | __main__:_handle_report_tab:103 - Texto extraído (30830 chars). Analisando débitos e omissões...
2026-03-10 14:57:22 | INFO     | __main__:extract_pendencias:165 - Processando pendência para CNPJ: 09033381000937
2026-03-10 14:57:23 | INFO     | __main__:extract_pendencias:195 - Clicando em ATUALIZAR para 09033381000937
2026-03-10 14:57:26 | INFO     | __main__:extract_pendencias:203 - Botão Visualizar encontrado para 09033381000937. Tentando abrir...
2026-03-10 14:57:26 | INFO     | __main__:_handle_report_tab:42 - Iniciando captura de relatório...
2026-03-10 14:57:26 | DEBUG    | __main__:_handle_report_tab:46 - Verificando botão antes do clique: {'onclick': None, 'href': 'https://storage.googleapis.com/storagescrapings.appspot.com/ecac/49586312000118/situacao-fiscal-2026-02-22-09033381000937-3680838182504969752.pdf', 'text': '', 'download': True}
2026-03-10 14:57:27 | INFO     | __main__:_handle_report_tab:59 - Detectado link de PDF. Tentando download direto...
2026-03-10 14:57:42 | WARNING  | __main__:_handle_report_tab:72 - Falha no download direto, tentando via aba: Timeout 15000ms exceeded while waiting for event "download"
=========================== logs ===========================
waiting for event "download"
============================================================
2026-03-10 14:57:42 | INFO     | __main__:_handle_report_tab:84 - Relatório PDF em aba: https://storage.googleapis.com/storagescrapings.appspot.com/ecac/49586312000118/situacao-fiscal-2026-03-10-09033381000937--8914474224969463170.pdf. Baixando via request...
2026-03-10 14:57:44 | INFO     | __main__:_handle_report_tab:103 - Texto extraído (31624 chars). Analisando débitos e omissões...
2026-03-10 14:57:44 | INFO     | __main__:extract_pendencias:165 - Processando pendência para CNPJ: 09033381001402
2026-03-10 14:57:45 | INFO     | __main__:extract_pendencias:195 - Clicando em ATUALIZAR para 09033381001402
2026-03-10 14:57:48 | INFO     | __main__:extract_pendencias:203 - Botão Visualizar encontrado para 09033381001402. Tentando abrir...
2026-03-10 14:57:48 | INFO     | __main__:_handle_report_tab:42 - Iniciando captura de relatório...
2026-03-10 14:57:48 | DEBUG    | __main__:_handle_report_tab:46 - Verificando botão antes do clique: {'onclick': None, 'href': 'https://storage.googleapis.com/storagescrapings.appspot.com/ecac/49586312000118/situacao-fiscal-2026-02-22-09033381001402-2718363456450616765.pdf', 'text': '', 'download': True}
2026-03-10 14:57:49 | INFO     | __main__:_handle_report_tab:59 - Detectado link de PDF. Tentando download direto...
2026-03-10 14:58:04 | WARNING  | __main__:_handle_report_tab:72 - Falha no download direto, tentando via aba: Timeout 15000ms exceeded while waiting for event "download"
=========================== logs ===========================
waiting for event "download"
============================================================
2026-03-10 14:58:12 | ERROR    | __main__:_handle_report_tab:100 - Falha ao capturar via aba: Timeout 8000ms exceeded while waiting for event "page"
2026-03-10 14:58:12 | WARNING  | __main__:extract_pendencias:213 - Não foi possível extrair pendências para 09033381001402
2026-03-10 14:58:12 | INFO     | __main__:extract_pendencias:165 - Processando pendência para CNPJ: 09033381000503
2026-03-10 14:58:13 | INFO     | __main__:extract_pendencias:195 - Clicando em ATUALIZAR para 09033381000503
2026-03-10 14:58:16 | INFO     | __main__:extract_pendencias:203 - Botão Visualizar encontrado para 09033381000503. Tentando abrir...
2026-03-10 14:58:16 | INFO     | __main__:_handle_report_tab:42 - Iniciando captura de relatório...
2026-03-10 14:58:16 | DEBUG    | __main__:_handle_report_tab:46 - Verificando botão antes do clique: {'onclick': None, 'href': 'https://storage.googleapis.com/storagescrapings.appspot.com/ecac/49586312000118/situacao-fiscal-2026-02-22-09033381000503--4259637242601616360.pdf', 'text': '', 'download': True}
2026-03-10 14:58:17 | INFO     | __main__:_handle_report_tab:59 - Detectado link de PDF. Tentando download direto...
2026-03-10 14:58:32 | WARNING  | __main__:_handle_report_tab:72 - Falha no download direto, tentando via aba: Timeout 15000ms exceeded while waiting for event "download"
=========================== logs ===========================
waiting for event "download"
============================================================
2026-03-10 14:58:32 | INFO     | __main__:_handle_report_tab:84 - Relatório PDF em aba: https://storage.googleapis.com/storagescrapings.appspot.com/ecac/49586312000118/situacao-fiscal-2026-03-10-09033381000503-872557732952327831.pdf. Baixando via request...
2026-03-10 14:58:34 | INFO     | __main__:_handle_report_tab:103 - Texto extraído (31592 chars). Analisando débitos e omissões...
2026-03-10 14:58:34 | INFO     | __main__:extract_pendencias:165 - Processando pendência para CNPJ: 09033381001232
2026-03-10 14:58:34 | INFO     | __main__:extract_pendencias:195 - Clicando em ATUALIZAR para 09033381001232
2026-03-10 14:58:37 | INFO     | __main__:extract_pendencias:203 - Botão Visualizar encontrado para 09033381001232. Tentando abrir...
2026-03-10 14:58:37 | INFO     | __main__:_handle_report_tab:42 - Iniciando captura de relatório...
2026-03-10 14:58:37 | DEBUG    | __main__:_handle_report_tab:46 - Verificando botão antes do clique: {'onclick': None, 'href': 'https://storage.googleapis.com/storagescrapings.appspot.com/ecac/49586312000118/situacao-fiscal-2026-02-22-09033381001232--4568744454255834334.pdf', 'text': '', 'download': True}
2026-03-10 14:58:39 | INFO     | __main__:_handle_report_tab:59 - Detectado link de PDF. Tentando download direto...
2026-03-10 14:58:54 | WARNING  | __main__:_handle_report_tab:72 - Falha no download direto, tentando via aba: Timeout 15000ms exceeded while waiting for event "download"
=========================== logs ===========================
waiting for event "download"
============================================================
2026-03-10 14:58:54 | INFO     | __main__:_handle_report_tab:84 - Relatório PDF em aba: https://storage.googleapis.com/storagescrapings.appspot.com/ecac/49586312000118/situacao-fiscal-2026-03-10-09033381001232-2467767129515765189.pdf. Baixando via request...
2026-03-10 14:58:56 | INFO     | __main__:_handle_report_tab:103 - Texto extraído (31634 chars). Analisando débitos e omissões...
2026-03-10 14:58:56 | INFO     | __main__:extract_pendencias:165 - Processando pendência para CNPJ: 22331256000114
2026-03-10 14:58:57 | INFO     | __main__:extract_pendencias:195 - Clicando em ATUALIZAR para 22331256000114
2026-03-10 14:59:00 | INFO     | __main__:extract_pendencias:203 - Botão Visualizar encontrado para 22331256000114. Tentando abrir...
2026-03-10 14:59:00 | INFO     | __main__:_handle_report_tab:42 - Iniciando captura de relatório...
2026-03-10 14:59:00 | DEBUG    | __main__:_handle_report_tab:46 - Verificando botão antes do clique: {'onclick': None, 'href': 'https://storage.googleapis.com/storagescrapings.appspot.com/ecac/49586312000118/situacao-fiscal-2026-02-22-22331256000114-7970350485658508634.pdf', 'text': '', 'download': True}
2026-03-10 14:59:01 | INFO     | __main__:_handle_report_tab:59 - Detectado link de PDF. Tentando download direto...
2026-03-10 14:59:16 | WARNING  | __main__:_handle_report_tab:72 - Falha no download direto, tentando via aba: Timeout 15000ms exceeded while waiting for event "download"
=========================== logs ===========================
waiting for event "download"
============================================================
2026-03-10 14:59:16 | INFO     | __main__:_handle_report_tab:84 - Relatório PDF em aba: https://storage.googleapis.com/storagescrapings.appspot.com/ecac/49586312000118/situacao-fiscal-2026-03-10-22331256000114-8881860330563621271.pdf. Baixando via request...
2026-03-10 14:59:18 | INFO     | __main__:_handle_report_tab:103 - Texto extraído (33457 chars). Analisando débitos e omissões...
2026-03-10 14:59:19 | INFO     | __main__:extract_pendencias:218 - Clicando em 'Próximo' para a próxima página...
2026-03-10 14:59:23 | INFO     | __main__:extract_pendencias:149 - Processando página 4...
2026-03-10 14:59:23 | INFO     | __main__:extract_pendencias:152 - Aguardando carregar a tabela de Situação Fiscal...
2026-03-10 14:59:23 | INFO     | __main__:extract_pendencias:157 - Processando 52 possíveis linhas na página 4...
2026-03-10 14:59:23 | INFO     | __main__:extract_pendencias:165 - Processando pendência para CNPJ: 13959382000127
2026-03-10 14:59:23 | INFO     | __main__:extract_pendencias:195 - Clicando em ATUALIZAR para 13959382000127
2026-03-10 14:59:26 | INFO     | __main__:extract_pendencias:203 - Botão Visualizar encontrado para 13959382000127. Tentando abrir...
2026-03-10 14:59:26 | INFO     | __main__:_handle_report_tab:42 - Iniciando captura de relatório...
2026-03-10 14:59:26 | DEBUG    | __main__:_handle_report_tab:46 - Verificando botão antes do clique: {'onclick': None, 'href': 'https://storage.googleapis.com/storagescrapings.appspot.com/ecac/49586312000118/situacao-fiscal-2026-03-03-13959382000127--7835631369031261431.pdf', 'text': '', 'download': True}
2026-03-10 14:59:28 | INFO     | __main__:_handle_report_tab:59 - Detectado link de PDF. Tentando download direto...
2026-03-10 14:59:43 | WARNING  | __main__:_handle_report_tab:72 - Falha no download direto, tentando via aba: Timeout 15000ms exceeded while waiting for event "download"
=========================== logs ===========================
waiting for event "download"
============================================================
2026-03-10 14:59:43 | INFO     | __main__:_handle_report_tab:84 - Relatório PDF em aba: https://storage.googleapis.com/storagescrapings.appspot.com/ecac/49586312000118/situacao-fiscal-2026-03-10-13959382000127--6462515089312017991.pdf. Baixando via request...
2026-03-10 14:59:43 | INFO     | __main__:_handle_report_tab:103 - Texto extraído (2995 chars). Analisando débitos e omissões...
2026-03-10 14:59:44 | INFO     | __main__:extract_pendencias:165 - Processando pendência para CNPJ: 18783002000160
2026-03-10 14:59:44 | INFO     | __main__:extract_pendencias:195 - Clicando em ATUALIZAR para 18783002000160
2026-03-10 14:59:47 | INFO     | __main__:extract_pendencias:203 - Botão Visualizar encontrado para 18783002000160. Tentando abrir...
2026-03-10 14:59:47 | INFO     | __main__:_handle_report_tab:42 - Iniciando captura de relatório...
2026-03-10 14:59:47 | DEBUG    | __main__:_handle_report_tab:46 - Verificando botão antes do clique: {'onclick': None, 'href': 'https://storage.googleapis.com/storagescrapings.appspot.com/ecac/49586312000118/situacao-fiscal-2026-02-22-18783002000160-5649688216146786260.pdf', 'text': '', 'download': True}
2026-03-10 14:59:49 | INFO     | __main__:_handle_report_tab:59 - Detectado link de PDF. Tentando download direto...
2026-03-10 15:00:04 | WARNING  | __main__:_handle_report_tab:72 - Falha no download direto, tentando via aba: Timeout 15000ms exceeded while waiting for event "download"
=========================== logs ===========================
waiting for event "download"
============================================================
2026-03-10 15:00:04 | INFO     | __main__:_handle_report_tab:84 - Relatório PDF em aba: https://storage.googleapis.com/storagescrapings.appspot.com/ecac/49586312000118/situacao-fiscal-2026-03-10-18783002000160-1708363807041399341.pdf. Baixando via request...
2026-03-10 15:00:04 | INFO     | __main__:_handle_report_tab:103 - Texto extraído (2423 chars). Analisando débitos e omissões...
2026-03-10 15:00:04 | INFO     | __main__:extract_pendencias:165 - Processando pendência para CNPJ: 24605630000158
2026-03-10 15:00:05 | INFO     | __main__:extract_pendencias:195 - Clicando em ATUALIZAR para 24605630000158
2026-03-10 15:00:08 | INFO     | __main__:extract_pendencias:203 - Botão Visualizar encontrado para 24605630000158. Tentando abrir...
2026-03-10 15:00:08 | INFO     | __main__:_handle_report_tab:42 - Iniciando captura de relatório...
2026-03-10 15:00:08 | DEBUG    | __main__:_handle_report_tab:46 - Verificando botão antes do clique: {'onclick': None, 'href': 'https://storage.googleapis.com/storagescrapings.appspot.com/ecac/49586312000118/situacao-fiscal-2026-03-03-24605630000158-6524622243770263639.pdf', 'text': '', 'download': True}
2026-03-10 15:00:10 | INFO     | __main__:_handle_report_tab:59 - Detectado link de PDF. Tentando download direto...
2026-03-10 15:00:25 | WARNING  | __main__:_handle_report_tab:72 - Falha no download direto, tentando via aba: Timeout 15000ms exceeded while waiting for event "download"
=========================== logs ===========================
waiting for event "download"
============================================================
2026-03-10 15:00:25 | INFO     | __main__:_handle_report_tab:84 - Relatório PDF em aba: https://storage.googleapis.com/storagescrapings.appspot.com/ecac/49586312000118/situacao-fiscal-2026-03-10-24605630000158-8543386902544958357.pdf. Baixando via request...
2026-03-10 15:00:25 | INFO     | __main__:_handle_report_tab:103 - Texto extraído (2231 chars). Analisando débitos e omissões...
2026-03-10 15:00:25 | WARNING  | __main__:_handle_report_tab:107 - SiefParser não encontrou pendências no texto. Primeiros 200 chars: MINISTÉRIO DA ECONOMIA Por meio do Integra Contador
SECRETARIA ESPECIAL DA RECEITA FEDERAL DO BRASIL Autor pedido: 49.586.312/0001-18. Contratante: 28.408.293/0001-60
PROCURADORIA-GERAL DA FAZENDA NAC
2026-03-10 15:00:25 | INFO     | __main__:extract_pendencias:165 - Processando pendência para CNPJ: 40626350000182
2026-03-10 15:00:26 | INFO     | __main__:extract_pendencias:195 - Clicando em ATUALIZAR para 40626350000182
2026-03-10 15:00:29 | INFO     | __main__:extract_pendencias:203 - Botão Visualizar encontrado para 40626350000182. Tentando abrir...
2026-03-10 15:00:29 | INFO     | __main__:_handle_report_tab:42 - Iniciando captura de relatório...
2026-03-10 15:00:29 | DEBUG    | __main__:_handle_report_tab:46 - Verificando botão antes do clique: {'onclick': None, 'href': 'https://storage.googleapis.com/storagescrapings.appspot.com/ecac/49586312000118/situacao-fiscal-2026-02-22-40626350000182-4374750806681831514.pdf', 'text': '', 'download': True}
2026-03-10 15:00:31 | INFO     | __main__:_handle_report_tab:59 - Detectado link de PDF. Tentando download direto...
2026-03-10 15:00:46 | WARNING  | __main__:_handle_report_tab:72 - Falha no download direto, tentando via aba: Timeout 15000ms exceeded while waiting for event "download"
=========================== logs ===========================
waiting for event "download"
============================================================
2026-03-10 15:00:46 | INFO     | __main__:_handle_report_tab:84 - Relatório PDF em aba: https://storage.googleapis.com/storagescrapings.appspot.com/ecac/49586312000118/situacao-fiscal-2026-03-10-40626350000182-6437919497293341938.pdf. Baixando via request...
2026-03-10 15:00:47 | INFO     | __main__:_handle_report_tab:103 - Texto extraído (8777 chars). Analisando débitos e omissões...
2026-03-10 15:00:47 | INFO     | __main__:extract_pendencias:165 - Processando pendência para CNPJ: 08894711000169
2026-03-10 15:00:47 | INFO     | __main__:extract_pendencias:195 - Clicando em ATUALIZAR para 08894711000169
2026-03-10 15:00:51 | INFO     | __main__:extract_pendencias:203 - Botão Visualizar encontrado para 08894711000169. Tentando abrir...
2026-03-10 15:00:51 | INFO     | __main__:_handle_report_tab:42 - Iniciando captura de relatório...
2026-03-10 15:00:51 | DEBUG    | __main__:_handle_report_tab:46 - Verificando botão antes do clique: {'onclick': None, 'href': 'https://storage.googleapis.com/storagescrapings.appspot.com/ecac/49586312000118/situacao-fiscal-2026-02-22-08894711000169-5626617845325770327.pdf', 'text': '', 'download': True}
2026-03-10 15:00:52 | INFO     | __main__:_handle_report_tab:59 - Detectado link de PDF. Tentando download direto...
2026-03-10 15:01:07 | WARNING  | __main__:_handle_report_tab:72 - Falha no download direto, tentando via aba: Timeout 15000ms exceeded while waiting for event "download"
=========================== logs ===========================
waiting for event "download"
============================================================
2026-03-10 15:01:07 | INFO     | __main__:_handle_report_tab:84 - Relatório PDF em aba: https://storage.googleapis.com/storagescrapings.appspot.com/ecac/49586312000118/situacao-fiscal-2026-03-10-08894711000169--5634585627244407610.pdf. Baixando via request...
2026-03-10 15:01:08 | INFO     | __main__:_handle_report_tab:103 - Texto extraído (2979 chars). Analisando débitos e omissões...
2026-03-10 15:01:08 | WARNING  | __main__:_handle_report_tab:107 - SiefParser não encontrou pendências no texto. Primeiros 200 chars: MINISTÉRIO DA ECONOMIA Por meio do Integra Contador
SECRETARIA ESPECIAL DA RECEITA FEDERAL DO BRASIL Autor pedido: 49.586.312/0001-18. Contratante: 28.408.293/0001-60
PROCURADORIA-GERAL DA FAZENDA NAC
2026-03-10 15:01:08 | INFO     | __main__:extract_pendencias:165 - Processando pendência para CNPJ: 34099622000130
2026-03-10 15:01:08 | INFO     | __main__:extract_pendencias:195 - Clicando em ATUALIZAR para 34099622000130
2026-03-10 15:01:11 | INFO     | __main__:extract_pendencias:203 - Botão Visualizar encontrado para 34099622000130. Tentando abrir...
2026-03-10 15:01:11 | INFO     | __main__:_handle_report_tab:42 - Iniciando captura de relatório...
2026-03-10 15:01:11 | DEBUG    | __main__:_handle_report_tab:46 - Verificando botão antes do clique: {'onclick': None, 'href': 'https://storage.googleapis.com/storagescrapings.appspot.com/ecac/49586312000118/situacao-fiscal-2026-02-22-34099622000130-1830592126698177467.pdf', 'text': '', 'download': True}
2026-03-10 15:01:13 | INFO     | __main__:_handle_report_tab:59 - Detectado link de PDF. Tentando download direto...
2026-03-10 15:01:28 | WARNING  | __main__:_handle_report_tab:72 - Falha no download direto, tentando via aba: Timeout 15000ms exceeded while waiting for event "download"
=========================== logs ===========================
waiting for event "download"
============================================================
2026-03-10 15:01:28 | INFO     | __main__:_handle_report_tab:84 - Relatório PDF em aba: https://storage.googleapis.com/storagescrapings.appspot.com/ecac/49586312000118/situacao-fiscal-2026-03-10-34099622000130-229679267243065769.pdf. Baixando via request...
2026-03-10 15:01:29 | INFO     | __main__:_handle_report_tab:103 - Texto extraído (7600 chars). Analisando débitos e omissões...
2026-03-10 15:01:29 | INFO     | __main__:extract_pendencias:165 - Processando pendência para CNPJ: 04872981000118
2026-03-10 15:01:30 | INFO     | __main__:extract_pendencias:195 - Clicando em ATUALIZAR para 04872981000118
2026-03-10 15:01:33 | INFO     | __main__:extract_pendencias:203 - Botão Visualizar encontrado para 04872981000118. Tentando abrir...
2026-03-10 15:01:33 | INFO     | __main__:_handle_report_tab:42 - Iniciando captura de relatório...
2026-03-10 15:01:33 | DEBUG    | __main__:_handle_report_tab:46 - Verificando botão antes do clique: {'onclick': None, 'href': 'https://storage.googleapis.com/storagescrapings.appspot.com/ecac/49586312000118/situacao-fiscal-2026-02-22-04872981000118-8542806145094095954.pdf', 'text': '', 'download': True}
2026-03-10 15:01:34 | INFO     | __main__:_handle_report_tab:59 - Detectado link de PDF. Tentando download direto...
2026-03-10 15:01:49 | WARNING  | __main__:_handle_report_tab:72 - Falha no download direto, tentando via aba: Timeout 15000ms exceeded while waiting for event "download"
=========================== logs ===========================
waiting for event "download"
============================================================
2026-03-10 15:01:50 | INFO     | __main__:_handle_report_tab:84 - Relatório PDF em aba: https://storage.googleapis.com/storagescrapings.appspot.com/ecac/49586312000118/situacao-fiscal-2026-03-10-04872981000118-604067404890326631.pdf. Baixando via request...
2026-03-10 15:01:50 | INFO     | __main__:_handle_report_tab:103 - Texto extraído (2278 chars). Analisando débitos e omissões...
2026-03-10 15:01:50 | INFO     | __main__:extract_pendencias:165 - Processando pendência para CNPJ: 05288708000103
2026-03-10 15:01:51 | INFO     | __main__:extract_pendencias:195 - Clicando em ATUALIZAR para 05288708000103
2026-03-10 15:01:54 | INFO     | __main__:extract_pendencias:203 - Botão Visualizar encontrado para 05288708000103. Tentando abrir...
2026-03-10 15:01:54 | INFO     | __main__:_handle_report_tab:42 - Iniciando captura de relatório...
2026-03-10 15:01:54 | DEBUG    | __main__:_handle_report_tab:46 - Verificando botão antes do clique: {'onclick': None, 'href': 'https://storage.googleapis.com/storagescrapings.appspot.com/ecac/49586312000118/situacao-fiscal-2026-02-22-05288708000103-144496644636207038.pdf', 'text': '', 'download': True}
2026-03-10 15:01:56 | INFO     | __main__:_handle_report_tab:59 - Detectado link de PDF. Tentando download direto...
2026-03-10 15:02:11 | WARNING  | __main__:_handle_report_tab:72 - Falha no download direto, tentando via aba: Timeout 15000ms exceeded while waiting for event "download"
=========================== logs ===========================
waiting for event "download"
============================================================
2026-03-10 15:02:11 | INFO     | __main__:_handle_report_tab:84 - Relatório PDF em aba: https://storage.googleapis.com/storagescrapings.appspot.com/ecac/49586312000118/situacao-fiscal-2026-03-10-05288708000103-2340029031477551287.pdf. Baixando via request...
2026-03-10 15:02:11 | INFO     | __main__:_handle_report_tab:103 - Texto extraído (3267 chars). Analisando débitos e omissões...
2026-03-10 15:02:12 | INFO     | __main__:extract_pendencias:165 - Processando pendência para CNPJ: 07224478000144
2026-03-10 15:02:12 | INFO     | __main__:extract_pendencias:195 - Clicando em ATUALIZAR para 07224478000144
2026-03-10 15:02:15 | INFO     | __main__:extract_pendencias:203 - Botão Visualizar encontrado para 07224478000144. Tentando abrir...
2026-03-10 15:02:15 | INFO     | __main__:_handle_report_tab:42 - Iniciando captura de relatório...
2026-03-10 15:02:15 | DEBUG    | __main__:_handle_report_tab:46 - Verificando botão antes do clique: {'onclick': None, 'href': 'https://storage.googleapis.com/storagescrapings.appspot.com/ecac/49586312000118/situacao-fiscal-2026-02-22-07224478000144-2010718429271774345.pdf', 'text': '', 'download': True}
2026-03-10 15:02:17 | INFO     | __main__:_handle_report_tab:59 - Detectado link de PDF. Tentando download direto...
2026-03-10 15:02:32 | WARNING  | __main__:_handle_report_tab:72 - Falha no download direto, tentando via aba: Timeout 15000ms exceeded while waiting for event "download"
=========================== logs ===========================
waiting for event "download"
============================================================
2026-03-10 15:02:32 | INFO     | __main__:_handle_report_tab:84 - Relatório PDF em aba: https://storage.googleapis.com/storagescrapings.appspot.com/ecac/49586312000118/situacao-fiscal-2026-03-10-07224478000144--5953423903806422052.pdf. Baixando via request...
2026-03-10 15:02:32 | INFO     | __main__:_handle_report_tab:103 - Texto extraído (3182 chars). Analisando débitos e omissões...
2026-03-10 15:02:32 | WARNING  | __main__:_handle_report_tab:107 - SiefParser não encontrou pendências no texto. Primeiros 200 chars: MINISTÉRIO DA ECONOMIA Por meio do Integra Contador
SECRETARIA ESPECIAL DA RECEITA FEDERAL DO BRASIL Autor pedido: 49.586.312/0001-18. Contratante: 28.408.293/0001-60
PROCURADORIA-GERAL DA FAZENDA NAC
2026-03-10 15:02:32 | INFO     | __main__:extract_pendencias:165 - Processando pendência para CNPJ: 01086932000161
2026-03-10 15:02:33 | INFO     | __main__:extract_pendencias:195 - Clicando em ATUALIZAR para 01086932000161
2026-03-10 15:02:36 | INFO     | __main__:extract_pendencias:203 - Botão Visualizar encontrado para 01086932000161. Tentando abrir...
2026-03-10 15:02:36 | INFO     | __main__:_handle_report_tab:42 - Iniciando captura de relatório...
2026-03-10 15:02:36 | DEBUG    | __main__:_handle_report_tab:46 - Verificando botão antes do clique: {'onclick': None, 'href': 'https://storage.googleapis.com/storagescrapings.appspot.com/ecac/49586312000118/situacao-fiscal-2026-02-22-01086932000161--38755681237742491.pdf', 'text': '', 'download': True}
2026-03-10 15:02:38 | INFO     | __main__:_handle_report_tab:59 - Detectado link de PDF. Tentando download direto...
2026-03-10 15:02:53 | WARNING  | __main__:_handle_report_tab:72 - Falha no download direto, tentando via aba: Timeout 15000ms exceeded while waiting for event "download"
=========================== logs ===========================
waiting for event "download"
============================================================
2026-03-10 15:02:53 | INFO     | __main__:_handle_report_tab:84 - Relatório PDF em aba: https://storage.googleapis.com/storagescrapings.appspot.com/ecac/49586312000118/situacao-fiscal-2026-03-10-01086932000161-5808131332858835218.pdf. Baixando via request...
2026-03-10 15:02:54 | INFO     | __main__:_handle_report_tab:103 - Texto extraído (20536 chars). Analisando débitos e omissões...
2026-03-10 15:02:54 | WARNING  | __main__:_handle_report_tab:107 - SiefParser não encontrou pendências no texto. Primeiros 200 chars: MINISTÉRIO DA ECONOMIA Por meio do Integra Contador
SECRETARIA ESPECIAL DA RECEITA FEDERAL DO BRASIL Autor pedido: 49.586.312/0001-18. Contratante: 28.408.293/0001-60
PROCURADORIA-GERAL DA FAZENDA NAC
2026-03-10 15:02:54 | INFO     | __main__:extract_pendencias:165 - Processando pendência para CNPJ: 08000034000198
2026-03-10 15:02:55 | INFO     | __main__:extract_pendencias:195 - Clicando em ATUALIZAR para 08000034000198
2026-03-10 15:02:58 | INFO     | __main__:extract_pendencias:203 - Botão Visualizar encontrado para 08000034000198. Tentando abrir...
2026-03-10 15:02:58 | INFO     | __main__:_handle_report_tab:42 - Iniciando captura de relatório...
2026-03-10 15:02:58 | DEBUG    | __main__:_handle_report_tab:46 - Verificando botão antes do clique: {'onclick': None, 'href': 'https://storage.googleapis.com/storagescrapings.appspot.com/ecac/49586312000118/situacao-fiscal-2026-02-22-08000034000198--2198568544390230338.pdf', 'text': '', 'download': True}
2026-03-10 15:02:59 | INFO     | __main__:_handle_report_tab:59 - Detectado link de PDF. Tentando download direto...
2026-03-10 15:03:14 | WARNING  | __main__:_handle_report_tab:72 - Falha no download direto, tentando via aba: Timeout 15000ms exceeded while waiting for event "download"
=========================== logs ===========================
waiting for event "download"
============================================================
2026-03-10 15:03:14 | INFO     | __main__:_handle_report_tab:84 - Relatório PDF em aba: https://storage.googleapis.com/storagescrapings.appspot.com/ecac/49586312000118/situacao-fiscal-2026-03-10-08000034000198-68874188409963147.pdf. Baixando via request...
2026-03-10 15:03:15 | INFO     | __main__:_handle_report_tab:103 - Texto extraído (3182 chars). Analisando débitos e omissões...
2026-03-10 15:03:15 | INFO     | __main__:extract_pendencias:165 - Processando pendência para CNPJ: 25311856000109
2026-03-10 15:03:15 | INFO     | __main__:extract_pendencias:195 - Clicando em ATUALIZAR para 25311856000109
2026-03-10 15:03:18 | INFO     | __main__:extract_pendencias:203 - Botão Visualizar encontrado para 25311856000109. Tentando abrir...
2026-03-10 15:03:18 | INFO     | __main__:_handle_report_tab:42 - Iniciando captura de relatório...
2026-03-10 15:03:18 | DEBUG    | __main__:_handle_report_tab:46 - Verificando botão antes do clique: {'onclick': None, 'href': 'https://storage.googleapis.com/storagescrapings.appspot.com/ecac/49586312000118/situacao-fiscal-2026-02-22-25311856000109--627297739821377134.pdf', 'text': '', 'download': True}
2026-03-10 15:03:20 | INFO     | __main__:_handle_report_tab:59 - Detectado link de PDF. Tentando download direto...
2026-03-10 15:03:35 | WARNING  | __main__:_handle_report_tab:72 - Falha no download direto, tentando via aba: Timeout 15000ms exceeded while waiting for event "download"
=========================== logs ===========================
waiting for event "download"
============================================================
2026-03-10 15:03:36 | INFO     | __main__:_handle_report_tab:84 - Relatório PDF em aba: https://storage.googleapis.com/storagescrapings.appspot.com/ecac/49586312000118/situacao-fiscal-2026-03-10-25311856000109-5493267392372148762.pdf. Baixando via request...
2026-03-10 15:03:36 | INFO     | __main__:_handle_report_tab:103 - Texto extraído (3955 chars). Analisando débitos e omissões...
2026-03-10 15:03:36 | WARNING  | __main__:_handle_report_tab:107 - SiefParser não encontrou pendências no texto. Primeiros 200 chars: MINISTÉRIO DA ECONOMIA Por meio do Integra Contador
SECRETARIA ESPECIAL DA RECEITA FEDERAL DO BRASIL Autor pedido: 49.586.312/0001-18. Contratante: 28.408.293/0001-60
PROCURADORIA-GERAL DA FAZENDA NAC
2026-03-10 15:03:36 | INFO     | __main__:extract_pendencias:165 - Processando pendência para CNPJ: 40010011000177
2026-03-10 15:03:37 | INFO     | __main__:extract_pendencias:195 - Clicando em ATUALIZAR para 40010011000177
2026-03-10 15:03:40 | INFO     | __main__:extract_pendencias:203 - Botão Visualizar encontrado para 40010011000177. Tentando abrir...
2026-03-10 15:03:40 | INFO     | __main__:_handle_report_tab:42 - Iniciando captura de relatório...
2026-03-10 15:03:40 | DEBUG    | __main__:_handle_report_tab:46 - Verificando botão antes do clique: {'onclick': None, 'href': 'https://storage.googleapis.com/storagescrapings.appspot.com/ecac/49586312000118/situacao-fiscal-2026-02-22-40010011000177-4534893220211489792.pdf', 'text': '', 'download': True}
2026-03-10 15:03:41 | INFO     | __main__:_handle_report_tab:59 - Detectado link de PDF. Tentando download direto...
2026-03-10 15:03:56 | WARNING  | __main__:_handle_report_tab:72 - Falha no download direto, tentando via aba: Timeout 15000ms exceeded while waiting for event "download"
=========================== logs ===========================
waiting for event "download"
============================================================
2026-03-10 15:04:04 | ERROR    | __main__:_handle_report_tab:100 - Falha ao capturar via aba: Timeout 8000ms exceeded while waiting for event "page"
2026-03-10 15:04:04 | WARNING  | __main__:extract_pendencias:213 - Não foi possível extrair pendências para 40010011000177
2026-03-10 15:04:04 | INFO     | __main__:extract_pendencias:165 - Processando pendência para CNPJ: 40010011000258
2026-03-10 15:04:05 | INFO     | __main__:extract_pendencias:195 - Clicando em ATUALIZAR para 40010011000258
2026-03-10 15:04:08 | INFO     | __main__:extract_pendencias:203 - Botão Visualizar encontrado para 40010011000258. Tentando abrir...
2026-03-10 15:04:08 | INFO     | __main__:_handle_report_tab:42 - Iniciando captura de relatório...
2026-03-10 15:04:08 | DEBUG    | __main__:_handle_report_tab:46 - Verificando botão antes do clique: {'onclick': None, 'href': 'https://storage.googleapis.com/storagescrapings.appspot.com/ecac/49586312000118/situacao-fiscal-2026-02-22-40010011000258-5192044704018426994.pdf', 'text': '', 'download': True}
2026-03-10 15:04:09 | INFO     | __main__:_handle_report_tab:59 - Detectado link de PDF. Tentando download direto...
2026-03-10 15:04:24 | WARNING  | __main__:_handle_report_tab:72 - Falha no download direto, tentando via aba: Timeout 15000ms exceeded while waiting for event "download"
=========================== logs ===========================
waiting for event "download"
============================================================
2026-03-10 15:04:25 | INFO     | __main__:_handle_report_tab:84 - Relatório PDF em aba: https://storage.googleapis.com/storagescrapings.appspot.com/ecac/49586312000118/situacao-fiscal-2026-03-10-40010011000258-6596310596573063701.pdf. Baixando via request...
2026-03-10 15:04:26 | INFO     | __main__:_handle_report_tab:103 - Texto extraído (23266 chars). Analisando débitos e omissões...
2026-03-10 15:04:26 | INFO     | __main__:extract_pendencias:165 - Processando pendência para CNPJ: 12620821000100
2026-03-10 15:04:26 | INFO     | __main__:extract_pendencias:195 - Clicando em ATUALIZAR para 12620821000100
2026-03-10 15:04:29 | INFO     | __main__:extract_pendencias:203 - Botão Visualizar encontrado para 12620821000100. Tentando abrir...
2026-03-10 15:04:29 | INFO     | __main__:_handle_report_tab:42 - Iniciando captura de relatório...
2026-03-10 15:04:30 | DEBUG    | __main__:_handle_report_tab:46 - Verificando botão antes do clique: {'onclick': None, 'href': 'https://storage.googleapis.com/storagescrapings.appspot.com/ecac/49586312000118/situacao-fiscal-2026-02-22-12620821000100-6982300198216498060.pdf', 'text': '', 'download': True}
2026-03-10 15:04:31 | INFO     | __main__:_handle_report_tab:59 - Detectado link de PDF. Tentando download direto...
2026-03-10 15:04:46 | WARNING  | __main__:_handle_report_tab:72 - Falha no download direto, tentando via aba: Timeout 15000ms exceeded while waiting for event "download"
=========================== logs ===========================
waiting for event "download"
============================================================
2026-03-10 15:04:46 | INFO     | __main__:_handle_report_tab:84 - Relatório PDF em aba: https://storage.googleapis.com/storagescrapings.appspot.com/ecac/49586312000118/situacao-fiscal-2026-03-10-12620821000100--8202874389122331106.pdf. Baixando via request...
2026-03-10 15:04:47 | INFO     | __main__:_handle_report_tab:103 - Texto extraído (3205 chars). Analisando débitos e omissões...
2026-03-10 15:04:47 | INFO     | __main__:extract_pendencias:165 - Processando pendência para CNPJ: 37250815000139
2026-03-10 15:04:47 | INFO     | __main__:extract_pendencias:195 - Clicando em ATUALIZAR para 37250815000139
2026-03-10 15:04:50 | INFO     | __main__:extract_pendencias:203 - Botão Visualizar encontrado para 37250815000139. Tentando abrir...
2026-03-10 15:04:50 | INFO     | __main__:_handle_report_tab:42 - Iniciando captura de relatório...
2026-03-10 15:04:50 | DEBUG    | __main__:_handle_report_tab:46 - Verificando botão antes do clique: {'onclick': None, 'href': 'https://storage.googleapis.com/storagescrapings.appspot.com/ecac/49586312000118/situacao-fiscal-2026-02-22-37250815000139--4256321645771769320.pdf', 'text': '', 'download': True}
2026-03-10 15:04:52 | INFO     | __main__:_handle_report_tab:59 - Detectado link de PDF. Tentando download direto...
2026-03-10 15:05:07 | WARNING  | __main__:_handle_report_tab:72 - Falha no download direto, tentando via aba: Timeout 15000ms exceeded while waiting for event "download"
=========================== logs ===========================
waiting for event "download"
============================================================
2026-03-10 15:05:15 | ERROR    | __main__:_handle_report_tab:100 - Falha ao capturar via aba: Timeout 8000ms exceeded while waiting for event "page"
2026-03-10 15:05:15 | WARNING  | __main__:extract_pendencias:213 - Não foi possível extrair pendências para 37250815000139
2026-03-10 15:05:15 | INFO     | __main__:extract_pendencias:165 - Processando pendência para CNPJ: 31495226000134
2026-03-10 15:05:16 | INFO     | __main__:extract_pendencias:195 - Clicando em ATUALIZAR para 31495226000134
2026-03-10 15:05:19 | INFO     | __main__:extract_pendencias:203 - Botão Visualizar encontrado para 31495226000134. Tentando abrir...
2026-03-10 15:05:19 | INFO     | __main__:_handle_report_tab:42 - Iniciando captura de relatório...
2026-03-10 15:05:19 | DEBUG    | __main__:_handle_report_tab:46 - Verificando botão antes do clique: {'onclick': None, 'href': 'https://storage.googleapis.com/storagescrapings.appspot.com/ecac/49586312000118/situacao-fiscal-2026-02-22-31495226000134--433753666894025289.pdf', 'text': '', 'download': True}
2026-03-10 15:05:20 | INFO     | __main__:_handle_report_tab:59 - Detectado link de PDF. Tentando download direto...
2026-03-10 15:05:35 | WARNING  | __main__:_handle_report_tab:72 - Falha no download direto, tentando via aba: Timeout 15000ms exceeded while waiting for event "download"
=========================== logs ===========================
waiting for event "download"
============================================================
2026-03-10 15:05:35 | INFO     | __main__:_handle_report_tab:84 - Relatório PDF em aba: https://storage.googleapis.com/storagescrapings.appspot.com/ecac/49586312000118/situacao-fiscal-2026-03-10-31495226000134--759852541785170364.pdf. Baixando via request...
2026-03-10 15:05:36 | INFO     | __main__:_handle_report_tab:103 - Texto extraído (6438 chars). Analisando débitos e omissões...
2026-03-10 15:05:36 | INFO     | __main__:extract_pendencias:165 - Processando pendência para CNPJ: 52029265000116
2026-03-10 15:05:36 | INFO     | __main__:extract_pendencias:195 - Clicando em ATUALIZAR para 52029265000116
2026-03-10 15:05:39 | INFO     | __main__:extract_pendencias:203 - Botão Visualizar encontrado para 52029265000116. Tentando abrir...
2026-03-10 15:05:39 | INFO     | __main__:_handle_report_tab:42 - Iniciando captura de relatório...
2026-03-10 15:05:39 | DEBUG    | __main__:_handle_report_tab:46 - Verificando botão antes do clique: {'onclick': None, 'href': 'https://storage.googleapis.com/storagescrapings.appspot.com/ecac/49586312000118/situacao-fiscal-2026-02-22-52029265000116-1586589436107429775.pdf', 'text': '', 'download': True}
2026-03-10 15:05:41 | INFO     | __main__:_handle_report_tab:59 - Detectado link de PDF. Tentando download direto...
2026-03-10 15:05:56 | WARNING  | __main__:_handle_report_tab:72 - Falha no download direto, tentando via aba: Timeout 15000ms exceeded while waiting for event "download"
=========================== logs ===========================
waiting for event "download"
============================================================
2026-03-10 15:05:57 | INFO     | __main__:_handle_report_tab:84 - Relatório PDF em aba: https://storage.googleapis.com/storagescrapings.appspot.com/ecac/49586312000118/situacao-fiscal-2026-03-10-52029265000116-2878048326592333185.pdf. Baixando via request...
2026-03-10 15:05:57 | INFO     | __main__:_handle_report_tab:103 - Texto extraído (3100 chars). Analisando débitos e omissões...
2026-03-10 15:05:57 | INFO     | __main__:extract_pendencias:218 - Clicando em 'Próximo' para a próxima página...
2026-03-10 15:06:00 | INFO     | __main__:extract_pendencias:149 - Processando página 5...
2026-03-10 15:06:00 | INFO     | __main__:extract_pendencias:152 - Aguardando carregar a tabela de Situação Fiscal...
2026-03-10 15:06:00 | INFO     | __main__:extract_pendencias:157 - Processando 52 possíveis linhas na página 5...
2026-03-10 15:06:00 | INFO     | __main__:extract_pendencias:165 - Processando pendência para CNPJ: 34243775000100
2026-03-10 15:06:01 | INFO     | __main__:extract_pendencias:195 - Clicando em ATUALIZAR para 34243775000100
2026-03-10 15:06:04 | INFO     | __main__:extract_pendencias:203 - Botão Visualizar encontrado para 34243775000100. Tentando abrir...
2026-03-10 15:06:04 | INFO     | __main__:_handle_report_tab:42 - Iniciando captura de relatório...
2026-03-10 15:06:04 | DEBUG    | __main__:_handle_report_tab:46 - Verificando botão antes do clique: {'onclick': None, 'href': 'https://storage.googleapis.com/storagescrapings.appspot.com/ecac/49586312000118/situacao-fiscal-2026-02-22-34243775000100--3684211664848598727.pdf', 'text': '', 'download': True}
2026-03-10 15:06:06 | INFO     | __main__:_handle_report_tab:59 - Detectado link de PDF. Tentando download direto...
2026-03-10 15:06:21 | WARNING  | __main__:_handle_report_tab:72 - Falha no download direto, tentando via aba: Timeout 15000ms exceeded while waiting for event "download"
=========================== logs ===========================
waiting for event "download"
============================================================
2026-03-10 15:06:21 | INFO     | __main__:_handle_report_tab:84 - Relatório PDF em aba: https://storage.googleapis.com/storagescrapings.appspot.com/ecac/49586312000118/situacao-fiscal-2026-03-10-34243775000100-4889036326028891915.pdf. Baixando via request...
2026-03-10 15:06:21 | INFO     | __main__:_handle_report_tab:103 - Texto extraído (2824 chars). Analisando débitos e omissões...
2026-03-10 15:06:21 | INFO     | __main__:extract_pendencias:165 - Processando pendência para CNPJ: 04689608000126
2026-03-10 15:06:22 | INFO     | __main__:extract_pendencias:195 - Clicando em ATUALIZAR para 04689608000126
2026-03-10 15:06:25 | INFO     | __main__:extract_pendencias:203 - Botão Visualizar encontrado para 04689608000126. Tentando abrir...
2026-03-10 15:06:25 | INFO     | __main__:_handle_report_tab:42 - Iniciando captura de relatório...
2026-03-10 15:06:25 | DEBUG    | __main__:_handle_report_tab:46 - Verificando botão antes do clique: {'onclick': None, 'href': 'https://storage.googleapis.com/storagescrapings.appspot.com/ecac/49586312000118/situacao-fiscal-2026-02-22-04689608000126--3055567912767192652.pdf', 'text': '', 'download': True}
2026-03-10 15:06:26 | INFO     | __main__:_handle_report_tab:59 - Detectado link de PDF. Tentando download direto...
2026-03-10 15:06:41 | WARNING  | __main__:_handle_report_tab:72 - Falha no download direto, tentando via aba: Timeout 15000ms exceeded while waiting for event "download"
=========================== logs ===========================
waiting for event "download"
============================================================
2026-03-10 15:06:41 | INFO     | __main__:_handle_report_tab:84 - Relatório PDF em aba: https://storage.googleapis.com/storagescrapings.appspot.com/ecac/49586312000118/situacao-fiscal-2026-03-10-04689608000126-301946170125122004.pdf. Baixando via request...
2026-03-10 15:06:43 | INFO     | __main__:_handle_report_tab:103 - Texto extraído (39433 chars). Analisando débitos e omissões...
2026-03-10 15:06:43 | INFO     | __main__:extract_pendencias:165 - Processando pendência para CNPJ: 04689608000207
2026-03-10 15:06:43 | INFO     | __main__:extract_pendencias:195 - Clicando em ATUALIZAR para 04689608000207
2026-03-10 15:06:46 | INFO     | __main__:extract_pendencias:203 - Botão Visualizar encontrado para 04689608000207. Tentando abrir...
2026-03-10 15:06:46 | INFO     | __main__:_handle_report_tab:42 - Iniciando captura de relatório...
2026-03-10 15:06:46 | DEBUG    | __main__:_handle_report_tab:46 - Verificando botão antes do clique: {'onclick': None, 'href': 'https://storage.googleapis.com/storagescrapings.appspot.com/ecac/49586312000118/situacao-fiscal-2026-02-22-04689608000207--4710665953360463700.pdf', 'text': '', 'download': True}
2026-03-10 15:06:48 | INFO     | __main__:_handle_report_tab:59 - Detectado link de PDF. Tentando download direto...
2026-03-10 15:07:03 | WARNING  | __main__:_handle_report_tab:72 - Falha no download direto, tentando via aba: Timeout 15000ms exceeded while waiting for event "download"
=========================== logs ===========================
waiting for event "download"
============================================================
2026-03-10 15:07:03 | INFO     | __main__:_handle_report_tab:84 - Relatório PDF em aba: https://storage.googleapis.com/storagescrapings.appspot.com/ecac/49586312000118/situacao-fiscal-2026-03-10-04689608000207--1940536082388115577.pdf. Baixando via request...
2026-03-10 15:07:05 | INFO     | __main__:_handle_report_tab:103 - Texto extraído (39838 chars). Analisando débitos e omissões...
2026-03-10 15:07:05 | INFO     | __main__:extract_pendencias:165 - Processando pendência para CNPJ: 04689608000398
2026-03-10 15:07:06 | INFO     | __main__:extract_pendencias:195 - Clicando em ATUALIZAR para 04689608000398
2026-03-10 15:07:09 | INFO     | __main__:extract_pendencias:203 - Botão Visualizar encontrado para 04689608000398. Tentando abrir...
2026-03-10 15:07:09 | INFO     | __main__:_handle_report_tab:42 - Iniciando captura de relatório...
2026-03-10 15:07:09 | DEBUG    | __main__:_handle_report_tab:46 - Verificando botão antes do clique: {'onclick': None, 'href': 'https://storage.googleapis.com/storagescrapings.appspot.com/ecac/49586312000118/situacao-fiscal-2026-02-22-04689608000398--85764880348068895.pdf', 'text': '', 'download': True}
2026-03-10 15:07:11 | INFO     | __main__:_handle_report_tab:59 - Detectado link de PDF. Tentando download direto...
2026-03-10 15:07:26 | WARNING  | __main__:_handle_report_tab:72 - Falha no download direto, tentando via aba: Timeout 15000ms exceeded while waiting for event "download"
=========================== logs ===========================
waiting for event "download"
============================================================
2026-03-10 15:07:26 | INFO     | __main__:_handle_report_tab:84 - Relatório PDF em aba: https://storage.googleapis.com/storagescrapings.appspot.com/ecac/49586312000118/situacao-fiscal-2026-03-10-04689608000398--8530276885068725287.pdf. Baixando via request...
2026-03-10 15:07:28 | INFO     | __main__:_handle_report_tab:103 - Texto extraído (39826 chars). Analisando débitos e omissões...
2026-03-10 15:07:28 | INFO     | __main__:extract_pendencias:165 - Processando pendência para CNPJ: 09199339000133
2026-03-10 15:07:28 | INFO     | __main__:extract_pendencias:195 - Clicando em ATUALIZAR para 09199339000133
2026-03-10 15:07:32 | INFO     | __main__:extract_pendencias:203 - Botão Visualizar encontrado para 09199339000133. Tentando abrir...
2026-03-10 15:07:32 | INFO     | __main__:_handle_report_tab:42 - Iniciando captura de relatório...
2026-03-10 15:07:32 | DEBUG    | __main__:_handle_report_tab:46 - Verificando botão antes do clique: {'onclick': None, 'href': 'https://storage.googleapis.com/storagescrapings.appspot.com/ecac/49586312000118/situacao-fiscal-2026-02-22-09199339000133-6618886381927073574.pdf', 'text': '', 'download': True}
2026-03-10 15:07:33 | INFO     | __main__:_handle_report_tab:59 - Detectado link de PDF. Tentando download direto...
2026-03-10 15:07:48 | WARNING  | __main__:_handle_report_tab:72 - Falha no download direto, tentando via aba: Timeout 15000ms exceeded while waiting for event "download"
=========================== logs ===========================
waiting for event "download"
============================================================
2026-03-10 15:07:49 | INFO     | __main__:_handle_report_tab:84 - Relatório PDF em aba: https://storage.googleapis.com/storagescrapings.appspot.com/ecac/49586312000118/situacao-fiscal-2026-03-10-09199339000133-4770438342379837465.pdf. Baixando via request...
2026-03-10 15:07:49 | INFO     | __main__:_handle_report_tab:103 - Texto extraído (2318 chars). Analisando débitos e omissões...
2026-03-10 15:07:49 | INFO     | __main__:extract_pendencias:165 - Processando pendência para CNPJ: 35798856000139
2026-03-10 15:07:50 | INFO     | __main__:extract_pendencias:195 - Clicando em ATUALIZAR para 35798856000139
2026-03-10 15:07:53 | INFO     | __main__:extract_pendencias:203 - Botão Visualizar encontrado para 35798856000139. Tentando abrir...
2026-03-10 15:07:53 | INFO     | __main__:_handle_report_tab:42 - Iniciando captura de relatório...
2026-03-10 15:07:53 | DEBUG    | __main__:_handle_report_tab:46 - Verificando botão antes do clique: {'onclick': None, 'href': 'https://storage.googleapis.com/storagescrapings.appspot.com/ecac/49586312000118/situacao-fiscal-2026-02-22-35798856000139-2195166903092453578.pdf', 'text': '', 'download': True}
2026-03-10 15:07:54 | INFO     | __main__:_handle_report_tab:59 - Detectado link de PDF. Tentando download direto...
2026-03-10 15:08:09 | WARNING  | __main__:_handle_report_tab:72 - Falha no download direto, tentando via aba: Timeout 15000ms exceeded while waiting for event "download"
=========================== logs ===========================
waiting for event "download"
============================================================
2026-03-10 15:08:09 | INFO     | __main__:_handle_report_tab:84 - Relatório PDF em aba: https://storage.googleapis.com/storagescrapings.appspot.com/ecac/49586312000118/situacao-fiscal-2026-03-10-35798856000139-7669080239666375128.pdf. Baixando via request...
2026-03-10 15:08:09 | INFO     | __main__:_handle_report_tab:103 - Texto extraído (2834 chars). Analisando débitos e omissões...
2026-03-10 15:08:09 | INFO     | __main__:extract_pendencias:165 - Processando pendência para CNPJ: 04904636000119
2026-03-10 15:08:10 | INFO     | __main__:extract_pendencias:195 - Clicando em ATUALIZAR para 04904636000119
2026-03-10 15:08:13 | INFO     | __main__:extract_pendencias:203 - Botão Visualizar encontrado para 04904636000119. Tentando abrir...
2026-03-10 15:08:13 | INFO     | __main__:_handle_report_tab:42 - Iniciando captura de relatório...
2026-03-10 15:08:13 | DEBUG    | __main__:_handle_report_tab:46 - Verificando botão antes do clique: {'onclick': None, 'href': 'https://storage.googleapis.com/storagescrapings.appspot.com/ecac/49586312000118/situacao-fiscal-2026-02-22-04904636000119--4914692336018585013.pdf', 'text': '', 'download': True}
2026-03-10 15:08:15 | INFO     | __main__:_handle_report_tab:59 - Detectado link de PDF. Tentando download direto...
2026-03-10 15:08:30 | WARNING  | __main__:_handle_report_tab:72 - Falha no download direto, tentando via aba: Timeout 15000ms exceeded while waiting for event "download"
=========================== logs ===========================
waiting for event "download"
============================================================
2026-03-10 15:08:30 | INFO     | __main__:_handle_report_tab:84 - Relatório PDF em aba: https://storage.googleapis.com/storagescrapings.appspot.com/ecac/49586312000118/situacao-fiscal-2026-03-10-04904636000119--7539829649228640268.pdf. Baixando via request...
2026-03-10 15:08:30 | INFO     | __main__:_handle_report_tab:103 - Texto extraído (2572 chars). Analisando débitos e omissões...
2026-03-10 15:08:30 | INFO     | __main__:extract_pendencias:165 - Processando pendência para CNPJ: 04091558000180
2026-03-10 15:08:31 | INFO     | __main__:extract_pendencias:195 - Clicando em ATUALIZAR para 04091558000180
2026-03-10 15:08:34 | INFO     | __main__:extract_pendencias:203 - Botão Visualizar encontrado para 04091558000180. Tentando abrir...
2026-03-10 15:08:34 | INFO     | __main__:_handle_report_tab:42 - Iniciando captura de relatório...
2026-03-10 15:08:34 | DEBUG    | __main__:_handle_report_tab:46 - Verificando botão antes do clique: {'onclick': None, 'href': 'https://storage.googleapis.com/storagescrapings.appspot.com/ecac/49586312000118/situacao-fiscal-2026-02-22-04091558000180-6627389623714392997.pdf', 'text': '', 'download': True}
2026-03-10 15:08:35 | INFO     | __main__:_handle_report_tab:59 - Detectado link de PDF. Tentando download direto...
2026-03-10 15:08:50 | WARNING  | __main__:_handle_report_tab:72 - Falha no download direto, tentando via aba: Timeout 15000ms exceeded while waiting for event "download"
=========================== logs ===========================
waiting for event "download"
============================================================
2026-03-10 15:08:50 | INFO     | __main__:_handle_report_tab:84 - Relatório PDF em aba: https://storage.googleapis.com/storagescrapings.appspot.com/ecac/49586312000118/situacao-fiscal-2026-03-10-04091558000180-3538999306115164684.pdf. Baixando via request...
2026-03-10 15:08:50 | INFO     | __main__:_handle_report_tab:103 - Texto extraído (3112 chars). Analisando débitos e omissões...
2026-03-10 15:08:50 | INFO     | __main__:extract_pendencias:165 - Processando pendência para CNPJ: 02642837000160
2026-03-10 15:08:51 | INFO     | __main__:extract_pendencias:195 - Clicando em ATUALIZAR para 02642837000160
2026-03-10 15:08:54 | INFO     | __main__:extract_pendencias:203 - Botão Visualizar encontrado para 02642837000160. Tentando abrir...
2026-03-10 15:08:54 | INFO     | __main__:_handle_report_tab:42 - Iniciando captura de relatório...
2026-03-10 15:08:54 | DEBUG    | __main__:_handle_report_tab:46 - Verificando botão antes do clique: {'onclick': None, 'href': 'https://storage.googleapis.com/storagescrapings.appspot.com/ecac/49586312000118/situacao-fiscal-2026-02-22-02642837000160--2270721834539356239.pdf', 'text': '', 'download': True}
2026-03-10 15:08:55 | INFO     | __main__:_handle_report_tab:59 - Detectado link de PDF. Tentando download direto...
2026-03-10 15:09:10 | WARNING  | __main__:_handle_report_tab:72 - Falha no download direto, tentando via aba: Timeout 15000ms exceeded while waiting for event "download"
=========================== logs ===========================
waiting for event "download"
============================================================
2026-03-10 15:09:11 | INFO     | __main__:_handle_report_tab:84 - Relatório PDF em aba: https://storage.googleapis.com/storagescrapings.appspot.com/ecac/49586312000118/situacao-fiscal-2026-03-10-02642837000160--7426392162282559318.pdf. Baixando via request...
2026-03-10 15:09:11 | INFO     | __main__:_handle_report_tab:103 - Texto extraído (5900 chars). Analisando débitos e omissões...
2026-03-10 15:09:11 | WARNING  | __main__:_handle_report_tab:107 - SiefParser não encontrou pendências no texto. Primeiros 200 chars: MINISTÉRIO DA ECONOMIA Por meio do Integra Contador
SECRETARIA ESPECIAL DA RECEITA FEDERAL DO BRASIL Autor pedido: 49.586.312/0001-18. Contratante: 28.408.293/0001-60
PROCURADORIA-GERAL DA FAZENDA NAC
2026-03-10 15:09:11 | INFO     | __main__:extract_pendencias:165 - Processando pendência para CNPJ: 04964315000100
2026-03-10 15:09:12 | INFO     | __main__:extract_pendencias:195 - Clicando em ATUALIZAR para 04964315000100
2026-03-10 15:09:15 | INFO     | __main__:extract_pendencias:203 - Botão Visualizar encontrado para 04964315000100. Tentando abrir...
2026-03-10 15:09:15 | INFO     | __main__:_handle_report_tab:42 - Iniciando captura de relatório...
2026-03-10 15:09:15 | DEBUG    | __main__:_handle_report_tab:46 - Verificando botão antes do clique: {'onclick': None, 'href': 'https://storage.googleapis.com/storagescrapings.appspot.com/ecac/49586312000118/situacao-fiscal-2026-02-22-04964315000100-5820916042264328808.pdf', 'text': '', 'download': True}
2026-03-10 15:09:16 | INFO     | __main__:_handle_report_tab:59 - Detectado link de PDF. Tentando download direto...
2026-03-10 15:09:31 | WARNING  | __main__:_handle_report_tab:72 - Falha no download direto, tentando via aba: Timeout 15000ms exceeded while waiting for event "download"
=========================== logs ===========================
waiting for event "download"
============================================================
2026-03-10 15:09:32 | INFO     | __main__:_handle_report_tab:84 - Relatório PDF em aba: https://storage.googleapis.com/storagescrapings.appspot.com/ecac/49586312000118/situacao-fiscal-2026-03-10-04964315000100--4650988005219744818.pdf. Baixando via request...
2026-03-10 15:09:32 | INFO     | __main__:_handle_report_tab:103 - Texto extraído (2118 chars). Analisando débitos e omissões...
2026-03-10 15:09:32 | WARNING  | __main__:_handle_report_tab:107 - SiefParser não encontrou pendências no texto. Primeiros 200 chars: MINISTÉRIO DA ECONOMIA Por meio do Integra Contador
SECRETARIA ESPECIAL DA RECEITA FEDERAL DO BRASIL Autor pedido: 49.586.312/0001-18. Contratante: 28.408.293/0001-60
PROCURADORIA-GERAL DA FAZENDA NAC
2026-03-10 15:09:32 | INFO     | __main__:extract_pendencias:165 - Processando pendência para CNPJ: 02370080000100
2026-03-10 15:09:33 | INFO     | __main__:extract_pendencias:195 - Clicando em ATUALIZAR para 02370080000100
2026-03-10 15:09:36 | INFO     | __main__:extract_pendencias:203 - Botão Visualizar encontrado para 02370080000100. Tentando abrir...
2026-03-10 15:09:36 | INFO     | __main__:_handle_report_tab:42 - Iniciando captura de relatório...
2026-03-10 15:09:36 | DEBUG    | __main__:_handle_report_tab:46 - Verificando botão antes do clique: {'onclick': None, 'href': 'https://storage.googleapis.com/storagescrapings.appspot.com/ecac/49586312000118/situacao-fiscal-2026-03-03-02370080000100-4612973017301363521.pdf', 'text': '', 'download': True}
2026-03-10 15:09:37 | INFO     | __main__:_handle_report_tab:59 - Detectado link de PDF. Tentando download direto...
2026-03-10 15:09:52 | WARNING  | __main__:_handle_report_tab:72 - Falha no download direto, tentando via aba: Timeout 15000ms exceeded while waiting for event "download"
=========================== logs ===========================
waiting for event "download"
============================================================
2026-03-10 15:09:52 | INFO     | __main__:_handle_report_tab:84 - Relatório PDF em aba: https://storage.googleapis.com/storagescrapings.appspot.com/ecac/49586312000118/situacao-fiscal-2026-03-10-02370080000100-4683628906683906302.pdf. Baixando via request...
2026-03-10 15:09:53 | INFO     | __main__:_handle_report_tab:103 - Texto extraído (10018 chars). Analisando débitos e omissões...
2026-03-10 15:09:53 | INFO     | __main__:extract_pendencias:165 - Processando pendência para CNPJ: 11501054000157
2026-03-10 15:09:53 | INFO     | __main__:extract_pendencias:195 - Clicando em ATUALIZAR para 11501054000157
2026-03-10 15:09:56 | INFO     | __main__:extract_pendencias:203 - Botão Visualizar encontrado para 11501054000157. Tentando abrir...
2026-03-10 15:09:56 | INFO     | __main__:_handle_report_tab:42 - Iniciando captura de relatório...
2026-03-10 15:09:57 | DEBUG    | __main__:_handle_report_tab:46 - Verificando botão antes do clique: {'onclick': None, 'href': 'https://storage.googleapis.com/storagescrapings.appspot.com/ecac/49586312000118/situacao-fiscal-2026-02-22-11501054000157--1299583597683421755.pdf', 'text': '', 'download': True}
2026-03-10 15:09:58 | INFO     | __main__:_handle_report_tab:59 - Detectado link de PDF. Tentando download direto...
2026-03-10 15:10:13 | WARNING  | __main__:_handle_report_tab:72 - Falha no download direto, tentando via aba: Timeout 15000ms exceeded while waiting for event "download"
=========================== logs ===========================
waiting for event "download"
============================================================
2026-03-10 15:10:21 | ERROR    | __main__:_handle_report_tab:100 - Falha ao capturar via aba: Timeout 8000ms exceeded while waiting for event "page"
2026-03-10 15:10:21 | WARNING  | __main__:extract_pendencias:213 - Não foi possível extrair pendências para 11501054000157
2026-03-10 15:10:21 | INFO     | __main__:extract_pendencias:165 - Processando pendência para CNPJ: 07007823000198
2026-03-10 15:10:22 | INFO     | __main__:extract_pendencias:195 - Clicando em ATUALIZAR para 07007823000198
2026-03-10 15:10:25 | INFO     | __main__:extract_pendencias:203 - Botão Visualizar encontrado para 07007823000198. Tentando abrir...
2026-03-10 15:10:25 | INFO     | __main__:_handle_report_tab:42 - Iniciando captura de relatório...
2026-03-10 15:10:25 | DEBUG    | __main__:_handle_report_tab:46 - Verificando botão antes do clique: {'onclick': None, 'href': 'https://storage.googleapis.com/storagescrapings.appspot.com/ecac/49586312000118/situacao-fiscal-2026-02-22-07007823000198--7552947364231537152.pdf', 'text': '', 'download': True}
2026-03-10 15:10:26 | INFO     | __main__:_handle_report_tab:59 - Detectado link de PDF. Tentando download direto...
2026-03-10 15:10:41 | WARNING  | __main__:_handle_report_tab:72 - Falha no download direto, tentando via aba: Timeout 15000ms exceeded while waiting for event "download"
=========================== logs ===========================
waiting for event "download"
============================================================
2026-03-10 15:10:42 | INFO     | __main__:_handle_report_tab:84 - Relatório PDF em aba: https://storage.googleapis.com/storagescrapings.appspot.com/ecac/49586312000118/situacao-fiscal-2026-03-10-07007823000198--2012357875125494208.pdf. Baixando via request...
2026-03-10 15:10:42 | INFO     | __main__:_handle_report_tab:103 - Texto extraído (7571 chars). Analisando débitos e omissões...
2026-03-10 15:10:42 | WARNING  | __main__:_handle_report_tab:107 - SiefParser não encontrou pendências no texto. Primeiros 200 chars: MINISTÉRIO DA ECONOMIA Por meio do Integra Contador
SECRETARIA ESPECIAL DA RECEITA FEDERAL DO BRASIL Autor pedido: 49.586.312/0001-18. Contratante: 28.408.293/0001-60
PROCURADORIA-GERAL DA FAZENDA NAC
2026-03-10 15:10:42 | INFO     | __main__:extract_pendencias:165 - Processando pendência para CNPJ: 04607541000133
2026-03-10 15:10:43 | INFO     | __main__:extract_pendencias:195 - Clicando em ATUALIZAR para 04607541000133
2026-03-10 15:10:46 | INFO     | __main__:extract_pendencias:203 - Botão Visualizar encontrado para 04607541000133. Tentando abrir...
2026-03-10 15:10:46 | INFO     | __main__:_handle_report_tab:42 - Iniciando captura de relatório...
2026-03-10 15:10:46 | DEBUG    | __main__:_handle_report_tab:46 - Verificando botão antes do clique: {'onclick': None, 'href': 'https://storage.googleapis.com/storagescrapings.appspot.com/ecac/49586312000118/situacao-fiscal-2026-02-22-04607541000133--4519561194667285458.pdf', 'text': '', 'download': True}
2026-03-10 15:10:48 | INFO     | __main__:_handle_report_tab:59 - Detectado link de PDF. Tentando download direto...
2026-03-10 15:11:03 | WARNING  | __main__:_handle_report_tab:72 - Falha no download direto, tentando via aba: Timeout 15000ms exceeded while waiting for event "download"
=========================== logs ===========================
waiting for event "download"
============================================================
2026-03-10 15:11:11 | ERROR    | __main__:_handle_report_tab:100 - Falha ao capturar via aba: Timeout 8000ms exceeded while waiting for event "page"
2026-03-10 15:11:11 | WARNING  | __main__:extract_pendencias:213 - Não foi possível extrair pendências para 04607541000133
2026-03-10 15:11:11 | INFO     | __main__:extract_pendencias:165 - Processando pendência para CNPJ: 48772387000120
2026-03-10 15:11:11 | INFO     | __main__:extract_pendencias:195 - Clicando em ATUALIZAR para 48772387000120
2026-03-10 15:11:14 | INFO     | __main__:extract_pendencias:203 - Botão Visualizar encontrado para 48772387000120. Tentando abrir...
2026-03-10 15:11:14 | INFO     | __main__:_handle_report_tab:42 - Iniciando captura de relatório...
2026-03-10 15:11:14 | DEBUG    | __main__:_handle_report_tab:46 - Verificando botão antes do clique: {'onclick': None, 'href': 'https://storage.googleapis.com/storagescrapings.appspot.com/ecac/49586312000118/situacao-fiscal-2026-02-22-48772387000120-3820530501330858077.pdf', 'text': '', 'download': True}
2026-03-10 15:11:16 | INFO     | __main__:_handle_report_tab:59 - Detectado link de PDF. Tentando download direto...
2026-03-10 15:11:31 | WARNING  | __main__:_handle_report_tab:72 - Falha no download direto, tentando via aba: Timeout 15000ms exceeded while waiting for event "download"
=========================== logs ===========================
waiting for event "download"
============================================================
2026-03-10 15:11:31 | INFO     | __main__:_handle_report_tab:84 - Relatório PDF em aba: https://storage.googleapis.com/storagescrapings.appspot.com/ecac/49586312000118/situacao-fiscal-2026-03-10-48772387000120-3756709464639021943.pdf. Baixando via request...
2026-03-10 15:11:31 | INFO     | __main__:_handle_report_tab:103 - Texto extraído (3297 chars). Analisando débitos e omissões...
2026-03-10 15:11:31 | WARNING  | __main__:_handle_report_tab:107 - SiefParser não encontrou pendências no texto. Primeiros 200 chars: MINISTÉRIO DA ECONOMIA Por meio do Integra Contador
SECRETARIA ESPECIAL DA RECEITA FEDERAL DO BRASIL Autor pedido: 49.586.312/0001-18. Contratante: 28.408.293/0001-60
PROCURADORIA-GERAL DA FAZENDA NAC
2026-03-10 15:11:31 | INFO     | __main__:extract_pendencias:165 - Processando pendência para CNPJ: 25190228000112
2026-03-10 15:11:32 | INFO     | __main__:extract_pendencias:195 - Clicando em ATUALIZAR para 25190228000112
2026-03-10 15:11:35 | INFO     | __main__:extract_pendencias:203 - Botão Visualizar encontrado para 25190228000112. Tentando abrir...
2026-03-10 15:11:35 | INFO     | __main__:_handle_report_tab:42 - Iniciando captura de relatório...
2026-03-10 15:11:35 | DEBUG    | __main__:_handle_report_tab:46 - Verificando botão antes do clique: {'onclick': None, 'href': 'https://storage.googleapis.com/storagescrapings.appspot.com/ecac/49586312000118/situacao-fiscal-2026-02-22-25190228000112-7572748322256275190.pdf', 'text': '', 'download': True}
2026-03-10 15:11:36 | INFO     | __main__:_handle_report_tab:59 - Detectado link de PDF. Tentando download direto...
2026-03-10 15:11:51 | WARNING  | __main__:_handle_report_tab:72 - Falha no download direto, tentando via aba: Timeout 15000ms exceeded while waiting for event "download"
=========================== logs ===========================
waiting for event "download"
============================================================
2026-03-10 15:11:51 | INFO     | __main__:_handle_report_tab:84 - Relatório PDF em aba: https://storage.googleapis.com/storagescrapings.appspot.com/ecac/49586312000118/situacao-fiscal-2026-03-10-25190228000112-4910105506099822679.pdf. Baixando via request...
2026-03-10 15:11:52 | INFO     | __main__:_handle_report_tab:103 - Texto extraído (2906 chars). Analisando débitos e omissões...
2026-03-10 15:11:52 | INFO     | __main__:extract_pendencias:165 - Processando pendência para CNPJ: 20287189000152
2026-03-10 15:11:52 | INFO     | __main__:extract_pendencias:195 - Clicando em ATUALIZAR para 20287189000152
2026-03-10 15:11:55 | INFO     | __main__:extract_pendencias:203 - Botão Visualizar encontrado para 20287189000152. Tentando abrir...
2026-03-10 15:11:55 | INFO     | __main__:_handle_report_tab:42 - Iniciando captura de relatório...
2026-03-10 15:11:55 | DEBUG    | __main__:_handle_report_tab:46 - Verificando botão antes do clique: {'onclick': None, 'href': 'https://storage.googleapis.com/storagescrapings.appspot.com/ecac/49586312000118/situacao-fiscal-2026-02-22-20287189000152-3387582540841951023.pdf', 'text': '', 'download': True}
2026-03-10 15:11:57 | INFO     | __main__:_handle_report_tab:59 - Detectado link de PDF. Tentando download direto...
2026-03-10 15:12:12 | WARNING  | __main__:_handle_report_tab:72 - Falha no download direto, tentando via aba: Timeout 15000ms exceeded while waiting for event "download"
=========================== logs ===========================
waiting for event "download"
============================================================
2026-03-10 15:12:12 | INFO     | __main__:_handle_report_tab:84 - Relatório PDF em aba: https://storage.googleapis.com/storagescrapings.appspot.com/ecac/49586312000118/situacao-fiscal-2026-03-10-20287189000152-5802815754118781405.pdf. Baixando via request...
2026-03-10 15:12:13 | INFO     | __main__:_handle_report_tab:103 - Texto extraído (3135 chars). Analisando débitos e omissões...
2026-03-10 15:12:13 | INFO     | __main__:extract_pendencias:218 - Clicando em 'Próximo' para a próxima página...
2026-03-10 15:12:16 | INFO     | __main__:extract_pendencias:149 - Processando página 6...
2026-03-10 15:12:16 | INFO     | __main__:extract_pendencias:152 - Aguardando carregar a tabela de Situação Fiscal...
2026-03-10 15:12:16 | INFO     | __main__:extract_pendencias:157 - Processando 12 possíveis linhas na página 6...
2026-03-10 15:12:16 | INFO     | __main__:extract_pendencias:165 - Processando pendência para CNPJ: 58269983000146
2026-03-10 15:12:17 | INFO     | __main__:extract_pendencias:195 - Clicando em ATUALIZAR para 58269983000146
2026-03-10 15:12:21 | INFO     | __main__:extract_pendencias:203 - Botão Visualizar encontrado para 58269983000146. Tentando abrir...
2026-03-10 15:12:21 | INFO     | __main__:_handle_report_tab:42 - Iniciando captura de relatório...
2026-03-10 15:12:21 | DEBUG    | __main__:_handle_report_tab:46 - Verificando botão antes do clique: {'onclick': None, 'href': 'https://storage.googleapis.com/storagescrapings.appspot.com/ecac/49586312000118/situacao-fiscal-2026-02-22-58269983000146-3269009969868316085.pdf', 'text': '', 'download': True}
2026-03-10 15:12:23 | INFO     | __main__:_handle_report_tab:59 - Detectado link de PDF. Tentando download direto...
2026-03-10 15:12:38 | WARNING  | __main__:_handle_report_tab:72 - Falha no download direto, tentando via aba: Timeout 15000ms exceeded while waiting for event "download"
=========================== logs ===========================
waiting for event "download"
============================================================
2026-03-10 15:12:38 | INFO     | __main__:_handle_report_tab:84 - Relatório PDF em aba: https://storage.googleapis.com/storagescrapings.appspot.com/ecac/49586312000118/situacao-fiscal-2026-03-10-58269983000146--91426381646707851.pdf. Baixando via request...
2026-03-10 15:12:39 | INFO     | __main__:_handle_report_tab:103 - Texto extraído (3213 chars). Analisando débitos e omissões...
2026-03-10 15:12:39 | INFO     | __main__:extract_pendencias:165 - Processando pendência para CNPJ: 18490365000107
2026-03-10 15:12:39 | INFO     | __main__:extract_pendencias:195 - Clicando em ATUALIZAR para 18490365000107
2026-03-10 15:12:42 | INFO     | __main__:extract_pendencias:203 - Botão Visualizar encontrado para 18490365000107. Tentando abrir...
2026-03-10 15:12:42 | INFO     | __main__:_handle_report_tab:42 - Iniciando captura de relatório...
2026-03-10 15:12:42 | DEBUG    | __main__:_handle_report_tab:46 - Verificando botão antes do clique: {'onclick': None, 'href': 'https://storage.googleapis.com/storagescrapings.appspot.com/ecac/49586312000118/situacao-fiscal-2026-02-22-18490365000107-5246904169561535120.pdf', 'text': '', 'download': True}
2026-03-10 15:12:44 | INFO     | __main__:_handle_report_tab:59 - Detectado link de PDF. Tentando download direto...
2026-03-10 15:12:59 | WARNING  | __main__:_handle_report_tab:72 - Falha no download direto, tentando via aba: Timeout 15000ms exceeded while waiting for event "download"
=========================== logs ===========================
waiting for event "download"
============================================================
2026-03-10 15:12:59 | INFO     | __main__:_handle_report_tab:84 - Relatório PDF em aba: https://storage.googleapis.com/storagescrapings.appspot.com/ecac/49586312000118/situacao-fiscal-2026-03-10-18490365000107--8643941443916180720.pdf. Baixando via request...
2026-03-10 15:13:00 | INFO     | __main__:_handle_report_tab:103 - Texto extraído (29044 chars). Analisando débitos e omissões...
2026-03-10 15:13:01 | INFO     | __main__:extract_pendencias:165 - Processando pendência para CNPJ: 04771186000133
2026-03-10 15:13:01 | INFO     | __main__:extract_pendencias:195 - Clicando em ATUALIZAR para 04771186000133
2026-03-10 15:13:04 | INFO     | __main__:extract_pendencias:203 - Botão Visualizar encontrado para 04771186000133. Tentando abrir...
2026-03-10 15:13:04 | INFO     | __main__:_handle_report_tab:42 - Iniciando captura de relatório...
2026-03-10 15:13:04 | DEBUG    | __main__:_handle_report_tab:46 - Verificando botão antes do clique: {'onclick': None, 'href': 'https://storage.googleapis.com/storagescrapings.appspot.com/ecac/49586312000118/situacao-fiscal-2026-02-22-04771186000133-5327588855260070936.pdf', 'text': '', 'download': True}
2026-03-10 15:13:06 | INFO     | __main__:_handle_report_tab:59 - Detectado link de PDF. Tentando download direto...
2026-03-10 15:13:21 | WARNING  | __main__:_handle_report_tab:72 - Falha no download direto, tentando via aba: Timeout 15000ms exceeded while waiting for event "download"
=========================== logs ===========================
waiting for event "download"
============================================================
2026-03-10 15:13:21 | INFO     | __main__:_handle_report_tab:84 - Relatório PDF em aba: https://storage.googleapis.com/storagescrapings.appspot.com/ecac/49586312000118/situacao-fiscal-2026-03-10-04771186000133--8016301968000518451.pdf. Baixando via request...
2026-03-10 15:13:22 | INFO     | __main__:_handle_report_tab:103 - Texto extraído (7662 chars). Analisando débitos e omissões...
2026-03-10 15:13:22 | WARNING  | __main__:_handle_report_tab:107 - SiefParser não encontrou pendências no texto. Primeiros 200 chars: MINISTÉRIO DA ECONOMIA Por meio do Integra Contador
SECRETARIA ESPECIAL DA RECEITA FEDERAL DO BRASIL Autor pedido: 49.586.312/0001-18. Contratante: 28.408.293/0001-60
PROCURADORIA-GERAL DA FAZENDA NAC
2026-03-10 15:13:22 | INFO     | __main__:extract_pendencias:218 - Clicando em 'Próximo' para a próxima página...
2026-03-10 15:13:52 | ERROR    | __main__:extract_pendencias:237 - Erro Crítico: Locator.click: Timeout 30000ms exceeded.
Call log:
  - waiting for get_by_role("link", name="Próximo").or_(locator("text='Próximo'"))
    - locator resolved to <a href="#" tabindex="0" data-dt-idx="7" class="page-link" aria-controls="example">Próximo</a>
  - attempting click action
    2 × waiting for element to be visible, enabled and stable
      - element is visible, enabled and stable
      - scrolling into view if needed
      - done scrolling
      - <li id="example_next" class="paginate_button page-item next disabled">…</li> intercepts pointer events
    - retrying click action
    - waiting 20ms
    2 × waiting for element to be visible, enabled and stable
      - element is visible, enabled and stable
      - scrolling into view if needed
      - done scrolling
      - <li id="example_next" class="paginate_button page-item next disabled">…</li> intercepts pointer events
    - retrying click action
      - waiting 100ms
    11 × waiting for element to be visible, enabled and stable
       - element is visible, enabled and stable
       - scrolling into view if needed
       - done scrolling
       - <li id="example_next" class="paginate_button page-item next disabled">…</li> intercepts pointer events
     - retrying click action
       - waiting 500ms
    - waiting for element to be visible, enabled and stable

2026-03-10 15:15:32 | INFO     | __main__:extract_pendencias:118 - Iniciando Playwright (headless=False)
2026-03-10 15:15:33 | INFO     | __main__:_login:21 - Navegando para o login em https://49586312000118.veri.com.br//login
2026-03-10 15:15:35 | INFO     | __main__:_login:24 - Inserindo credenciais...
2026-03-10 15:15:36 | INFO     | __main__:_login:34 - Aguardando carregamento da área restrita...
2026-03-10 15:15:47 | SUCCESS  | __main__:_login:37 - Logado com sucesso (aparentemente).
2026-03-10 15:15:47 | INFO     | __main__:extract_pendencias:131 - Procurando botão 'Agora não' do modal inicial...
2026-03-10 15:15:47 | INFO     | __main__:extract_pendencias:138 - Modal fechado.
2026-03-10 15:15:47 | INFO     | __main__:extract_pendencias:143 - Acessando lista geral de situação fiscal...
2026-03-10 15:15:49 | INFO     | __main__:extract_pendencias:149 - Processando página 1...
2026-03-10 15:15:49 | INFO     | __main__:extract_pendencias:152 - Aguardando carregar a tabela de Situação Fiscal...
2026-03-10 15:15:49 | INFO     | __main__:extract_pendencias:157 - Processando 52 possíveis linhas na página 1...
2026-03-10 15:15:49 | INFO     | __main__:extract_pendencias:165 - Processando pendência para CNPJ: 62652792000136
2026-03-10 15:15:50 | INFO     | __main__:extract_pendencias:195 - Clicando em ATUALIZAR para 62652792000136
2026-03-10 15:15:53 | INFO     | __main__:extract_pendencias:203 - Botão Visualizar encontrado para 62652792000136. Tentando abrir...
2026-03-10 15:15:53 | INFO     | __main__:_handle_report_tab:42 - Iniciando captura de relatório...
2026-03-10 15:15:53 | DEBUG    | __main__:_handle_report_tab:46 - Verificando botão antes do clique: {'onclick': None, 'href': 'https://storage.googleapis.com/storagescrapings.appspot.com/ecac/49586312000118/situacao-fiscal-2026-03-10-62652792000136-5012149576248263428.pdf', 'text': '', 'download': True}
2026-03-10 15:15:53 | INFO     | __main__:_handle_report_tab:59 - Detectado link de PDF. Tentando download direto...
2026-03-10 15:16:08 | WARNING  | __main__:_handle_report_tab:72 - Falha no download direto, tentando via aba: Timeout 15000ms exceeded while waiting for event "download"
=========================== logs ===========================
waiting for event "download"
============================================================
2026-03-10 15:16:08 | INFO     | __main__:_handle_report_tab:84 - Relatório PDF em aba: https://storage.googleapis.com/storagescrapings.appspot.com/ecac/49586312000118/situacao-fiscal-2026-03-10-62652792000136-5012149576248263428.pdf. Baixando via request...
2026-03-10 15:16:09 | INFO     | __main__:_handle_report_tab:103 - Texto extraído (3349 chars). Analisando débitos e omissões...
2026-03-10 15:16:09 | INFO     | __main__:extract_pendencias:165 - Processando pendência para CNPJ: 11233811000159
2026-03-10 15:16:10 | INFO     | __main__:extract_pendencias:195 - Clicando em ATUALIZAR para 11233811000159
2026-03-10 15:16:13 | INFO     | __main__:extract_pendencias:203 - Botão Visualizar encontrado para 11233811000159. Tentando abrir...
2026-03-10 15:16:13 | INFO     | __main__:_handle_report_tab:42 - Iniciando captura de relatório...
2026-03-10 15:16:13 | DEBUG    | __main__:_handle_report_tab:46 - Verificando botão antes do clique: {'onclick': None, 'href': 'https://storage.googleapis.com/storagescrapings.appspot.com/ecac/49586312000118/situacao-fiscal-2026-03-10-11233811000159--1434654757235908933.pdf', 'text': '', 'download': True}
2026-03-10 15:16:14 | INFO     | __main__:_handle_report_tab:59 - Detectado link de PDF. Tentando download direto...
2026-03-10 15:16:29 | WARNING  | __main__:_handle_report_tab:72 - Falha no download direto, tentando via aba: Timeout 15000ms exceeded while waiting for event "download"
=========================== logs ===========================
waiting for event "download"
============================================================
2026-03-10 15:16:29 | INFO     | __main__:_handle_report_tab:84 - Relatório PDF em aba: https://storage.googleapis.com/storagescrapings.appspot.com/ecac/49586312000118/situacao-fiscal-2026-03-10-11233811000159--1434654757235908933.pdf. Baixando via request...
2026-03-10 15:16:29 | INFO     | __main__:_handle_report_tab:103 - Texto extraído (2102 chars). Analisando débitos e omissões...
2026-03-10 15:16:29 | INFO     | __main__:extract_pendencias:165 - Processando pendência para CNPJ: 16199705000110
2026-03-10 15:16:30 | INFO     | __main__:extract_pendencias:195 - Clicando em ATUALIZAR para 16199705000110
2026-03-10 15:16:33 | INFO     | __main__:extract_pendencias:203 - Botão Visualizar encontrado para 16199705000110. Tentando abrir...
2026-03-10 15:16:33 | INFO     | __main__:_handle_report_tab:42 - Iniciando captura de relatório...
2026-03-10 15:16:33 | DEBUG    | __main__:_handle_report_tab:46 - Verificando botão antes do clique: {'onclick': None, 'href': 'https://storage.googleapis.com/storagescrapings.appspot.com/ecac/49586312000118/situacao-fiscal-2026-03-10-16199705000110-666365238563220107.pdf', 'text': '', 'download': True}
2026-03-10 15:16:35 | INFO     | __main__:_handle_report_tab:59 - Detectado link de PDF. Tentando download direto...
2026-03-10 15:16:50 | WARNING  | __main__:_handle_report_tab:72 - Falha no download direto, tentando via aba: Timeout 15000ms exceeded while waiting for event "download"
=========================== logs ===========================
waiting for event "download"
============================================================
2026-03-10 15:16:50 | INFO     | __main__:_handle_report_tab:84 - Relatório PDF em aba: https://storage.googleapis.com/storagescrapings.appspot.com/ecac/49586312000118/situacao-fiscal-2026-03-10-16199705000110-666365238563220107.pdf. Baixando via request...
2026-03-10 15:16:50 | INFO     | __main__:_handle_report_tab:103 - Texto extraído (2219 chars). Analisando débitos e omissões...
2026-03-10 15:16:50 | WARNING  | __main__:_handle_report_tab:107 - SiefParser não encontrou pendências no texto. Primeiros 200 chars: MINISTÉRIO DA ECONOMIA Por meio do Integra Contador
SECRETARIA ESPECIAL DA RECEITA FEDERAL DO BRASIL Autor pedido: 49.586.312/0001-18. Contratante: 28.408.293/0001-60
PROCURADORIA-GERAL DA FAZENDA NAC
2026-03-10 15:16:50 | INFO     | __main__:extract_pendencias:165 - Processando pendência para CNPJ: 09106487000166
2026-03-10 15:16:51 | INFO     | __main__:extract_pendencias:195 - Clicando em ATUALIZAR para 09106487000166
2026-03-10 15:16:54 | INFO     | __main__:extract_pendencias:203 - Botão Visualizar encontrado para 09106487000166. Tentando abrir...
2026-03-10 15:16:54 | INFO     | __main__:_handle_report_tab:42 - Iniciando captura de relatório...
2026-03-10 15:16:54 | DEBUG    | __main__:_handle_report_tab:46 - Verificando botão antes do clique: {'onclick': None, 'href': 'https://storage.googleapis.com/storagescrapings.appspot.com/ecac/49586312000118/situacao-fiscal-2026-03-10-09106487000166-5359464979467263675.pdf', 'text': '', 'download': True}
2026-03-10 15:16:56 | INFO     | __main__:_handle_report_tab:59 - Detectado link de PDF. Tentando download direto...
2026-03-10 15:17:11 | WARNING  | __main__:_handle_report_tab:72 - Falha no download direto, tentando via aba: Timeout 15000ms exceeded while waiting for event "download"
=========================== logs ===========================
waiting for event "download"
============================================================
2026-03-10 15:17:11 | INFO     | __main__:_handle_report_tab:84 - Relatório PDF em aba: https://storage.googleapis.com/storagescrapings.appspot.com/ecac/49586312000118/situacao-fiscal-2026-03-10-09106487000166-5359464979467263675.pdf. Baixando via request...
2026-03-10 15:17:12 | INFO     | __main__:_handle_report_tab:103 - Texto extraído (16952 chars). Analisando débitos e omissões...
2026-03-10 15:17:12 | INFO     | __main__:extract_pendencias:165 - Processando pendência para CNPJ: 09023277000104
2026-03-10 15:17:13 | INFO     | __main__:extract_pendencias:195 - Clicando em ATUALIZAR para 09023277000104
2026-03-10 15:17:16 | INFO     | __main__:extract_pendencias:203 - Botão Visualizar encontrado para 09023277000104. Tentando abrir...
2026-03-10 15:17:16 | INFO     | __main__:_handle_report_tab:42 - Iniciando captura de relatório...
2026-03-10 15:17:16 | DEBUG    | __main__:_handle_report_tab:46 - Verificando botão antes do clique: {'onclick': None, 'href': 'https://storage.googleapis.com/storagescrapings.appspot.com/ecac/49586312000118/situacao-fiscal-2026-03-10-09023277000104-8160357367426442283.pdf', 'text': '', 'download': True}
2026-03-10 15:17:17 | INFO     | __main__:_handle_report_tab:59 - Detectado link de PDF. Tentando download direto...
2026-03-10 15:17:32 | WARNING  | __main__:_handle_report_tab:72 - Falha no download direto, tentando via aba: Timeout 15000ms exceeded while waiting for event "download"
=========================== logs ===========================
waiting for event "download"
============================================================
2026-03-10 15:17:32 | INFO     | __main__:_handle_report_tab:84 - Relatório PDF em aba: https://storage.googleapis.com/storagescrapings.appspot.com/ecac/49586312000118/situacao-fiscal-2026-03-10-09023277000104-8160357367426442283.pdf. Baixando via request...
2026-03-10 15:17:33 | INFO     | __main__:_handle_report_tab:103 - Texto extraído (2385 chars). Analisando débitos e omissões...
2026-03-10 15:17:33 | INFO     | __main__:extract_pendencias:165 - Processando pendência para CNPJ: 06915315000145
2026-03-10 15:17:33 | INFO     | __main__:extract_pendencias:195 - Clicando em ATUALIZAR para 06915315000145
2026-03-10 15:17:36 | INFO     | __main__:extract_pendencias:203 - Botão Visualizar encontrado para 06915315000145. Tentando abrir...
2026-03-10 15:17:36 | INFO     | __main__:_handle_report_tab:42 - Iniciando captura de relatório...
2026-03-10 15:17:36 | DEBUG    | __main__:_handle_report_tab:46 - Verificando botão antes do clique: {'onclick': None, 'href': 'https://storage.googleapis.com/storagescrapings.appspot.com/ecac/49586312000118/situacao-fiscal-2026-03-10-06915315000145-4069201878538756051.pdf', 'text': '', 'download': True}
2026-03-10 15:17:37 | INFO     | __main__:_handle_report_tab:59 - Detectado link de PDF. Tentando download direto...
2026-03-10 15:17:52 | WARNING  | __main__:_handle_report_tab:72 - Falha no download direto, tentando via aba: Timeout 15000ms exceeded while waiting for event "download"
=========================== logs ===========================
waiting for event "download"
============================================================
2026-03-10 15:17:52 | INFO     | __main__:_handle_report_tab:84 - Relatório PDF em aba: https://storage.googleapis.com/storagescrapings.appspot.com/ecac/49586312000118/situacao-fiscal-2026-03-10-06915315000145-4069201878538756051.pdf. Baixando via request...
2026-03-10 15:17:53 | INFO     | __main__:_handle_report_tab:103 - Texto extraído (11145 chars). Analisando débitos e omissões...
2026-03-10 15:17:53 | INFO     | __main__:extract_pendencias:165 - Processando pendência para CNPJ: 25196780000118
2026-03-10 15:17:54 | INFO     | __main__:extract_pendencias:195 - Clicando em ATUALIZAR para 25196780000118
2026-03-10 15:17:57 | INFO     | __main__:extract_pendencias:203 - Botão Visualizar encontrado para 25196780000118. Tentando abrir...
2026-03-10 15:17:57 | INFO     | __main__:_handle_report_tab:42 - Iniciando captura de relatório...
2026-03-10 15:17:57 | DEBUG    | __main__:_handle_report_tab:46 - Verificando botão antes do clique: {'onclick': None, 'href': 'https://storage.googleapis.com/storagescrapings.appspot.com/ecac/49586312000118/situacao-fiscal-2026-03-10-25196780000118--7596971299314324112.pdf', 'text': '', 'download': True}
2026-03-10 15:17:58 | INFO     | __main__:_handle_report_tab:59 - Detectado link de PDF. Tentando download direto...
2026-03-10 15:18:13 | WARNING  | __main__:_handle_report_tab:72 - Falha no download direto, tentando via aba: Timeout 15000ms exceeded while waiting for event "download"
=========================== logs ===========================
waiting for event "download"
============================================================
2026-03-10 15:18:14 | INFO     | __main__:_handle_report_tab:84 - Relatório PDF em aba: https://storage.googleapis.com/storagescrapings.appspot.com/ecac/49586312000118/situacao-fiscal-2026-03-10-25196780000118--7596971299314324112.pdf. Baixando via request...
2026-03-10 15:18:14 | INFO     | __main__:_handle_report_tab:103 - Texto extraído (3326 chars). Analisando débitos e omissões...
2026-03-10 15:18:14 | INFO     | __main__:extract_pendencias:165 - Processando pendência para CNPJ: 04778322000117
2026-03-10 15:18:14 | INFO     | __main__:extract_pendencias:195 - Clicando em ATUALIZAR para 04778322000117
2026-03-10 15:18:17 | INFO     | __main__:extract_pendencias:203 - Botão Visualizar encontrado para 04778322000117. Tentando abrir...
2026-03-10 15:18:17 | INFO     | __main__:_handle_report_tab:42 - Iniciando captura de relatório...
2026-03-10 15:18:17 | DEBUG    | __main__:_handle_report_tab:46 - Verificando botão antes do clique: {'onclick': None, 'href': 'https://storage.googleapis.com/storagescrapings.appspot.com/ecac/49586312000118/situacao-fiscal-2026-03-10-04778322000117-4399378195667265436.pdf', 'text': '', 'download': True}
2026-03-10 15:18:19 | INFO     | __main__:_handle_report_tab:59 - Detectado link de PDF. Tentando download direto...
2026-03-10 15:18:34 | WARNING  | __main__:_handle_report_tab:72 - Falha no download direto, tentando via aba: Timeout 15000ms exceeded while waiting for event "download"
=========================== logs ===========================
waiting for event "download"
============================================================
2026-03-10 15:18:34 | INFO     | __main__:_handle_report_tab:84 - Relatório PDF em aba: https://storage.googleapis.com/storagescrapings.appspot.com/ecac/49586312000118/situacao-fiscal-2026-03-10-04778322000117-4399378195667265436.pdf. Baixando via request...
2026-03-10 15:18:34 | INFO     | __main__:_handle_report_tab:103 - Texto extraído (10490 chars). Analisando débitos e omissões...
2026-03-10 15:18:34 | INFO     | __main__:extract_pendencias:165 - Processando pendência para CNPJ: 00807080000191
2026-03-10 15:18:35 | INFO     | __main__:extract_pendencias:195 - Clicando em ATUALIZAR para 00807080000191
2026-03-10 15:18:38 | INFO     | __main__:extract_pendencias:203 - Botão Visualizar encontrado para 00807080000191. Tentando abrir...
2026-03-10 15:18:38 | INFO     | __main__:_handle_report_tab:42 - Iniciando captura de relatório...
2026-03-10 15:18:38 | DEBUG    | __main__:_handle_report_tab:46 - Verificando botão antes do clique: {'onclick': None, 'href': 'https://storage.googleapis.com/storagescrapings.appspot.com/ecac/49586312000118/situacao-fiscal-2026-03-10-00807080000191-4093500059623742596.pdf', 'text': '', 'download': True}
2026-03-10 15:18:40 | INFO     | __main__:_handle_report_tab:59 - Detectado link de PDF. Tentando download direto...
2026-03-10 15:18:55 | WARNING  | __main__:_handle_report_tab:72 - Falha no download direto, tentando via aba: Timeout 15000ms exceeded while waiting for event "download"
=========================== logs ===========================
waiting for event "download"
============================================================
2026-03-10 15:18:55 | INFO     | __main__:_handle_report_tab:84 - Relatório PDF em aba: https://storage.googleapis.com/storagescrapings.appspot.com/ecac/49586312000118/situacao-fiscal-2026-03-10-00807080000191-4093500059623742596.pdf. Baixando via request...
2026-03-10 15:18:55 | INFO     | __main__:_handle_report_tab:103 - Texto extraído (6475 chars). Analisando débitos e omissões...
2026-03-10 15:18:55 | INFO     | __main__:extract_pendencias:165 - Processando pendência para CNPJ: 08154181000112
2026-03-10 15:18:56 | INFO     | __main__:extract_pendencias:195 - Clicando em ATUALIZAR para 08154181000112
2026-03-10 15:18:59 | INFO     | __main__:extract_pendencias:203 - Botão Visualizar encontrado para 08154181000112. Tentando abrir...
2026-03-10 15:18:59 | INFO     | __main__:_handle_report_tab:42 - Iniciando captura de relatório...
2026-03-10 15:18:59 | DEBUG    | __main__:_handle_report_tab:46 - Verificando botão antes do clique: {'onclick': None, 'href': 'https://storage.googleapis.com/storagescrapings.appspot.com/ecac/49586312000118/situacao-fiscal-2026-03-10-08154181000112--148977977699984578.pdf', 'text': '', 'download': True}
2026-03-10 15:19:01 | INFO     | __main__:_handle_report_tab:59 - Detectado link de PDF. Tentando download direto...
2026-03-10 15:19:16 | WARNING  | __main__:_handle_report_tab:72 - Falha no download direto, tentando via aba: Timeout 15000ms exceeded while waiting for event "download"
=========================== logs ===========================
waiting for event "download"
============================================================
2026-03-10 15:19:16 | INFO     | __main__:_handle_report_tab:84 - Relatório PDF em aba: https://storage.googleapis.com/storagescrapings.appspot.com/ecac/49586312000118/situacao-fiscal-2026-03-10-08154181000112--148977977699984578.pdf. Baixando via request...
2026-03-10 15:19:17 | INFO     | __main__:_handle_report_tab:103 - Texto extraído (34978 chars). Analisando débitos e omissões...
2026-03-10 15:19:17 | INFO     | __main__:extract_pendencias:165 - Processando pendência para CNPJ: 14757660000126
2026-03-10 15:19:18 | INFO     | __main__:extract_pendencias:195 - Clicando em ATUALIZAR para 14757660000126
2026-03-10 15:19:21 | INFO     | __main__:extract_pendencias:203 - Botão Visualizar encontrado para 14757660000126. Tentando abrir...
2026-03-10 15:19:21 | INFO     | __main__:_handle_report_tab:42 - Iniciando captura de relatório...
2026-03-10 15:19:21 | DEBUG    | __main__:_handle_report_tab:46 - Verificando botão antes do clique: {'onclick': None, 'href': 'https://storage.googleapis.com/storagescrapings.appspot.com/ecac/49586312000118/situacao-fiscal-2026-03-10-14757660000126--1900564368575895589.pdf', 'text': '', 'download': True}
2026-03-10 15:19:23 | INFO     | __main__:_handle_report_tab:59 - Detectado link de PDF. Tentando download direto...
2026-03-10 15:19:38 | WARNING  | __main__:_handle_report_tab:72 - Falha no download direto, tentando via aba: Timeout 15000ms exceeded while waiting for event "download"
=========================== logs ===========================
waiting for event "download"
============================================================
2026-03-10 15:19:38 | INFO     | __main__:_handle_report_tab:84 - Relatório PDF em aba: https://storage.googleapis.com/storagescrapings.appspot.com/ecac/49586312000118/situacao-fiscal-2026-03-10-14757660000126--1900564368575895589.pdf. Baixando via request...
2026-03-10 15:19:38 | INFO     | __main__:_handle_report_tab:103 - Texto extraído (2751 chars). Analisando débitos e omissões...
2026-03-10 15:19:38 | INFO     | __main__:extract_pendencias:165 - Processando pendência para CNPJ: 42159055000199
2026-03-10 15:19:38 | INFO     | __main__:extract_pendencias:195 - Clicando em ATUALIZAR para 42159055000199
2026-03-10 15:19:41 | INFO     | __main__:extract_pendencias:203 - Botão Visualizar encontrado para 42159055000199. Tentando abrir...
2026-03-10 15:19:41 | INFO     | __main__:_handle_report_tab:42 - Iniciando captura de relatório...
2026-03-10 15:19:42 | DEBUG    | __main__:_handle_report_tab:46 - Verificando botão antes do clique: {'onclick': None, 'href': 'https://storage.googleapis.com/storagescrapings.appspot.com/ecac/49586312000118/situacao-fiscal-2026-03-10-42159055000199--6470727640077017110.pdf', 'text': '', 'download': True}
2026-03-10 15:19:43 | INFO     | __main__:_handle_report_tab:59 - Detectado link de PDF. Tentando download direto...
2026-03-10 15:19:58 | WARNING  | __main__:_handle_report_tab:72 - Falha no download direto, tentando via aba: Timeout 15000ms exceeded while waiting for event "download"
=========================== logs ===========================
waiting for event "download"
============================================================
2026-03-10 15:19:58 | INFO     | __main__:_handle_report_tab:84 - Relatório PDF em aba: https://storage.googleapis.com/storagescrapings.appspot.com/ecac/49586312000118/situacao-fiscal-2026-03-10-42159055000199--6470727640077017110.pdf. Baixando via request...
2026-03-10 15:19:58 | INFO     | __main__:_handle_report_tab:103 - Texto extraído (3316 chars). Analisando débitos e omissões...
2026-03-10 15:19:58 | INFO     | __main__:extract_pendencias:219 - Clicando em 'Próximo' para a próxima página...
2026-03-10 15:20:02 | INFO     | __main__:extract_pendencias:149 - Processando página 2...
2026-03-10 15:20:02 | INFO     | __main__:extract_pendencias:152 - Aguardando carregar a tabela de Situação Fiscal...
2026-03-10 15:20:02 | INFO     | __main__:extract_pendencias:157 - Processando 52 possíveis linhas na página 2...
2026-03-10 15:20:02 | INFO     | __main__:extract_pendencias:165 - Processando pendência para CNPJ: 14429350000182
2026-03-10 15:20:02 | INFO     | __main__:extract_pendencias:195 - Clicando em ATUALIZAR para 14429350000182
2026-03-10 15:20:05 | INFO     | __main__:extract_pendencias:203 - Botão Visualizar encontrado para 14429350000182. Tentando abrir...
2026-03-10 15:20:05 | INFO     | __main__:_handle_report_tab:42 - Iniciando captura de relatório...
2026-03-10 15:20:05 | DEBUG    | __main__:_handle_report_tab:46 - Verificando botão antes do clique: {'onclick': None, 'href': 'https://storage.googleapis.com/storagescrapings.appspot.com/ecac/49586312000118/situacao-fiscal-2026-03-10-14429350000182-7855317242631984248.pdf', 'text': '', 'download': True}
2026-03-10 15:20:07 | INFO     | __main__:_handle_report_tab:59 - Detectado link de PDF. Tentando download direto...
2026-03-10 15:20:22 | WARNING  | __main__:_handle_report_tab:72 - Falha no download direto, tentando via aba: Timeout 15000ms exceeded while waiting for event "download"
=========================== logs ===========================
waiting for event "download"
============================================================
2026-03-10 15:20:22 | INFO     | __main__:_handle_report_tab:84 - Relatório PDF em aba: https://storage.googleapis.com/storagescrapings.appspot.com/ecac/49586312000118/situacao-fiscal-2026-03-10-14429350000182-7855317242631984248.pdf. Baixando via request...
2026-03-10 15:20:23 | INFO     | __main__:_handle_report_tab:103 - Texto extraído (3263 chars). Analisando débitos e omissões...
2026-03-10 15:20:23 | INFO     | __main__:extract_pendencias:165 - Processando pendência para CNPJ: 44573989000106
2026-03-10 15:20:23 | INFO     | __main__:extract_pendencias:195 - Clicando em ATUALIZAR para 44573989000106
2026-03-10 15:20:26 | INFO     | __main__:extract_pendencias:203 - Botão Visualizar encontrado para 44573989000106. Tentando abrir...
2026-03-10 15:20:26 | INFO     | __main__:_handle_report_tab:42 - Iniciando captura de relatório...
2026-03-10 15:20:26 | DEBUG    | __main__:_handle_report_tab:46 - Verificando botão antes do clique: {'onclick': None, 'href': 'https://storage.googleapis.com/storagescrapings.appspot.com/ecac/49586312000118/situacao-fiscal-2026-03-10-44573989000106--7177454262988630277.pdf', 'text': '', 'download': True}
2026-03-10 15:20:27 | INFO     | __main__:_handle_report_tab:59 - Detectado link de PDF. Tentando download direto...
2026-03-10 15:20:42 | WARNING  | __main__:_handle_report_tab:72 - Falha no download direto, tentando via aba: Timeout 15000ms exceeded while waiting for event "download"
=========================== logs ===========================
waiting for event "download"
============================================================
2026-03-10 15:20:42 | INFO     | __main__:_handle_report_tab:84 - Relatório PDF em aba: https://storage.googleapis.com/storagescrapings.appspot.com/ecac/49586312000118/situacao-fiscal-2026-03-10-44573989000106--7177454262988630277.pdf. Baixando via request...
2026-03-10 15:20:43 | INFO     | __main__:_handle_report_tab:103 - Texto extraído (7991 chars). Analisando débitos e omissões...
2026-03-10 15:20:43 | INFO     | __main__:extract_pendencias:165 - Processando pendência para CNPJ: 28590601000110
2026-03-10 15:20:43 | INFO     | __main__:extract_pendencias:195 - Clicando em ATUALIZAR para 28590601000110
2026-03-10 15:20:47 | INFO     | __main__:extract_pendencias:203 - Botão Visualizar encontrado para 28590601000110. Tentando abrir...
2026-03-10 15:20:47 | INFO     | __main__:_handle_report_tab:42 - Iniciando captura de relatório...
2026-03-10 15:20:47 | DEBUG    | __main__:_handle_report_tab:46 - Verificando botão antes do clique: {'onclick': None, 'href': 'https://storage.googleapis.com/storagescrapings.appspot.com/ecac/49586312000118/situacao-fiscal-2026-03-10-28590601000110-5233552800627528238.pdf', 'text': '', 'download': True}
2026-03-10 15:20:48 | INFO     | __main__:_handle_report_tab:59 - Detectado link de PDF. Tentando download direto...
2026-03-10 15:21:03 | WARNING  | __main__:_handle_report_tab:72 - Falha no download direto, tentando via aba: Timeout 15000ms exceeded while waiting for event "download"
=========================== logs ===========================
waiting for event "download"
============================================================
2026-03-10 15:21:03 | INFO     | __main__:_handle_report_tab:84 - Relatório PDF em aba: https://storage.googleapis.com/storagescrapings.appspot.com/ecac/49586312000118/situacao-fiscal-2026-03-10-28590601000110-5233552800627528238.pdf. Baixando via request...
2026-03-10 15:21:04 | INFO     | __main__:_handle_report_tab:103 - Texto extraído (23288 chars). Analisando débitos e omissões...
2026-03-10 15:21:04 | INFO     | __main__:extract_pendencias:165 - Processando pendência para CNPJ: 15360279000272
2026-03-10 15:21:05 | INFO     | __main__:extract_pendencias:195 - Clicando em ATUALIZAR para 15360279000272
2026-03-10 15:21:08 | INFO     | __main__:extract_pendencias:203 - Botão Visualizar encontrado para 15360279000272. Tentando abrir...
2026-03-10 15:21:08 | INFO     | __main__:_handle_report_tab:42 - Iniciando captura de relatório...
2026-03-10 15:21:08 | DEBUG    | __main__:_handle_report_tab:46 - Verificando botão antes do clique: {'onclick': None, 'href': 'https://storage.googleapis.com/storagescrapings.appspot.com/ecac/49586312000118/situacao-fiscal-2026-03-10-15360279000272--7191671351169571868.pdf', 'text': '', 'download': True}
2026-03-10 15:21:09 | INFO     | __main__:_handle_report_tab:59 - Detectado link de PDF. Tentando download direto...
2026-03-10 15:21:24 | WARNING  | __main__:_handle_report_tab:72 - Falha no download direto, tentando via aba: Timeout 15000ms exceeded while waiting for event "download"
=========================== logs ===========================
waiting for event "download"
============================================================
2026-03-10 15:21:25 | INFO     | __main__:_handle_report_tab:84 - Relatório PDF em aba: https://storage.googleapis.com/storagescrapings.appspot.com/ecac/49586312000118/situacao-fiscal-2026-03-10-15360279000272--7191671351169571868.pdf. Baixando via request...
2026-03-10 15:21:25 | INFO     | __main__:_handle_report_tab:103 - Texto extraído (5835 chars). Analisando débitos e omissões...
2026-03-10 15:21:25 | INFO     | __main__:extract_pendencias:165 - Processando pendência para CNPJ: 13709910000190
2026-03-10 15:21:25 | INFO     | __main__:extract_pendencias:195 - Clicando em ATUALIZAR para 13709910000190
2026-03-10 15:21:29 | INFO     | __main__:extract_pendencias:203 - Botão Visualizar encontrado para 13709910000190. Tentando abrir...
2026-03-10 15:21:29 | INFO     | __main__:_handle_report_tab:42 - Iniciando captura de relatório...
2026-03-10 15:21:29 | DEBUG    | __main__:_handle_report_tab:46 - Verificando botão antes do clique: {'onclick': None, 'href': 'https://storage.googleapis.com/storagescrapings.appspot.com/ecac/49586312000118/situacao-fiscal-2026-03-10-13709910000190--8485762134540802554.pdf', 'text': '', 'download': True}
2026-03-10 15:21:30 | INFO     | __main__:_handle_report_tab:59 - Detectado link de PDF. Tentando download direto...
2026-03-10 15:21:45 | WARNING  | __main__:_handle_report_tab:72 - Falha no download direto, tentando via aba: Timeout 15000ms exceeded while waiting for event "download"
=========================== logs ===========================
waiting for event "download"
============================================================
2026-03-10 15:21:46 | INFO     | __main__:_handle_report_tab:84 - Relatório PDF em aba: https://storage.googleapis.com/storagescrapings.appspot.com/ecac/49586312000118/situacao-fiscal-2026-03-10-13709910000190--8485762134540802554.pdf. Baixando via request...
2026-03-10 15:21:46 | INFO     | __main__:_handle_report_tab:103 - Texto extraído (17493 chars). Analisando débitos e omissões...
2026-03-10 15:21:46 | INFO     | __main__:extract_pendencias:165 - Processando pendência para CNPJ: 01813680000125
2026-03-10 15:21:47 | INFO     | __main__:extract_pendencias:195 - Clicando em ATUALIZAR para 01813680000125
2026-03-10 15:21:50 | INFO     | __main__:extract_pendencias:203 - Botão Visualizar encontrado para 01813680000125. Tentando abrir...
2026-03-10 15:21:50 | INFO     | __main__:_handle_report_tab:42 - Iniciando captura de relatório...
2026-03-10 15:21:50 | DEBUG    | __main__:_handle_report_tab:46 - Verificando botão antes do clique: {'onclick': None, 'href': 'https://storage.googleapis.com/storagescrapings.appspot.com/ecac/49586312000118/situacao-fiscal-2026-03-10-01813680000125-1255024317087163651.pdf', 'text': '', 'download': True}
2026-03-10 15:21:52 | INFO     | __main__:_handle_report_tab:59 - Detectado link de PDF. Tentando download direto...
2026-03-10 15:22:07 | WARNING  | __main__:_handle_report_tab:72 - Falha no download direto, tentando via aba: Timeout 15000ms exceeded while waiting for event "download"
=========================== logs ===========================
waiting for event "download"
============================================================
2026-03-10 15:22:07 | INFO     | __main__:_handle_report_tab:84 - Relatório PDF em aba: https://storage.googleapis.com/storagescrapings.appspot.com/ecac/49586312000118/situacao-fiscal-2026-03-10-01813680000125-1255024317087163651.pdf. Baixando via request...
2026-03-10 15:22:07 | INFO     | __main__:_handle_report_tab:103 - Texto extraído (2151 chars). Analisando débitos e omissões...
2026-03-10 15:22:07 | WARNING  | __main__:_handle_report_tab:107 - SiefParser não encontrou pendências no texto. Primeiros 200 chars: MINISTÉRIO DA ECONOMIA Por meio do Integra Contador
SECRETARIA ESPECIAL DA RECEITA FEDERAL DO BRASIL Autor pedido: 49.586.312/0001-18. Contratante: 28.408.293/0001-60
PROCURADORIA-GERAL DA FAZENDA NAC
2026-03-10 15:22:07 | INFO     | __main__:extract_pendencias:165 - Processando pendência para CNPJ: 53077162000194
2026-03-10 15:22:07 | INFO     | __main__:extract_pendencias:195 - Clicando em ATUALIZAR para 53077162000194
2026-03-10 15:22:10 | INFO     | __main__:extract_pendencias:203 - Botão Visualizar encontrado para 53077162000194. Tentando abrir...
2026-03-10 15:22:10 | INFO     | __main__:_handle_report_tab:42 - Iniciando captura de relatório...
2026-03-10 15:22:10 | DEBUG    | __main__:_handle_report_tab:46 - Verificando botão antes do clique: {'onclick': None, 'href': 'https://storage.googleapis.com/storagescrapings.appspot.com/ecac/49586312000118/situacao-fiscal-2026-03-10-53077162000194-719201574073775394.pdf', 'text': '', 'download': True}
2026-03-10 15:22:12 | INFO     | __main__:_handle_report_tab:59 - Detectado link de PDF. Tentando download direto...
2026-03-10 15:22:27 | WARNING  | __main__:_handle_report_tab:72 - Falha no download direto, tentando via aba: Timeout 15000ms exceeded while waiting for event "download"
=========================== logs ===========================
waiting for event "download"
============================================================
2026-03-10 15:22:27 | INFO     | __main__:_handle_report_tab:84 - Relatório PDF em aba: https://storage.googleapis.com/storagescrapings.appspot.com/ecac/49586312000118/situacao-fiscal-2026-03-10-53077162000194-719201574073775394.pdf. Baixando via request...
2026-03-10 15:22:27 | INFO     | __main__:_handle_report_tab:103 - Texto extraído (3008 chars). Analisando débitos e omissões...
2026-03-10 15:22:27 | INFO     | __main__:extract_pendencias:165 - Processando pendência para CNPJ: 13064209000160
2026-03-10 15:22:28 | INFO     | __main__:extract_pendencias:195 - Clicando em ATUALIZAR para 13064209000160
2026-03-10 15:22:31 | INFO     | __main__:extract_pendencias:203 - Botão Visualizar encontrado para 13064209000160. Tentando abrir...
2026-03-10 15:22:31 | INFO     | __main__:_handle_report_tab:42 - Iniciando captura de relatório...
2026-03-10 15:22:31 | DEBUG    | __main__:_handle_report_tab:46 - Verificando botão antes do clique: {'onclick': None, 'href': 'https://storage.googleapis.com/storagescrapings.appspot.com/ecac/49586312000118/situacao-fiscal-2026-03-10-13064209000160-9033764321059801937.pdf', 'text': '', 'download': True}
2026-03-10 15:22:33 | INFO     | __main__:_handle_report_tab:59 - Detectado link de PDF. Tentando download direto...
2026-03-10 15:22:48 | WARNING  | __main__:_handle_report_tab:72 - Falha no download direto, tentando via aba: Timeout 15000ms exceeded while waiting for event "download"
=========================== logs ===========================
waiting for event "download"
============================================================
2026-03-10 15:22:48 | INFO     | __main__:_handle_report_tab:84 - Relatório PDF em aba: https://storage.googleapis.com/storagescrapings.appspot.com/ecac/49586312000118/situacao-fiscal-2026-03-10-13064209000160-9033764321059801937.pdf. Baixando via request...
2026-03-10 15:22:49 | INFO     | __main__:_handle_report_tab:103 - Texto extraído (28382 chars). Analisando débitos e omissões...
2026-03-10 15:22:49 | INFO     | __main__:extract_pendencias:165 - Processando pendência para CNPJ: 27371776000174
2026-03-10 15:22:49 | INFO     | __main__:extract_pendencias:195 - Clicando em ATUALIZAR para 27371776000174
2026-03-10 15:22:53 | INFO     | __main__:extract_pendencias:203 - Botão Visualizar encontrado para 27371776000174. Tentando abrir...
2026-03-10 15:22:53 | INFO     | __main__:_handle_report_tab:42 - Iniciando captura de relatório...
2026-03-10 15:22:53 | DEBUG    | __main__:_handle_report_tab:46 - Verificando botão antes do clique: {'onclick': None, 'href': 'https://storage.googleapis.com/storagescrapings.appspot.com/ecac/49586312000118/situacao-fiscal-2026-03-10-27371776000174--8631143167567687.pdf', 'text': '', 'download': True}
2026-03-10 15:22:54 | INFO     | __main__:_handle_report_tab:59 - Detectado link de PDF. Tentando download direto...
2026-03-10 15:23:09 | WARNING  | __main__:_handle_report_tab:72 - Falha no download direto, tentando via aba: Timeout 15000ms exceeded while waiting for event "download"
=========================== logs ===========================
waiting for event "download"
============================================================
2026-03-10 15:23:09 | INFO     | __main__:_handle_report_tab:84 - Relatório PDF em aba: https://storage.googleapis.com/storagescrapings.appspot.com/ecac/49586312000118/situacao-fiscal-2026-03-10-27371776000174--8631143167567687.pdf. Baixando via request...
2026-03-10 15:23:09 | INFO     | __main__:_handle_report_tab:103 - Texto extraído (3220 chars). Analisando débitos e omissões...
2026-03-10 15:23:09 | INFO     | __main__:extract_pendencias:165 - Processando pendência para CNPJ: 14309694000158
2026-03-10 15:23:10 | INFO     | __main__:extract_pendencias:195 - Clicando em ATUALIZAR para 14309694000158
2026-03-10 15:23:13 | INFO     | __main__:extract_pendencias:203 - Botão Visualizar encontrado para 14309694000158. Tentando abrir...
2026-03-10 15:23:13 | INFO     | __main__:_handle_report_tab:42 - Iniciando captura de relatório...
2026-03-10 15:23:13 | DEBUG    | __main__:_handle_report_tab:46 - Verificando botão antes do clique: {'onclick': None, 'href': 'https://storage.googleapis.com/storagescrapings.appspot.com/ecac/49586312000118/situacao-fiscal-2026-03-10-14309694000158--3051862370828887515.pdf', 'text': '', 'download': True}
2026-03-10 15:23:14 | INFO     | __main__:_handle_report_tab:59 - Detectado link de PDF. Tentando download direto...
2026-03-10 15:23:29 | WARNING  | __main__:_handle_report_tab:72 - Falha no download direto, tentando via aba: Timeout 15000ms exceeded while waiting for event "download"
=========================== logs ===========================
waiting for event "download"
============================================================
2026-03-10 15:23:29 | INFO     | __main__:_handle_report_tab:84 - Relatório PDF em aba: https://storage.googleapis.com/storagescrapings.appspot.com/ecac/49586312000118/situacao-fiscal-2026-03-10-14309694000158--3051862370828887515.pdf. Baixando via request...
2026-03-10 15:23:30 | INFO     | __main__:_handle_report_tab:103 - Texto extraído (23783 chars). Analisando débitos e omissões...
2026-03-10 15:23:30 | INFO     | __main__:extract_pendencias:165 - Processando pendência para CNPJ: 18953881000120
2026-03-10 15:23:30 | INFO     | __main__:extract_pendencias:195 - Clicando em ATUALIZAR para 18953881000120
2026-03-10 15:23:33 | INFO     | __main__:extract_pendencias:203 - Botão Visualizar encontrado para 18953881000120. Tentando abrir...
2026-03-10 15:23:33 | INFO     | __main__:_handle_report_tab:42 - Iniciando captura de relatório...
2026-03-10 15:23:33 | DEBUG    | __main__:_handle_report_tab:46 - Verificando botão antes do clique: {'onclick': None, 'href': 'https://storage.googleapis.com/storagescrapings.appspot.com/ecac/49586312000118/situacao-fiscal-2026-03-10-18953881000120-4204661046928822989.pdf', 'text': '', 'download': True}
2026-03-10 15:23:35 | INFO     | __main__:_handle_report_tab:59 - Detectado link de PDF. Tentando download direto...
2026-03-10 15:23:50 | WARNING  | __main__:_handle_report_tab:72 - Falha no download direto, tentando via aba: Timeout 15000ms exceeded while waiting for event "download"
=========================== logs ===========================
waiting for event "download"
============================================================
2026-03-10 15:23:50 | INFO     | __main__:_handle_report_tab:84 - Relatório PDF em aba: https://storage.googleapis.com/storagescrapings.appspot.com/ecac/49586312000118/situacao-fiscal-2026-03-10-18953881000120-4204661046928822989.pdf. Baixando via request...
2026-03-10 15:23:50 | INFO     | __main__:_handle_report_tab:103 - Texto extraído (4731 chars). Analisando débitos e omissões...
2026-03-10 15:23:50 | INFO     | __main__:extract_pendencias:165 - Processando pendência para CNPJ: 55147736000189
2026-03-10 15:23:51 | INFO     | __main__:extract_pendencias:195 - Clicando em ATUALIZAR para 55147736000189
2026-03-10 15:23:54 | INFO     | __main__:extract_pendencias:203 - Botão Visualizar encontrado para 55147736000189. Tentando abrir...
2026-03-10 15:23:54 | INFO     | __main__:_handle_report_tab:42 - Iniciando captura de relatório...
2026-03-10 15:23:54 | DEBUG    | __main__:_handle_report_tab:46 - Verificando botão antes do clique: {'onclick': None, 'href': 'https://storage.googleapis.com/storagescrapings.appspot.com/ecac/49586312000118/situacao-fiscal-2026-03-10-55147736000189--3684094752955401983.pdf', 'text': '', 'download': True}
2026-03-10 15:23:56 | INFO     | __main__:_handle_report_tab:59 - Detectado link de PDF. Tentando download direto...
2026-03-10 15:24:11 | WARNING  | __main__:_handle_report_tab:72 - Falha no download direto, tentando via aba: Timeout 15000ms exceeded while waiting for event "download"
=========================== logs ===========================
waiting for event "download"
============================================================
2026-03-10 15:24:11 | INFO     | __main__:_handle_report_tab:84 - Relatório PDF em aba: https://storage.googleapis.com/storagescrapings.appspot.com/ecac/49586312000118/situacao-fiscal-2026-03-10-55147736000189--3684094752955401983.pdf. Baixando via request...
2026-03-10 15:24:11 | INFO     | __main__:_handle_report_tab:103 - Texto extraído (3434 chars). Analisando débitos e omissões...
2026-03-10 15:24:11 | INFO     | __main__:extract_pendencias:219 - Clicando em 'Próximo' para a próxima página...
2026-03-10 15:24:15 | INFO     | __main__:extract_pendencias:149 - Processando página 3...
2026-03-10 15:24:15 | INFO     | __main__:extract_pendencias:152 - Aguardando carregar a tabela de Situação Fiscal...
2026-03-10 15:24:15 | INFO     | __main__:extract_pendencias:157 - Processando 52 possíveis linhas na página 3...
2026-03-10 15:24:15 | INFO     | __main__:extract_pendencias:165 - Processando pendência para CNPJ: 12756985000169
2026-03-10 15:24:15 | INFO     | __main__:extract_pendencias:195 - Clicando em ATUALIZAR para 12756985000169
2026-03-10 15:24:19 | INFO     | __main__:extract_pendencias:203 - Botão Visualizar encontrado para 12756985000169. Tentando abrir...
2026-03-10 15:24:19 | INFO     | __main__:_handle_report_tab:42 - Iniciando captura de relatório...
2026-03-10 15:24:19 | DEBUG    | __main__:_handle_report_tab:46 - Verificando botão antes do clique: {'onclick': None, 'href': 'https://storage.googleapis.com/storagescrapings.appspot.com/ecac/49586312000118/situacao-fiscal-2026-03-10-12756985000169--9215023218627312563.pdf', 'text': '', 'download': True}
2026-03-10 15:24:20 | INFO     | __main__:_handle_report_tab:59 - Detectado link de PDF. Tentando download direto...
2026-03-10 15:24:35 | WARNING  | __main__:_handle_report_tab:72 - Falha no download direto, tentando via aba: Timeout 15000ms exceeded while waiting for event "download"
=========================== logs ===========================
waiting for event "download"
============================================================
2026-03-10 15:24:35 | INFO     | __main__:_handle_report_tab:84 - Relatório PDF em aba: https://storage.googleapis.com/storagescrapings.appspot.com/ecac/49586312000118/situacao-fiscal-2026-03-10-12756985000169--9215023218627312563.pdf. Baixando via request...
2026-03-10 15:24:35 | INFO     | __main__:_handle_report_tab:103 - Texto extraído (10509 chars). Analisando débitos e omissões...
2026-03-10 15:24:35 | INFO     | __main__:extract_pendencias:165 - Processando pendência para CNPJ: 04607567000181
2026-03-10 15:24:36 | INFO     | __main__:extract_pendencias:195 - Clicando em ATUALIZAR para 04607567000181
2026-03-10 15:24:39 | INFO     | __main__:extract_pendencias:203 - Botão Visualizar encontrado para 04607567000181. Tentando abrir...
2026-03-10 15:24:39 | INFO     | __main__:_handle_report_tab:42 - Iniciando captura de relatório...
2026-03-10 15:24:39 | DEBUG    | __main__:_handle_report_tab:46 - Verificando botão antes do clique: {'onclick': None, 'href': 'https://storage.googleapis.com/storagescrapings.appspot.com/ecac/49586312000118/situacao-fiscal-2026-03-10-04607567000181--4594092279673891863.pdf', 'text': '', 'download': True}
2026-03-10 15:24:41 | INFO     | __main__:_handle_report_tab:59 - Detectado link de PDF. Tentando download direto...
2026-03-10 15:24:56 | WARNING  | __main__:_handle_report_tab:72 - Falha no download direto, tentando via aba: Timeout 15000ms exceeded while waiting for event "download"
=========================== logs ===========================
waiting for event "download"
============================================================
2026-03-10 15:24:56 | INFO     | __main__:_handle_report_tab:84 - Relatório PDF em aba: https://storage.googleapis.com/storagescrapings.appspot.com/ecac/49586312000118/situacao-fiscal-2026-03-10-04607567000181--4594092279673891863.pdf. Baixando via request...
2026-03-10 15:24:57 | INFO     | __main__:_handle_report_tab:103 - Texto extraído (33535 chars). Analisando débitos e omissões...
2026-03-10 15:24:57 | INFO     | __main__:extract_pendencias:165 - Processando pendência para CNPJ: 07008842000139
2026-03-10 15:24:58 | INFO     | __main__:extract_pendencias:195 - Clicando em ATUALIZAR para 07008842000139
2026-03-10 15:25:01 | INFO     | __main__:extract_pendencias:203 - Botão Visualizar encontrado para 07008842000139. Tentando abrir...
2026-03-10 15:25:01 | INFO     | __main__:_handle_report_tab:42 - Iniciando captura de relatório...
2026-03-10 15:25:01 | DEBUG    | __main__:_handle_report_tab:46 - Verificando botão antes do clique: {'onclick': None, 'href': 'https://storage.googleapis.com/storagescrapings.appspot.com/ecac/49586312000118/situacao-fiscal-2026-03-10-07008842000139-143221830842184948.pdf', 'text': '', 'download': True}
2026-03-10 15:25:02 | INFO     | __main__:_handle_report_tab:59 - Detectado link de PDF. Tentando download direto...
2026-03-10 15:25:17 | WARNING  | __main__:_handle_report_tab:72 - Falha no download direto, tentando via aba: Timeout 15000ms exceeded while waiting for event "download"
=========================== logs ===========================
waiting for event "download"
============================================================
2026-03-10 15:25:17 | INFO     | __main__:_handle_report_tab:84 - Relatório PDF em aba: https://storage.googleapis.com/storagescrapings.appspot.com/ecac/49586312000118/situacao-fiscal-2026-03-10-07008842000139-143221830842184948.pdf. Baixando via request...
2026-03-10 15:25:17 | INFO     | __main__:_handle_report_tab:103 - Texto extraído (11646 chars). Analisando débitos e omissões...
2026-03-10 15:25:17 | INFO     | __main__:extract_pendencias:165 - Processando pendência para CNPJ: 13341532000134
2026-03-10 15:25:18 | INFO     | __main__:extract_pendencias:195 - Clicando em ATUALIZAR para 13341532000134
2026-03-10 15:25:21 | INFO     | __main__:extract_pendencias:203 - Botão Visualizar encontrado para 13341532000134. Tentando abrir...
2026-03-10 15:25:21 | INFO     | __main__:_handle_report_tab:42 - Iniciando captura de relatório...
2026-03-10 15:25:21 | DEBUG    | __main__:_handle_report_tab:46 - Verificando botão antes do clique: {'onclick': None, 'href': 'https://storage.googleapis.com/storagescrapings.appspot.com/ecac/49586312000118/situacao-fiscal-2026-03-10-13341532000134--9057564880433225874.pdf', 'text': '', 'download': True}
2026-03-10 15:25:23 | INFO     | __main__:_handle_report_tab:59 - Detectado link de PDF. Tentando download direto...
2026-03-10 15:25:38 | WARNING  | __main__:_handle_report_tab:72 - Falha no download direto, tentando via aba: Timeout 15000ms exceeded while waiting for event "download"
=========================== logs ===========================
waiting for event "download"
============================================================
2026-03-10 15:25:38 | INFO     | __main__:_handle_report_tab:84 - Relatório PDF em aba: https://storage.googleapis.com/storagescrapings.appspot.com/ecac/49586312000118/situacao-fiscal-2026-03-10-13341532000134--9057564880433225874.pdf. Baixando via request...
2026-03-10 15:25:38 | INFO     | __main__:_handle_report_tab:103 - Texto extraído (4026 chars). Analisando débitos e omissões...
2026-03-10 15:25:38 | INFO     | __main__:extract_pendencias:165 - Processando pendência para CNPJ: 06314992000108
2026-03-10 15:25:39 | INFO     | __main__:extract_pendencias:195 - Clicando em ATUALIZAR para 06314992000108
2026-03-10 15:25:42 | INFO     | __main__:extract_pendencias:203 - Botão Visualizar encontrado para 06314992000108. Tentando abrir...
2026-03-10 15:25:42 | INFO     | __main__:_handle_report_tab:42 - Iniciando captura de relatório...
2026-03-10 15:25:42 | DEBUG    | __main__:_handle_report_tab:46 - Verificando botão antes do clique: {'onclick': None, 'href': 'https://storage.googleapis.com/storagescrapings.appspot.com/ecac/49586312000118/situacao-fiscal-2026-03-10-06314992000108-7122542634515293754.pdf', 'text': '', 'download': True}
2026-03-10 15:25:44 | INFO     | __main__:_handle_report_tab:59 - Detectado link de PDF. Tentando download direto...
2026-03-10 15:25:59 | WARNING  | __main__:_handle_report_tab:72 - Falha no download direto, tentando via aba: Timeout 15000ms exceeded while waiting for event "download"
=========================== logs ===========================
waiting for event "download"
============================================================
2026-03-10 15:25:59 | INFO     | __main__:_handle_report_tab:84 - Relatório PDF em aba: https://storage.googleapis.com/storagescrapings.appspot.com/ecac/49586312000118/situacao-fiscal-2026-03-10-06314992000108-7122542634515293754.pdf. Baixando via request...
2026-03-10 15:26:00 | INFO     | __main__:_handle_report_tab:103 - Texto extraído (14519 chars). Analisando débitos e omissões...
2026-03-10 15:26:00 | INFO     | __main__:extract_pendencias:165 - Processando pendência para CNPJ: 38005116000196
2026-03-10 15:26:00 | INFO     | __main__:extract_pendencias:195 - Clicando em ATUALIZAR para 38005116000196
2026-03-10 15:26:03 | INFO     | __main__:extract_pendencias:203 - Botão Visualizar encontrado para 38005116000196. Tentando abrir...
2026-03-10 15:26:03 | INFO     | __main__:_handle_report_tab:42 - Iniciando captura de relatório...
2026-03-10 15:26:03 | DEBUG    | __main__:_handle_report_tab:46 - Verificando botão antes do clique: {'onclick': None, 'href': 'https://storage.googleapis.com/storagescrapings.appspot.com/ecac/49586312000118/situacao-fiscal-2026-03-10-38005116000196-4313020037022786564.pdf', 'text': '', 'download': True}
2026-03-10 15:26:05 | INFO     | __main__:_handle_report_tab:59 - Detectado link de PDF. Tentando download direto...
2026-03-10 15:26:20 | WARNING  | __main__:_handle_report_tab:72 - Falha no download direto, tentando via aba: Timeout 15000ms exceeded while waiting for event "download"
=========================== logs ===========================
waiting for event "download"
============================================================
2026-03-10 15:26:20 | INFO     | __main__:_handle_report_tab:84 - Relatório PDF em aba: https://storage.googleapis.com/storagescrapings.appspot.com/ecac/49586312000118/situacao-fiscal-2026-03-10-38005116000196-4313020037022786564.pdf. Baixando via request...
2026-03-10 15:26:20 | INFO     | __main__:_handle_report_tab:103 - Texto extraído (2233 chars). Analisando débitos e omissões...
2026-03-10 15:26:20 | INFO     | __main__:extract_pendencias:165 - Processando pendência para CNPJ: 10632502000199
2026-03-10 15:26:21 | INFO     | __main__:extract_pendencias:195 - Clicando em ATUALIZAR para 10632502000199
2026-03-10 15:26:24 | INFO     | __main__:extract_pendencias:203 - Botão Visualizar encontrado para 10632502000199. Tentando abrir...
2026-03-10 15:26:24 | INFO     | __main__:_handle_report_tab:42 - Iniciando captura de relatório...
2026-03-10 15:26:24 | DEBUG    | __main__:_handle_report_tab:46 - Verificando botão antes do clique: {'onclick': None, 'href': 'https://storage.googleapis.com/storagescrapings.appspot.com/ecac/49586312000118/situacao-fiscal-2026-03-10-10632502000199--5004206784848674847.pdf', 'text': '', 'download': True}
2026-03-10 15:26:25 | INFO     | __main__:_handle_report_tab:59 - Detectado link de PDF. Tentando download direto...
2026-03-10 15:26:40 | WARNING  | __main__:_handle_report_tab:72 - Falha no download direto, tentando via aba: Timeout 15000ms exceeded while waiting for event "download"
=========================== logs ===========================
waiting for event "download"
============================================================
2026-03-10 15:26:40 | INFO     | __main__:_handle_report_tab:84 - Relatório PDF em aba: https://storage.googleapis.com/storagescrapings.appspot.com/ecac/49586312000118/situacao-fiscal-2026-03-10-10632502000199--5004206784848674847.pdf. Baixando via request...
2026-03-10 15:26:40 | INFO     | __main__:_handle_report_tab:103 - Texto extraído (2394 chars). Analisando débitos e omissões...
2026-03-10 15:26:41 | INFO     | __main__:extract_pendencias:165 - Processando pendência para CNPJ: 04074648000163
2026-03-10 15:26:41 | INFO     | __main__:extract_pendencias:195 - Clicando em ATUALIZAR para 04074648000163
2026-03-10 15:26:44 | INFO     | __main__:extract_pendencias:203 - Botão Visualizar encontrado para 04074648000163. Tentando abrir...
2026-03-10 15:26:44 | INFO     | __main__:_handle_report_tab:42 - Iniciando captura de relatório...
2026-03-10 15:26:44 | DEBUG    | __main__:_handle_report_tab:46 - Verificando botão antes do clique: {'onclick': None, 'href': 'https://storage.googleapis.com/storagescrapings.appspot.com/ecac/49586312000118/situacao-fiscal-2026-03-10-04074648000163-1901401639797313343.pdf', 'text': '', 'download': True}
2026-03-10 15:26:46 | INFO     | __main__:_handle_report_tab:59 - Detectado link de PDF. Tentando download direto...
2026-03-10 15:27:01 | WARNING  | __main__:_handle_report_tab:72 - Falha no download direto, tentando via aba: Timeout 15000ms exceeded while waiting for event "download"
=========================== logs ===========================
waiting for event "download"
============================================================
2026-03-10 15:27:01 | INFO     | __main__:_handle_report_tab:84 - Relatório PDF em aba: https://storage.googleapis.com/storagescrapings.appspot.com/ecac/49586312000118/situacao-fiscal-2026-03-10-04074648000163-1901401639797313343.pdf. Baixando via request...
2026-03-10 15:27:03 | INFO     | __main__:_handle_report_tab:103 - Texto extraído (36339 chars). Analisando débitos e omissões...
2026-03-10 15:27:03 | INFO     | __main__:extract_pendencias:165 - Processando pendência para CNPJ: 04074648000244
2026-03-10 15:27:04 | INFO     | __main__:extract_pendencias:195 - Clicando em ATUALIZAR para 04074648000244
2026-03-10 15:27:07 | INFO     | __main__:extract_pendencias:203 - Botão Visualizar encontrado para 04074648000244. Tentando abrir...
2026-03-10 15:27:07 | INFO     | __main__:_handle_report_tab:42 - Iniciando captura de relatório...
2026-03-10 15:27:07 | DEBUG    | __main__:_handle_report_tab:46 - Verificando botão antes do clique: {'onclick': None, 'href': 'https://storage.googleapis.com/storagescrapings.appspot.com/ecac/49586312000118/situacao-fiscal-2026-03-10-04074648000244--1854371671782504086.pdf', 'text': '', 'download': True}
2026-03-10 15:27:09 | INFO     | __main__:_handle_report_tab:59 - Detectado link de PDF. Tentando download direto...
2026-03-10 15:27:24 | WARNING  | __main__:_handle_report_tab:72 - Falha no download direto, tentando via aba: Timeout 15000ms exceeded while waiting for event "download"
=========================== logs ===========================
waiting for event "download"
============================================================
2026-03-10 15:27:24 | INFO     | __main__:_handle_report_tab:84 - Relatório PDF em aba: https://storage.googleapis.com/storagescrapings.appspot.com/ecac/49586312000118/situacao-fiscal-2026-03-10-04074648000244--1854371671782504086.pdf. Baixando via request...
2026-03-10 15:27:25 | INFO     | __main__:_handle_report_tab:103 - Texto extraído (36807 chars). Analisando débitos e omissões...
2026-03-10 15:27:25 | INFO     | __main__:extract_pendencias:165 - Processando pendência para CNPJ: 04074648000325
2026-03-10 15:27:26 | INFO     | __main__:extract_pendencias:195 - Clicando em ATUALIZAR para 04074648000325
2026-03-10 15:27:29 | INFO     | __main__:extract_pendencias:203 - Botão Visualizar encontrado para 04074648000325. Tentando abrir...
2026-03-10 15:27:29 | INFO     | __main__:_handle_report_tab:42 - Iniciando captura de relatório...
2026-03-10 15:27:29 | DEBUG    | __main__:_handle_report_tab:46 - Verificando botão antes do clique: {'onclick': None, 'href': 'https://storage.googleapis.com/storagescrapings.appspot.com/ecac/49586312000118/situacao-fiscal-2026-03-10-04074648000325--508004804331458282.pdf', 'text': '', 'download': True}
2026-03-10 15:27:31 | INFO     | __main__:_handle_report_tab:59 - Detectado link de PDF. Tentando download direto...
2026-03-10 15:27:46 | WARNING  | __main__:_handle_report_tab:72 - Falha no download direto, tentando via aba: Timeout 15000ms exceeded while waiting for event "download"
=========================== logs ===========================
waiting for event "download"
============================================================
2026-03-10 15:27:46 | INFO     | __main__:_handle_report_tab:84 - Relatório PDF em aba: https://storage.googleapis.com/storagescrapings.appspot.com/ecac/49586312000118/situacao-fiscal-2026-03-10-04074648000325--508004804331458282.pdf. Baixando via request...
2026-03-10 15:27:48 | INFO     | __main__:_handle_report_tab:103 - Texto extraído (36764 chars). Analisando débitos e omissões...
2026-03-10 15:27:48 | INFO     | __main__:extract_pendencias:165 - Processando pendência para CNPJ: 04074648000406
2026-03-10 15:27:48 | INFO     | __main__:extract_pendencias:195 - Clicando em ATUALIZAR para 04074648000406
2026-03-10 15:27:51 | INFO     | __main__:extract_pendencias:203 - Botão Visualizar encontrado para 04074648000406. Tentando abrir...
2026-03-10 15:27:51 | INFO     | __main__:_handle_report_tab:42 - Iniciando captura de relatório...
2026-03-10 15:27:51 | DEBUG    | __main__:_handle_report_tab:46 - Verificando botão antes do clique: {'onclick': None, 'href': 'https://storage.googleapis.com/storagescrapings.appspot.com/ecac/49586312000118/situacao-fiscal-2026-03-10-04074648000406--6524163024750497280.pdf', 'text': '', 'download': True}
2026-03-10 15:27:53 | INFO     | __main__:_handle_report_tab:59 - Detectado link de PDF. Tentando download direto...
2026-03-10 15:28:08 | WARNING  | __main__:_handle_report_tab:72 - Falha no download direto, tentando via aba: Timeout 15000ms exceeded while waiting for event "download"
=========================== logs ===========================
waiting for event "download"
============================================================
2026-03-10 15:28:09 | INFO     | __main__:_handle_report_tab:84 - Relatório PDF em aba: https://storage.googleapis.com/storagescrapings.appspot.com/ecac/49586312000118/situacao-fiscal-2026-03-10-04074648000406--6524163024750497280.pdf. Baixando via request...
2026-03-10 15:28:10 | INFO     | __main__:_handle_report_tab:103 - Texto extraído (36799 chars). Analisando débitos e omissões...
2026-03-10 15:28:10 | INFO     | __main__:extract_pendencias:165 - Processando pendência para CNPJ: 09033381000180
2026-03-10 15:28:11 | INFO     | __main__:extract_pendencias:195 - Clicando em ATUALIZAR para 09033381000180
2026-03-10 15:28:14 | INFO     | __main__:extract_pendencias:203 - Botão Visualizar encontrado para 09033381000180. Tentando abrir...
2026-03-10 15:28:14 | INFO     | __main__:_handle_report_tab:42 - Iniciando captura de relatório...
2026-03-10 15:28:14 | DEBUG    | __main__:_handle_report_tab:46 - Verificando botão antes do clique: {'onclick': None, 'href': 'https://storage.googleapis.com/storagescrapings.appspot.com/ecac/49586312000118/situacao-fiscal-2026-03-10-09033381000180-6517801692284245512.pdf', 'text': '', 'download': True}
2026-03-10 15:28:16 | INFO     | __main__:_handle_report_tab:59 - Detectado link de PDF. Tentando download direto...
2026-03-10 15:28:31 | WARNING  | __main__:_handle_report_tab:72 - Falha no download direto, tentando via aba: Timeout 15000ms exceeded while waiting for event "download"
=========================== logs ===========================
waiting for event "download"
============================================================
2026-03-10 15:28:31 | INFO     | __main__:_handle_report_tab:84 - Relatório PDF em aba: https://storage.googleapis.com/storagescrapings.appspot.com/ecac/49586312000118/situacao-fiscal-2026-03-10-09033381000180-6517801692284245512.pdf. Baixando via request...
2026-03-10 15:28:32 | INFO     | __main__:_handle_report_tab:103 - Texto extraído (30830 chars). Analisando débitos e omissões...
2026-03-10 15:28:32 | INFO     | __main__:extract_pendencias:165 - Processando pendência para CNPJ: 09033381000937
2026-03-10 15:28:33 | INFO     | __main__:extract_pendencias:195 - Clicando em ATUALIZAR para 09033381000937
2026-03-10 15:28:36 | INFO     | __main__:extract_pendencias:203 - Botão Visualizar encontrado para 09033381000937. Tentando abrir...
2026-03-10 15:28:36 | INFO     | __main__:_handle_report_tab:42 - Iniciando captura de relatório...
2026-03-10 15:28:36 | DEBUG    | __main__:_handle_report_tab:46 - Verificando botão antes do clique: {'onclick': None, 'href': 'https://storage.googleapis.com/storagescrapings.appspot.com/ecac/49586312000118/situacao-fiscal-2026-03-10-09033381000937--8914474224969463170.pdf', 'text': '', 'download': True}
2026-03-10 15:28:37 | INFO     | __main__:_handle_report_tab:59 - Detectado link de PDF. Tentando download direto...
2026-03-10 15:28:52 | WARNING  | __main__:_handle_report_tab:72 - Falha no download direto, tentando via aba: Timeout 15000ms exceeded while waiting for event "download"
=========================== logs ===========================
waiting for event "download"
============================================================
2026-03-10 15:28:53 | INFO     | __main__:_handle_report_tab:84 - Relatório PDF em aba: https://storage.googleapis.com/storagescrapings.appspot.com/ecac/49586312000118/situacao-fiscal-2026-03-10-09033381000937--8914474224969463170.pdf. Baixando via request...
2026-03-10 15:28:55 | INFO     | __main__:_handle_report_tab:103 - Texto extraído (31624 chars). Analisando débitos e omissões...
2026-03-10 15:28:55 | INFO     | __main__:extract_pendencias:165 - Processando pendência para CNPJ: 09033381001402
2026-03-10 15:28:55 | INFO     | __main__:extract_pendencias:195 - Clicando em ATUALIZAR para 09033381001402
2026-03-10 15:28:58 | INFO     | __main__:extract_pendencias:203 - Botão Visualizar encontrado para 09033381001402. Tentando abrir...
2026-03-10 15:28:58 | INFO     | __main__:_handle_report_tab:42 - Iniciando captura de relatório...
2026-03-10 15:28:58 | DEBUG    | __main__:_handle_report_tab:46 - Verificando botão antes do clique: {'onclick': None, 'href': 'https://storage.googleapis.com/storagescrapings.appspot.com/ecac/49586312000118/situacao-fiscal-2026-03-10-09033381001402--989878315579345274.pdf', 'text': '', 'download': True}
2026-03-10 15:29:00 | INFO     | __main__:_handle_report_tab:59 - Detectado link de PDF. Tentando download direto...
2026-03-10 15:29:15 | WARNING  | __main__:_handle_report_tab:72 - Falha no download direto, tentando via aba: Timeout 15000ms exceeded while waiting for event "download"
=========================== logs ===========================
waiting for event "download"
============================================================
2026-03-10 15:29:15 | INFO     | __main__:_handle_report_tab:84 - Relatório PDF em aba: https://storage.googleapis.com/storagescrapings.appspot.com/ecac/49586312000118/situacao-fiscal-2026-03-10-09033381001402--989878315579345274.pdf. Baixando via request...
2026-03-10 15:29:17 | INFO     | __main__:_handle_report_tab:103 - Texto extraído (31640 chars). Analisando débitos e omissões...
2026-03-10 15:29:17 | INFO     | __main__:extract_pendencias:165 - Processando pendência para CNPJ: 09033381000503
2026-03-10 15:29:18 | INFO     | __main__:extract_pendencias:195 - Clicando em ATUALIZAR para 09033381000503
2026-03-10 15:29:21 | INFO     | __main__:extract_pendencias:203 - Botão Visualizar encontrado para 09033381000503. Tentando abrir...
2026-03-10 15:29:21 | INFO     | __main__:_handle_report_tab:42 - Iniciando captura de relatório...
2026-03-10 15:29:21 | DEBUG    | __main__:_handle_report_tab:46 - Verificando botão antes do clique: {'onclick': None, 'href': 'https://storage.googleapis.com/storagescrapings.appspot.com/ecac/49586312000118/situacao-fiscal-2026-03-10-09033381000503-872557732952327831.pdf', 'text': '', 'download': True}
2026-03-10 15:29:23 | INFO     | __main__:_handle_report_tab:59 - Detectado link de PDF. Tentando download direto...
2026-03-10 15:29:38 | WARNING  | __main__:_handle_report_tab:72 - Falha no download direto, tentando via aba: Timeout 15000ms exceeded while waiting for event "download"
=========================== logs ===========================
waiting for event "download"
============================================================
2026-03-10 15:29:38 | INFO     | __main__:_handle_report_tab:84 - Relatório PDF em aba: https://storage.googleapis.com/storagescrapings.appspot.com/ecac/49586312000118/situacao-fiscal-2026-03-10-09033381000503-872557732952327831.pdf. Baixando via request...
2026-03-10 15:29:39 | INFO     | __main__:_handle_report_tab:103 - Texto extraído (31592 chars). Analisando débitos e omissões...
2026-03-10 15:29:39 | INFO     | __main__:extract_pendencias:165 - Processando pendência para CNPJ: 09033381001232
2026-03-10 15:29:40 | INFO     | __main__:extract_pendencias:195 - Clicando em ATUALIZAR para 09033381001232
2026-03-10 15:29:43 | INFO     | __main__:extract_pendencias:203 - Botão Visualizar encontrado para 09033381001232. Tentando abrir...
2026-03-10 15:29:43 | INFO     | __main__:_handle_report_tab:42 - Iniciando captura de relatório...
2026-03-10 15:29:43 | DEBUG    | __main__:_handle_report_tab:46 - Verificando botão antes do clique: {'onclick': None, 'href': 'https://storage.googleapis.com/storagescrapings.appspot.com/ecac/49586312000118/situacao-fiscal-2026-03-10-09033381001232-2467767129515765189.pdf', 'text': '', 'download': True}
2026-03-10 15:29:45 | INFO     | __main__:_handle_report_tab:59 - Detectado link de PDF. Tentando download direto...
2026-03-10 15:30:00 | WARNING  | __main__:_handle_report_tab:72 - Falha no download direto, tentando via aba: Timeout 15000ms exceeded while waiting for event "download"
=========================== logs ===========================
waiting for event "download"
============================================================
2026-03-10 15:30:00 | INFO     | __main__:_handle_report_tab:84 - Relatório PDF em aba: https://storage.googleapis.com/storagescrapings.appspot.com/ecac/49586312000118/situacao-fiscal-2026-03-10-09033381001232-2467767129515765189.pdf. Baixando via request...
2026-03-10 15:30:01 | INFO     | __main__:_handle_report_tab:103 - Texto extraído (31634 chars). Analisando débitos e omissões...
2026-03-10 15:30:02 | INFO     | __main__:extract_pendencias:165 - Processando pendência para CNPJ: 22331256000114
2026-03-10 15:30:02 | INFO     | __main__:extract_pendencias:195 - Clicando em ATUALIZAR para 22331256000114
2026-03-10 15:30:05 | INFO     | __main__:extract_pendencias:203 - Botão Visualizar encontrado para 22331256000114. Tentando abrir...
2026-03-10 15:30:05 | INFO     | __main__:_handle_report_tab:42 - Iniciando captura de relatório...
2026-03-10 15:30:05 | DEBUG    | __main__:_handle_report_tab:46 - Verificando botão antes do clique: {'onclick': None, 'href': 'https://storage.googleapis.com/storagescrapings.appspot.com/ecac/49586312000118/situacao-fiscal-2026-03-10-22331256000114-8881860330563621271.pdf', 'text': '', 'download': True}
2026-03-10 15:30:07 | INFO     | __main__:_handle_report_tab:59 - Detectado link de PDF. Tentando download direto...
2026-03-10 15:30:22 | WARNING  | __main__:_handle_report_tab:72 - Falha no download direto, tentando via aba: Timeout 15000ms exceeded while waiting for event "download"
=========================== logs ===========================
waiting for event "download"
============================================================
2026-03-10 15:30:22 | INFO     | __main__:_handle_report_tab:84 - Relatório PDF em aba: https://storage.googleapis.com/storagescrapings.appspot.com/ecac/49586312000118/situacao-fiscal-2026-03-10-22331256000114-8881860330563621271.pdf. Baixando via request...
2026-03-10 15:30:24 | INFO     | __main__:_handle_report_tab:103 - Texto extraído (33457 chars). Analisando débitos e omissões...
2026-03-10 15:30:24 | INFO     | __main__:extract_pendencias:219 - Clicando em 'Próximo' para a próxima página...
2026-03-10 15:30:27 | INFO     | __main__:extract_pendencias:149 - Processando página 4...
2026-03-10 15:30:27 | INFO     | __main__:extract_pendencias:152 - Aguardando carregar a tabela de Situação Fiscal...
2026-03-10 15:30:27 | INFO     | __main__:extract_pendencias:157 - Processando 52 possíveis linhas na página 4...
2026-03-10 15:30:27 | INFO     | __main__:extract_pendencias:165 - Processando pendência para CNPJ: 13959382000127
2026-03-10 15:30:28 | INFO     | __main__:extract_pendencias:195 - Clicando em ATUALIZAR para 13959382000127
2026-03-10 15:30:31 | INFO     | __main__:extract_pendencias:203 - Botão Visualizar encontrado para 13959382000127. Tentando abrir...
2026-03-10 15:30:31 | INFO     | __main__:_handle_report_tab:42 - Iniciando captura de relatório...
2026-03-10 15:30:31 | DEBUG    | __main__:_handle_report_tab:46 - Verificando botão antes do clique: {'onclick': None, 'href': 'https://storage.googleapis.com/storagescrapings.appspot.com/ecac/49586312000118/situacao-fiscal-2026-03-10-13959382000127--6462515089312017991.pdf', 'text': '', 'download': True}
2026-03-10 15:30:33 | INFO     | __main__:_handle_report_tab:59 - Detectado link de PDF. Tentando download direto...
2026-03-10 15:30:48 | WARNING  | __main__:_handle_report_tab:72 - Falha no download direto, tentando via aba: Timeout 15000ms exceeded while waiting for event "download"
=========================== logs ===========================
waiting for event "download"
============================================================
2026-03-10 15:30:48 | INFO     | __main__:_handle_report_tab:84 - Relatório PDF em aba: https://storage.googleapis.com/storagescrapings.appspot.com/ecac/49586312000118/situacao-fiscal-2026-03-10-13959382000127--6462515089312017991.pdf. Baixando via request...
2026-03-10 15:30:48 | INFO     | __main__:_handle_report_tab:103 - Texto extraído (2995 chars). Analisando débitos e omissões...
2026-03-10 15:30:48 | INFO     | __main__:extract_pendencias:165 - Processando pendência para CNPJ: 18783002000160
2026-03-10 15:30:49 | INFO     | __main__:extract_pendencias:195 - Clicando em ATUALIZAR para 18783002000160
2026-03-10 15:30:52 | INFO     | __main__:extract_pendencias:203 - Botão Visualizar encontrado para 18783002000160. Tentando abrir...
2026-03-10 15:30:52 | INFO     | __main__:_handle_report_tab:42 - Iniciando captura de relatório...
2026-03-10 15:30:52 | DEBUG    | __main__:_handle_report_tab:46 - Verificando botão antes do clique: {'onclick': None, 'href': 'https://storage.googleapis.com/storagescrapings.appspot.com/ecac/49586312000118/situacao-fiscal-2026-03-10-18783002000160-1708363807041399341.pdf', 'text': '', 'download': True}
2026-03-10 15:30:54 | INFO     | __main__:_handle_report_tab:59 - Detectado link de PDF. Tentando download direto...
2026-03-10 15:31:09 | WARNING  | __main__:_handle_report_tab:72 - Falha no download direto, tentando via aba: Timeout 15000ms exceeded while waiting for event "download"
=========================== logs ===========================
waiting for event "download"
============================================================
2026-03-10 15:31:09 | INFO     | __main__:_handle_report_tab:84 - Relatório PDF em aba: https://storage.googleapis.com/storagescrapings.appspot.com/ecac/49586312000118/situacao-fiscal-2026-03-10-18783002000160-1708363807041399341.pdf. Baixando via request...
2026-03-10 15:31:09 | INFO     | __main__:_handle_report_tab:103 - Texto extraído (2423 chars). Analisando débitos e omissões...
2026-03-10 15:31:09 | INFO     | __main__:extract_pendencias:165 - Processando pendência para CNPJ: 24605630000158
2026-03-10 15:31:10 | INFO     | __main__:extract_pendencias:195 - Clicando em ATUALIZAR para 24605630000158
2026-03-10 15:31:13 | INFO     | __main__:extract_pendencias:203 - Botão Visualizar encontrado para 24605630000158. Tentando abrir...
2026-03-10 15:31:13 | INFO     | __main__:_handle_report_tab:42 - Iniciando captura de relatório...
2026-03-10 15:31:13 | DEBUG    | __main__:_handle_report_tab:46 - Verificando botão antes do clique: {'onclick': None, 'href': 'https://storage.googleapis.com/storagescrapings.appspot.com/ecac/49586312000118/situacao-fiscal-2026-03-10-24605630000158-8543386902544958357.pdf', 'text': '', 'download': True}
2026-03-10 15:31:15 | INFO     | __main__:_handle_report_tab:59 - Detectado link de PDF. Tentando download direto...
2026-03-10 15:31:30 | WARNING  | __main__:_handle_report_tab:72 - Falha no download direto, tentando via aba: Timeout 15000ms exceeded while waiting for event "download"
=========================== logs ===========================
waiting for event "download"
============================================================
2026-03-10 15:31:30 | INFO     | __main__:_handle_report_tab:84 - Relatório PDF em aba: https://storage.googleapis.com/storagescrapings.appspot.com/ecac/49586312000118/situacao-fiscal-2026-03-10-24605630000158-8543386902544958357.pdf. Baixando via request...
2026-03-10 15:31:30 | INFO     | __main__:_handle_report_tab:103 - Texto extraído (2231 chars). Analisando débitos e omissões...
2026-03-10 15:31:30 | WARNING  | __main__:_handle_report_tab:107 - SiefParser não encontrou pendências no texto. Primeiros 200 chars: MINISTÉRIO DA ECONOMIA Por meio do Integra Contador
SECRETARIA ESPECIAL DA RECEITA FEDERAL DO BRASIL Autor pedido: 49.586.312/0001-18. Contratante: 28.408.293/0001-60
PROCURADORIA-GERAL DA FAZENDA NAC
2026-03-10 15:31:30 | INFO     | __main__:extract_pendencias:165 - Processando pendência para CNPJ: 40626350000182
2026-03-10 15:31:31 | INFO     | __main__:extract_pendencias:195 - Clicando em ATUALIZAR para 40626350000182
2026-03-10 15:31:34 | INFO     | __main__:extract_pendencias:203 - Botão Visualizar encontrado para 40626350000182. Tentando abrir...
2026-03-10 15:31:34 | INFO     | __main__:_handle_report_tab:42 - Iniciando captura de relatório...
2026-03-10 15:31:34 | DEBUG    | __main__:_handle_report_tab:46 - Verificando botão antes do clique: {'onclick': None, 'href': 'https://storage.googleapis.com/storagescrapings.appspot.com/ecac/49586312000118/situacao-fiscal-2026-03-10-40626350000182-6437919497293341938.pdf', 'text': '', 'download': True}
2026-03-10 15:31:36 | INFO     | __main__:_handle_report_tab:59 - Detectado link de PDF. Tentando download direto...
2026-03-10 15:31:51 | WARNING  | __main__:_handle_report_tab:72 - Falha no download direto, tentando via aba: Timeout 15000ms exceeded while waiting for event "download"
=========================== logs ===========================
waiting for event "download"
============================================================
2026-03-10 15:31:51 | INFO     | __main__:_handle_report_tab:84 - Relatório PDF em aba: https://storage.googleapis.com/storagescrapings.appspot.com/ecac/49586312000118/situacao-fiscal-2026-03-10-40626350000182-6437919497293341938.pdf. Baixando via request...
2026-03-10 15:31:52 | INFO     | __main__:_handle_report_tab:103 - Texto extraído (8777 chars). Analisando débitos e omissões...
2026-03-10 15:31:52 | INFO     | __main__:extract_pendencias:165 - Processando pendência para CNPJ: 08894711000169
2026-03-10 15:31:52 | INFO     | __main__:extract_pendencias:195 - Clicando em ATUALIZAR para 08894711000169
2026-03-10 15:31:55 | INFO     | __main__:extract_pendencias:203 - Botão Visualizar encontrado para 08894711000169. Tentando abrir...
2026-03-10 15:31:55 | INFO     | __main__:_handle_report_tab:42 - Iniciando captura de relatório...
2026-03-10 15:31:55 | DEBUG    | __main__:_handle_report_tab:46 - Verificando botão antes do clique: {'onclick': None, 'href': 'https://storage.googleapis.com/storagescrapings.appspot.com/ecac/49586312000118/situacao-fiscal-2026-03-10-08894711000169--5634585627244407610.pdf', 'text': '', 'download': True}
2026-03-10 15:31:57 | INFO     | __main__:_handle_report_tab:59 - Detectado link de PDF. Tentando download direto...
2026-03-10 15:32:12 | WARNING  | __main__:_handle_report_tab:72 - Falha no download direto, tentando via aba: Timeout 15000ms exceeded while waiting for event "download"
=========================== logs ===========================
waiting for event "download"
============================================================
2026-03-10 15:32:12 | INFO     | __main__:_handle_report_tab:84 - Relatório PDF em aba: https://storage.googleapis.com/storagescrapings.appspot.com/ecac/49586312000118/situacao-fiscal-2026-03-10-08894711000169--5634585627244407610.pdf. Baixando via request...
2026-03-10 15:32:12 | INFO     | __main__:_handle_report_tab:103 - Texto extraído (2979 chars). Analisando débitos e omissões...
2026-03-10 15:32:12 | WARNING  | __main__:_handle_report_tab:107 - SiefParser não encontrou pendências no texto. Primeiros 200 chars: MINISTÉRIO DA ECONOMIA Por meio do Integra Contador
SECRETARIA ESPECIAL DA RECEITA FEDERAL DO BRASIL Autor pedido: 49.586.312/0001-18. Contratante: 28.408.293/0001-60
PROCURADORIA-GERAL DA FAZENDA NAC
2026-03-10 15:32:12 | INFO     | __main__:extract_pendencias:165 - Processando pendência para CNPJ: 34099622000130
2026-03-10 15:32:13 | INFO     | __main__:extract_pendencias:195 - Clicando em ATUALIZAR para 34099622000130
2026-03-10 15:32:16 | INFO     | __main__:extract_pendencias:203 - Botão Visualizar encontrado para 34099622000130. Tentando abrir...
2026-03-10 15:32:16 | INFO     | __main__:_handle_report_tab:42 - Iniciando captura de relatório...
2026-03-10 15:32:16 | DEBUG    | __main__:_handle_report_tab:46 - Verificando botão antes do clique: {'onclick': None, 'href': 'https://storage.googleapis.com/storagescrapings.appspot.com/ecac/49586312000118/situacao-fiscal-2026-03-10-34099622000130-229679267243065769.pdf', 'text': '', 'download': True}
2026-03-10 15:32:18 | INFO     | __main__:_handle_report_tab:59 - Detectado link de PDF. Tentando download direto...
2026-03-10 15:32:33 | WARNING  | __main__:_handle_report_tab:72 - Falha no download direto, tentando via aba: Timeout 15000ms exceeded while waiting for event "download"
=========================== logs ===========================
waiting for event "download"
============================================================
2026-03-10 15:32:33 | INFO     | __main__:_handle_report_tab:84 - Relatório PDF em aba: https://storage.googleapis.com/storagescrapings.appspot.com/ecac/49586312000118/situacao-fiscal-2026-03-10-34099622000130-229679267243065769.pdf. Baixando via request...
2026-03-10 15:32:34 | INFO     | __main__:_handle_report_tab:103 - Texto extraído (7600 chars). Analisando débitos e omissões...
2026-03-10 15:32:34 | INFO     | __main__:extract_pendencias:165 - Processando pendência para CNPJ: 04872981000118
2026-03-10 15:32:34 | INFO     | __main__:extract_pendencias:195 - Clicando em ATUALIZAR para 04872981000118
2026-03-10 15:32:37 | INFO     | __main__:extract_pendencias:203 - Botão Visualizar encontrado para 04872981000118. Tentando abrir...
2026-03-10 15:32:37 | INFO     | __main__:_handle_report_tab:42 - Iniciando captura de relatório...
2026-03-10 15:32:37 | DEBUG    | __main__:_handle_report_tab:46 - Verificando botão antes do clique: {'onclick': None, 'href': 'https://storage.googleapis.com/storagescrapings.appspot.com/ecac/49586312000118/situacao-fiscal-2026-03-10-04872981000118-604067404890326631.pdf', 'text': '', 'download': True}
2026-03-10 15:32:39 | INFO     | __main__:_handle_report_tab:59 - Detectado link de PDF. Tentando download direto...
2026-03-10 15:32:54 | WARNING  | __main__:_handle_report_tab:72 - Falha no download direto, tentando via aba: Timeout 15000ms exceeded while waiting for event "download"
=========================== logs ===========================
waiting for event "download"
============================================================
2026-03-10 15:32:54 | INFO     | __main__:_handle_report_tab:84 - Relatório PDF em aba: https://storage.googleapis.com/storagescrapings.appspot.com/ecac/49586312000118/situacao-fiscal-2026-03-10-04872981000118-604067404890326631.pdf. Baixando via request...
2026-03-10 15:32:55 | INFO     | __main__:_handle_report_tab:103 - Texto extraído (2278 chars). Analisando débitos e omissões...
2026-03-10 15:32:55 | INFO     | __main__:extract_pendencias:165 - Processando pendência para CNPJ: 05288708000103
2026-03-10 15:32:55 | INFO     | __main__:extract_pendencias:195 - Clicando em ATUALIZAR para 05288708000103
2026-03-10 15:32:58 | INFO     | __main__:extract_pendencias:203 - Botão Visualizar encontrado para 05288708000103. Tentando abrir...
2026-03-10 15:32:58 | INFO     | __main__:_handle_report_tab:42 - Iniciando captura de relatório...
2026-03-10 15:32:58 | DEBUG    | __main__:_handle_report_tab:46 - Verificando botão antes do clique: {'onclick': None, 'href': 'https://storage.googleapis.com/storagescrapings.appspot.com/ecac/49586312000118/situacao-fiscal-2026-03-10-05288708000103-2340029031477551287.pdf', 'text': '', 'download': True}
2026-03-10 15:33:00 | INFO     | __main__:_handle_report_tab:59 - Detectado link de PDF. Tentando download direto...
2026-03-10 15:33:16 | WARNING  | __main__:_handle_report_tab:72 - Falha no download direto, tentando via aba: Timeout 15000ms exceeded while waiting for event "download"
=========================== logs ===========================
waiting for event "download"
============================================================
2026-03-10 15:33:16 | INFO     | __main__:_handle_report_tab:84 - Relatório PDF em aba: https://storage.googleapis.com/storagescrapings.appspot.com/ecac/49586312000118/situacao-fiscal-2026-03-10-05288708000103-2340029031477551287.pdf. Baixando via request...
2026-03-10 15:33:16 | INFO     | __main__:_handle_report_tab:103 - Texto extraído (3267 chars). Analisando débitos e omissões...
2026-03-10 15:33:16 | INFO     | __main__:extract_pendencias:165 - Processando pendência para CNPJ: 07224478000144
2026-03-10 15:33:17 | INFO     | __main__:extract_pendencias:195 - Clicando em ATUALIZAR para 07224478000144
2026-03-10 15:33:20 | INFO     | __main__:extract_pendencias:203 - Botão Visualizar encontrado para 07224478000144. Tentando abrir...
2026-03-10 15:33:20 | INFO     | __main__:_handle_report_tab:42 - Iniciando captura de relatório...
2026-03-10 15:33:20 | DEBUG    | __main__:_handle_report_tab:46 - Verificando botão antes do clique: {'onclick': None, 'href': 'https://storage.googleapis.com/storagescrapings.appspot.com/ecac/49586312000118/situacao-fiscal-2026-03-10-07224478000144--5953423903806422052.pdf', 'text': '', 'download': True}
2026-03-10 15:33:22 | INFO     | __main__:_handle_report_tab:59 - Detectado link de PDF. Tentando download direto...
2026-03-10 15:33:37 | WARNING  | __main__:_handle_report_tab:72 - Falha no download direto, tentando via aba: Timeout 15000ms exceeded while waiting for event "download"
=========================== logs ===========================
waiting for event "download"
============================================================
2026-03-10 15:33:37 | INFO     | __main__:_handle_report_tab:84 - Relatório PDF em aba: https://storage.googleapis.com/storagescrapings.appspot.com/ecac/49586312000118/situacao-fiscal-2026-03-10-07224478000144--5953423903806422052.pdf. Baixando via request...
2026-03-10 15:33:37 | INFO     | __main__:_handle_report_tab:103 - Texto extraído (3182 chars). Analisando débitos e omissões...
2026-03-10 15:33:37 | WARNING  | __main__:_handle_report_tab:107 - SiefParser não encontrou pendências no texto. Primeiros 200 chars: MINISTÉRIO DA ECONOMIA Por meio do Integra Contador
SECRETARIA ESPECIAL DA RECEITA FEDERAL DO BRASIL Autor pedido: 49.586.312/0001-18. Contratante: 28.408.293/0001-60
PROCURADORIA-GERAL DA FAZENDA NAC
2026-03-10 15:33:37 | INFO     | __main__:extract_pendencias:165 - Processando pendência para CNPJ: 01086932000161
2026-03-10 15:33:38 | INFO     | __main__:extract_pendencias:195 - Clicando em ATUALIZAR para 01086932000161
2026-03-10 15:33:41 | INFO     | __main__:extract_pendencias:203 - Botão Visualizar encontrado para 01086932000161. Tentando abrir...
2026-03-10 15:33:41 | INFO     | __main__:_handle_report_tab:42 - Iniciando captura de relatório...
2026-03-10 15:33:41 | DEBUG    | __main__:_handle_report_tab:46 - Verificando botão antes do clique: {'onclick': None, 'href': 'https://storage.googleapis.com/storagescrapings.appspot.com/ecac/49586312000118/situacao-fiscal-2026-03-10-01086932000161-5808131332858835218.pdf', 'text': '', 'download': True}
2026-03-10 15:33:43 | INFO     | __main__:_handle_report_tab:59 - Detectado link de PDF. Tentando download direto...
2026-03-10 15:33:58 | WARNING  | __main__:_handle_report_tab:72 - Falha no download direto, tentando via aba: Timeout 15000ms exceeded while waiting for event "download"
=========================== logs ===========================
waiting for event "download"
============================================================
2026-03-10 15:33:58 | INFO     | __main__:_handle_report_tab:84 - Relatório PDF em aba: https://storage.googleapis.com/storagescrapings.appspot.com/ecac/49586312000118/situacao-fiscal-2026-03-10-01086932000161-5808131332858835218.pdf. Baixando via request...
2026-03-10 15:33:59 | INFO     | __main__:_handle_report_tab:103 - Texto extraído (20536 chars). Analisando débitos e omissões...
2026-03-10 15:33:59 | WARNING  | __main__:_handle_report_tab:107 - SiefParser não encontrou pendências no texto. Primeiros 200 chars: MINISTÉRIO DA ECONOMIA Por meio do Integra Contador
SECRETARIA ESPECIAL DA RECEITA FEDERAL DO BRASIL Autor pedido: 49.586.312/0001-18. Contratante: 28.408.293/0001-60
PROCURADORIA-GERAL DA FAZENDA NAC
2026-03-10 15:33:59 | INFO     | __main__:extract_pendencias:165 - Processando pendência para CNPJ: 08000034000198
2026-03-10 15:33:59 | INFO     | __main__:extract_pendencias:195 - Clicando em ATUALIZAR para 08000034000198
2026-03-10 15:34:03 | INFO     | __main__:extract_pendencias:203 - Botão Visualizar encontrado para 08000034000198. Tentando abrir...
2026-03-10 15:34:03 | INFO     | __main__:_handle_report_tab:42 - Iniciando captura de relatório...
2026-03-10 15:34:03 | DEBUG    | __main__:_handle_report_tab:46 - Verificando botão antes do clique: {'onclick': None, 'href': 'https://storage.googleapis.com/storagescrapings.appspot.com/ecac/49586312000118/situacao-fiscal-2026-03-10-08000034000198-68874188409963147.pdf', 'text': '', 'download': True}
2026-03-10 15:34:04 | INFO     | __main__:_handle_report_tab:59 - Detectado link de PDF. Tentando download direto...
2026-03-10 15:34:19 | WARNING  | __main__:_handle_report_tab:72 - Falha no download direto, tentando via aba: Timeout 15000ms exceeded while waiting for event "download"
=========================== logs ===========================
waiting for event "download"
============================================================
2026-03-10 15:34:19 | INFO     | __main__:_handle_report_tab:84 - Relatório PDF em aba: https://storage.googleapis.com/storagescrapings.appspot.com/ecac/49586312000118/situacao-fiscal-2026-03-10-08000034000198-68874188409963147.pdf. Baixando via request...
2026-03-10 15:34:20 | INFO     | __main__:_handle_report_tab:103 - Texto extraído (3182 chars). Analisando débitos e omissões...
2026-03-10 15:34:20 | INFO     | __main__:extract_pendencias:165 - Processando pendência para CNPJ: 25311856000109
2026-03-10 15:34:20 | INFO     | __main__:extract_pendencias:195 - Clicando em ATUALIZAR para 25311856000109
2026-03-10 15:34:24 | INFO     | __main__:extract_pendencias:203 - Botão Visualizar encontrado para 25311856000109. Tentando abrir...
2026-03-10 15:34:24 | INFO     | __main__:_handle_report_tab:42 - Iniciando captura de relatório...
2026-03-10 15:34:24 | DEBUG    | __main__:_handle_report_tab:46 - Verificando botão antes do clique: {'onclick': None, 'href': 'https://storage.googleapis.com/storagescrapings.appspot.com/ecac/49586312000118/situacao-fiscal-2026-03-10-25311856000109-5493267392372148762.pdf', 'text': '', 'download': True}
2026-03-10 15:34:25 | INFO     | __main__:_handle_report_tab:59 - Detectado link de PDF. Tentando download direto...
2026-03-10 15:34:40 | WARNING  | __main__:_handle_report_tab:72 - Falha no download direto, tentando via aba: Timeout 15000ms exceeded while waiting for event "download"
=========================== logs ===========================
waiting for event "download"
============================================================
2026-03-10 15:34:41 | INFO     | __main__:_handle_report_tab:84 - Relatório PDF em aba: https://storage.googleapis.com/storagescrapings.appspot.com/ecac/49586312000118/situacao-fiscal-2026-03-10-25311856000109-5493267392372148762.pdf. Baixando via request...
2026-03-10 15:34:41 | INFO     | __main__:_handle_report_tab:103 - Texto extraído (3955 chars). Analisando débitos e omissões...
2026-03-10 15:34:41 | WARNING  | __main__:_handle_report_tab:107 - SiefParser não encontrou pendências no texto. Primeiros 200 chars: MINISTÉRIO DA ECONOMIA Por meio do Integra Contador
SECRETARIA ESPECIAL DA RECEITA FEDERAL DO BRASIL Autor pedido: 49.586.312/0001-18. Contratante: 28.408.293/0001-60
PROCURADORIA-GERAL DA FAZENDA NAC
2026-03-10 15:34:41 | INFO     | __main__:extract_pendencias:165 - Processando pendência para CNPJ: 40010011000177
2026-03-10 15:34:42 | INFO     | __main__:extract_pendencias:195 - Clicando em ATUALIZAR para 40010011000177
2026-03-10 15:34:45 | INFO     | __main__:extract_pendencias:203 - Botão Visualizar encontrado para 40010011000177. Tentando abrir...
2026-03-10 15:34:45 | INFO     | __main__:_handle_report_tab:42 - Iniciando captura de relatório...
2026-03-10 15:34:45 | DEBUG    | __main__:_handle_report_tab:46 - Verificando botão antes do clique: {'onclick': None, 'href': 'https://storage.googleapis.com/storagescrapings.appspot.com/ecac/49586312000118/situacao-fiscal-2026-03-10-40010011000177--1310616442582242493.pdf', 'text': '', 'download': True}
2026-03-10 15:34:46 | INFO     | __main__:_handle_report_tab:59 - Detectado link de PDF. Tentando download direto...
2026-03-10 15:35:01 | WARNING  | __main__:_handle_report_tab:72 - Falha no download direto, tentando via aba: Timeout 15000ms exceeded while waiting for event "download"
=========================== logs ===========================
waiting for event "download"
============================================================
2026-03-10 15:35:01 | INFO     | __main__:_handle_report_tab:84 - Relatório PDF em aba: https://storage.googleapis.com/storagescrapings.appspot.com/ecac/49586312000118/situacao-fiscal-2026-03-10-40010011000177--1310616442582242493.pdf. Baixando via request...
2026-03-10 15:35:03 | INFO     | __main__:_handle_report_tab:103 - Texto extraído (22820 chars). Analisando débitos e omissões...
2026-03-10 15:35:03 | INFO     | __main__:extract_pendencias:165 - Processando pendência para CNPJ: 40010011000258
2026-03-10 15:35:04 | INFO     | __main__:extract_pendencias:195 - Clicando em ATUALIZAR para 40010011000258
2026-03-10 15:35:07 | INFO     | __main__:extract_pendencias:203 - Botão Visualizar encontrado para 40010011000258. Tentando abrir...
2026-03-10 15:35:07 | INFO     | __main__:_handle_report_tab:42 - Iniciando captura de relatório...
2026-03-10 15:35:07 | DEBUG    | __main__:_handle_report_tab:46 - Verificando botão antes do clique: {'onclick': None, 'href': 'https://storage.googleapis.com/storagescrapings.appspot.com/ecac/49586312000118/situacao-fiscal-2026-03-10-40010011000258-6596310596573063701.pdf', 'text': '', 'download': True}
2026-03-10 15:35:09 | INFO     | __main__:_handle_report_tab:59 - Detectado link de PDF. Tentando download direto...
2026-03-10 15:35:24 | WARNING  | __main__:_handle_report_tab:72 - Falha no download direto, tentando via aba: Timeout 15000ms exceeded while waiting for event "download"
=========================== logs ===========================
waiting for event "download"
============================================================
2026-03-10 15:35:24 | INFO     | __main__:_handle_report_tab:84 - Relatório PDF em aba: https://storage.googleapis.com/storagescrapings.appspot.com/ecac/49586312000118/situacao-fiscal-2026-03-10-40010011000258-6596310596573063701.pdf. Baixando via request...
2026-03-10 15:35:26 | INFO     | __main__:_handle_report_tab:103 - Texto extraído (23266 chars). Analisando débitos e omissões...
2026-03-10 15:35:26 | INFO     | __main__:extract_pendencias:165 - Processando pendência para CNPJ: 12620821000100
2026-03-10 15:35:27 | INFO     | __main__:extract_pendencias:195 - Clicando em ATUALIZAR para 12620821000100
2026-03-10 15:35:30 | INFO     | __main__:extract_pendencias:203 - Botão Visualizar encontrado para 12620821000100. Tentando abrir...
2026-03-10 15:35:30 | INFO     | __main__:_handle_report_tab:42 - Iniciando captura de relatório...
2026-03-10 15:35:30 | DEBUG    | __main__:_handle_report_tab:46 - Verificando botão antes do clique: {'onclick': None, 'href': 'https://storage.googleapis.com/storagescrapings.appspot.com/ecac/49586312000118/situacao-fiscal-2026-03-10-12620821000100--8202874389122331106.pdf', 'text': '', 'download': True}
2026-03-10 15:35:31 | INFO     | __main__:_handle_report_tab:59 - Detectado link de PDF. Tentando download direto...
2026-03-10 15:35:46 | WARNING  | __main__:_handle_report_tab:72 - Falha no download direto, tentando via aba: Timeout 15000ms exceeded while waiting for event "download"
=========================== logs ===========================
waiting for event "download"
============================================================
2026-03-10 15:35:46 | INFO     | __main__:_handle_report_tab:84 - Relatório PDF em aba: https://storage.googleapis.com/storagescrapings.appspot.com/ecac/49586312000118/situacao-fiscal-2026-03-10-12620821000100--8202874389122331106.pdf. Baixando via request...
2026-03-10 15:35:47 | INFO     | __main__:_handle_report_tab:103 - Texto extraído (3205 chars). Analisando débitos e omissões...
2026-03-10 15:35:47 | INFO     | __main__:extract_pendencias:165 - Processando pendência para CNPJ: 37250815000139
2026-03-10 15:35:47 | INFO     | __main__:extract_pendencias:195 - Clicando em ATUALIZAR para 37250815000139
2026-03-10 15:35:50 | INFO     | __main__:extract_pendencias:203 - Botão Visualizar encontrado para 37250815000139. Tentando abrir...
2026-03-10 15:35:50 | INFO     | __main__:_handle_report_tab:42 - Iniciando captura de relatório...
2026-03-10 15:35:50 | DEBUG    | __main__:_handle_report_tab:46 - Verificando botão antes do clique: {'onclick': None, 'href': 'https://storage.googleapis.com/storagescrapings.appspot.com/ecac/49586312000118/situacao-fiscal-2026-03-10-37250815000139--3042070610917375247.pdf', 'text': '', 'download': True}
2026-03-10 15:35:52 | INFO     | __main__:_handle_report_tab:59 - Detectado link de PDF. Tentando download direto...
2026-03-10 15:36:07 | WARNING  | __main__:_handle_report_tab:72 - Falha no download direto, tentando via aba: Timeout 15000ms exceeded while waiting for event "download"
=========================== logs ===========================
waiting for event "download"
============================================================
2026-03-10 15:36:08 | INFO     | __main__:_handle_report_tab:84 - Relatório PDF em aba: https://storage.googleapis.com/storagescrapings.appspot.com/ecac/49586312000118/situacao-fiscal-2026-03-10-37250815000139--3042070610917375247.pdf. Baixando via request...
2026-03-10 15:36:08 | INFO     | __main__:_handle_report_tab:103 - Texto extraído (2771 chars). Analisando débitos e omissões...
2026-03-10 15:36:08 | INFO     | __main__:extract_pendencias:165 - Processando pendência para CNPJ: 31495226000134
2026-03-10 15:36:09 | INFO     | __main__:extract_pendencias:195 - Clicando em ATUALIZAR para 31495226000134
2026-03-10 15:36:12 | INFO     | __main__:extract_pendencias:203 - Botão Visualizar encontrado para 31495226000134. Tentando abrir...
2026-03-10 15:36:12 | INFO     | __main__:_handle_report_tab:42 - Iniciando captura de relatório...
2026-03-10 15:36:12 | DEBUG    | __main__:_handle_report_tab:46 - Verificando botão antes do clique: {'onclick': None, 'href': 'https://storage.googleapis.com/storagescrapings.appspot.com/ecac/49586312000118/situacao-fiscal-2026-03-10-31495226000134--759852541785170364.pdf', 'text': '', 'download': True}
2026-03-10 15:36:13 | INFO     | __main__:_handle_report_tab:59 - Detectado link de PDF. Tentando download direto...
2026-03-10 15:36:28 | WARNING  | __main__:_handle_report_tab:72 - Falha no download direto, tentando via aba: Timeout 15000ms exceeded while waiting for event "download"
=========================== logs ===========================
waiting for event "download"
============================================================
2026-03-10 15:36:29 | INFO     | __main__:_handle_report_tab:84 - Relatório PDF em aba: https://storage.googleapis.com/storagescrapings.appspot.com/ecac/49586312000118/situacao-fiscal-2026-03-10-31495226000134--759852541785170364.pdf. Baixando via request...
2026-03-10 15:36:29 | INFO     | __main__:_handle_report_tab:103 - Texto extraído (6438 chars). Analisando débitos e omissões...
2026-03-10 15:36:29 | INFO     | __main__:extract_pendencias:165 - Processando pendência para CNPJ: 52029265000116
2026-03-10 15:36:30 | INFO     | __main__:extract_pendencias:195 - Clicando em ATUALIZAR para 52029265000116
2026-03-10 15:36:33 | INFO     | __main__:extract_pendencias:203 - Botão Visualizar encontrado para 52029265000116. Tentando abrir...
2026-03-10 15:36:33 | INFO     | __main__:_handle_report_tab:42 - Iniciando captura de relatório...
2026-03-10 15:36:33 | DEBUG    | __main__:_handle_report_tab:46 - Verificando botão antes do clique: {'onclick': None, 'href': 'https://storage.googleapis.com/storagescrapings.appspot.com/ecac/49586312000118/situacao-fiscal-2026-03-10-52029265000116-2878048326592333185.pdf', 'text': '', 'download': True}
2026-03-10 15:36:34 | INFO     | __main__:_handle_report_tab:59 - Detectado link de PDF. Tentando download direto...
2026-03-10 15:36:49 | WARNING  | __main__:_handle_report_tab:72 - Falha no download direto, tentando via aba: Timeout 15000ms exceeded while waiting for event "download"
=========================== logs ===========================
waiting for event "download"
============================================================
2026-03-10 15:36:49 | INFO     | __main__:_handle_report_tab:84 - Relatório PDF em aba: https://storage.googleapis.com/storagescrapings.appspot.com/ecac/49586312000118/situacao-fiscal-2026-03-10-52029265000116-2878048326592333185.pdf. Baixando via request...
2026-03-10 15:36:50 | INFO     | __main__:_handle_report_tab:103 - Texto extraído (3100 chars). Analisando débitos e omissões...
2026-03-10 15:36:50 | INFO     | __main__:extract_pendencias:219 - Clicando em 'Próximo' para a próxima página...
2026-03-10 15:36:53 | INFO     | __main__:extract_pendencias:149 - Processando página 5...
2026-03-10 15:36:53 | INFO     | __main__:extract_pendencias:152 - Aguardando carregar a tabela de Situação Fiscal...
2026-03-10 15:36:53 | INFO     | __main__:extract_pendencias:157 - Processando 52 possíveis linhas na página 5...
2026-03-10 15:36:53 | INFO     | __main__:extract_pendencias:165 - Processando pendência para CNPJ: 34243775000100
2026-03-10 15:36:54 | INFO     | __main__:extract_pendencias:195 - Clicando em ATUALIZAR para 34243775000100
2026-03-10 15:36:57 | INFO     | __main__:extract_pendencias:203 - Botão Visualizar encontrado para 34243775000100. Tentando abrir...
2026-03-10 15:36:57 | INFO     | __main__:_handle_report_tab:42 - Iniciando captura de relatório...
2026-03-10 15:36:57 | DEBUG    | __main__:_handle_report_tab:46 - Verificando botão antes do clique: {'onclick': None, 'href': 'https://storage.googleapis.com/storagescrapings.appspot.com/ecac/49586312000118/situacao-fiscal-2026-03-10-34243775000100-4889036326028891915.pdf', 'text': '', 'download': True}
2026-03-10 15:36:59 | INFO     | __main__:_handle_report_tab:59 - Detectado link de PDF. Tentando download direto...
2026-03-10 15:37:14 | WARNING  | __main__:_handle_report_tab:72 - Falha no download direto, tentando via aba: Timeout 15000ms exceeded while waiting for event "download"
=========================== logs ===========================
waiting for event "download"
============================================================
2026-03-10 15:37:14 | INFO     | __main__:_handle_report_tab:84 - Relatório PDF em aba: https://storage.googleapis.com/storagescrapings.appspot.com/ecac/49586312000118/situacao-fiscal-2026-03-10-34243775000100-4889036326028891915.pdf. Baixando via request...
2026-03-10 15:37:14 | INFO     | __main__:_handle_report_tab:103 - Texto extraído (2824 chars). Analisando débitos e omissões...
2026-03-10 15:37:14 | INFO     | __main__:extract_pendencias:165 - Processando pendência para CNPJ: 04689608000126
2026-03-10 15:37:15 | INFO     | __main__:extract_pendencias:195 - Clicando em ATUALIZAR para 04689608000126
2026-03-10 15:37:18 | INFO     | __main__:extract_pendencias:203 - Botão Visualizar encontrado para 04689608000126. Tentando abrir...
2026-03-10 15:37:18 | INFO     | __main__:_handle_report_tab:42 - Iniciando captura de relatório...
2026-03-10 15:37:18 | DEBUG    | __main__:_handle_report_tab:46 - Verificando botão antes do clique: {'onclick': None, 'href': 'https://storage.googleapis.com/storagescrapings.appspot.com/ecac/49586312000118/situacao-fiscal-2026-03-10-04689608000126-301946170125122004.pdf', 'text': '', 'download': True}
2026-03-10 15:37:20 | INFO     | __main__:_handle_report_tab:59 - Detectado link de PDF. Tentando download direto...
2026-03-10 15:37:35 | WARNING  | __main__:_handle_report_tab:72 - Falha no download direto, tentando via aba: Timeout 15000ms exceeded while waiting for event "download"
=========================== logs ===========================
waiting for event "download"
============================================================
2026-03-10 15:37:35 | INFO     | __main__:_handle_report_tab:84 - Relatório PDF em aba: https://storage.googleapis.com/storagescrapings.appspot.com/ecac/49586312000118/situacao-fiscal-2026-03-10-04689608000126-301946170125122004.pdf. Baixando via request...
2026-03-10 15:37:37 | INFO     | __main__:_handle_report_tab:103 - Texto extraído (39433 chars). Analisando débitos e omissões...
2026-03-10 15:37:37 | INFO     | __main__:extract_pendencias:165 - Processando pendência para CNPJ: 04689608000207
2026-03-10 15:37:37 | INFO     | __main__:extract_pendencias:195 - Clicando em ATUALIZAR para 04689608000207
2026-03-10 15:37:40 | INFO     | __main__:extract_pendencias:203 - Botão Visualizar encontrado para 04689608000207. Tentando abrir...
2026-03-10 15:37:40 | INFO     | __main__:_handle_report_tab:42 - Iniciando captura de relatório...
2026-03-10 15:37:40 | DEBUG    | __main__:_handle_report_tab:46 - Verificando botão antes do clique: {'onclick': None, 'href': 'https://storage.googleapis.com/storagescrapings.appspot.com/ecac/49586312000118/situacao-fiscal-2026-03-10-04689608000207--1940536082388115577.pdf', 'text': '', 'download': True}
2026-03-10 15:37:42 | INFO     | __main__:_handle_report_tab:59 - Detectado link de PDF. Tentando download direto...
2026-03-10 15:37:57 | WARNING  | __main__:_handle_report_tab:72 - Falha no download direto, tentando via aba: Timeout 15000ms exceeded while waiting for event "download"
=========================== logs ===========================
waiting for event "download"
============================================================
2026-03-10 15:37:57 | INFO     | __main__:_handle_report_tab:84 - Relatório PDF em aba: https://storage.googleapis.com/storagescrapings.appspot.com/ecac/49586312000118/situacao-fiscal-2026-03-10-04689608000207--1940536082388115577.pdf. Baixando via request...
2026-03-10 15:37:59 | INFO     | __main__:_handle_report_tab:103 - Texto extraído (39838 chars). Analisando débitos e omissões...
2026-03-10 15:38:00 | INFO     | __main__:extract_pendencias:165 - Processando pendência para CNPJ: 04689608000398
2026-03-10 15:38:00 | INFO     | __main__:extract_pendencias:195 - Clicando em ATUALIZAR para 04689608000398
2026-03-10 15:38:03 | INFO     | __main__:extract_pendencias:203 - Botão Visualizar encontrado para 04689608000398. Tentando abrir...
2026-03-10 15:38:03 | INFO     | __main__:_handle_report_tab:42 - Iniciando captura de relatório...
2026-03-10 15:38:03 | DEBUG    | __main__:_handle_report_tab:46 - Verificando botão antes do clique: {'onclick': None, 'href': 'https://storage.googleapis.com/storagescrapings.appspot.com/ecac/49586312000118/situacao-fiscal-2026-03-10-04689608000398--8530276885068725287.pdf', 'text': '', 'download': True}
2026-03-10 15:38:04 | INFO     | __main__:_handle_report_tab:59 - Detectado link de PDF. Tentando download direto...
2026-03-10 15:38:19 | WARNING  | __main__:_handle_report_tab:72 - Falha no download direto, tentando via aba: Timeout 15000ms exceeded while waiting for event "download"
=========================== logs ===========================
waiting for event "download"
============================================================
2026-03-10 15:38:19 | INFO     | __main__:_handle_report_tab:84 - Relatório PDF em aba: https://storage.googleapis.com/storagescrapings.appspot.com/ecac/49586312000118/situacao-fiscal-2026-03-10-04689608000398--8530276885068725287.pdf. Baixando via request...
2026-03-10 15:38:21 | INFO     | __main__:_handle_report_tab:103 - Texto extraído (39826 chars). Analisando débitos e omissões...
2026-03-10 15:38:21 | INFO     | __main__:extract_pendencias:165 - Processando pendência para CNPJ: 09199339000133
2026-03-10 15:38:22 | INFO     | __main__:extract_pendencias:195 - Clicando em ATUALIZAR para 09199339000133
2026-03-10 15:38:25 | INFO     | __main__:extract_pendencias:203 - Botão Visualizar encontrado para 09199339000133. Tentando abrir...
2026-03-10 15:38:25 | INFO     | __main__:_handle_report_tab:42 - Iniciando captura de relatório...
2026-03-10 15:38:25 | DEBUG    | __main__:_handle_report_tab:46 - Verificando botão antes do clique: {'onclick': None, 'href': 'https://storage.googleapis.com/storagescrapings.appspot.com/ecac/49586312000118/situacao-fiscal-2026-03-10-09199339000133-4770438342379837465.pdf', 'text': '', 'download': True}
2026-03-10 15:38:27 | INFO     | __main__:_handle_report_tab:59 - Detectado link de PDF. Tentando download direto...
2026-03-10 15:38:42 | WARNING  | __main__:_handle_report_tab:72 - Falha no download direto, tentando via aba: Timeout 15000ms exceeded while waiting for event "download"
=========================== logs ===========================
waiting for event "download"
============================================================
2026-03-10 15:38:42 | INFO     | __main__:_handle_report_tab:84 - Relatório PDF em aba: https://storage.googleapis.com/storagescrapings.appspot.com/ecac/49586312000118/situacao-fiscal-2026-03-10-09199339000133-4770438342379837465.pdf. Baixando via request...
2026-03-10 15:38:42 | INFO     | __main__:_handle_report_tab:103 - Texto extraído (2318 chars). Analisando débitos e omissões...
2026-03-10 15:38:42 | INFO     | __main__:extract_pendencias:165 - Processando pendência para CNPJ: 35798856000139
2026-03-10 15:38:43 | INFO     | __main__:extract_pendencias:195 - Clicando em ATUALIZAR para 35798856000139
2026-03-10 15:38:46 | INFO     | __main__:extract_pendencias:203 - Botão Visualizar encontrado para 35798856000139. Tentando abrir...
2026-03-10 15:38:46 | INFO     | __main__:_handle_report_tab:42 - Iniciando captura de relatório...
2026-03-10 15:38:46 | DEBUG    | __main__:_handle_report_tab:46 - Verificando botão antes do clique: {'onclick': None, 'href': 'https://storage.googleapis.com/storagescrapings.appspot.com/ecac/49586312000118/situacao-fiscal-2026-03-10-35798856000139-7669080239666375128.pdf', 'text': '', 'download': True}
2026-03-10 15:38:48 | INFO     | __main__:_handle_report_tab:59 - Detectado link de PDF. Tentando download direto...
2026-03-10 15:39:03 | WARNING  | __main__:_handle_report_tab:72 - Falha no download direto, tentando via aba: Timeout 15000ms exceeded while waiting for event "download"
=========================== logs ===========================
waiting for event "download"
============================================================
2026-03-10 15:39:03 | INFO     | __main__:_handle_report_tab:84 - Relatório PDF em aba: https://storage.googleapis.com/storagescrapings.appspot.com/ecac/49586312000118/situacao-fiscal-2026-03-10-35798856000139-7669080239666375128.pdf. Baixando via request...
2026-03-10 15:39:03 | INFO     | __main__:_handle_report_tab:103 - Texto extraído (2834 chars). Analisando débitos e omissões...
2026-03-10 15:39:03 | INFO     | __main__:extract_pendencias:165 - Processando pendência para CNPJ: 04904636000119
2026-03-10 15:39:04 | INFO     | __main__:extract_pendencias:195 - Clicando em ATUALIZAR para 04904636000119
2026-03-10 15:39:07 | INFO     | __main__:extract_pendencias:203 - Botão Visualizar encontrado para 04904636000119. Tentando abrir...
2026-03-10 15:39:07 | INFO     | __main__:_handle_report_tab:42 - Iniciando captura de relatório...
2026-03-10 15:39:07 | DEBUG    | __main__:_handle_report_tab:46 - Verificando botão antes do clique: {'onclick': None, 'href': 'https://storage.googleapis.com/storagescrapings.appspot.com/ecac/49586312000118/situacao-fiscal-2026-03-10-04904636000119--7539829649228640268.pdf', 'text': '', 'download': True}
2026-03-10 15:39:09 | INFO     | __main__:_handle_report_tab:59 - Detectado link de PDF. Tentando download direto...
2026-03-10 15:39:24 | WARNING  | __main__:_handle_report_tab:72 - Falha no download direto, tentando via aba: Timeout 15000ms exceeded while waiting for event "download"
=========================== logs ===========================
waiting for event "download"
============================================================
2026-03-10 15:39:24 | INFO     | __main__:_handle_report_tab:84 - Relatório PDF em aba: https://storage.googleapis.com/storagescrapings.appspot.com/ecac/49586312000118/situacao-fiscal-2026-03-10-04904636000119--7539829649228640268.pdf. Baixando via request...
2026-03-10 15:39:25 | INFO     | __main__:_handle_report_tab:103 - Texto extraído (2572 chars). Analisando débitos e omissões...
2026-03-10 15:39:25 | INFO     | __main__:extract_pendencias:165 - Processando pendência para CNPJ: 04091558000180
2026-03-10 15:39:25 | INFO     | __main__:extract_pendencias:195 - Clicando em ATUALIZAR para 04091558000180
2026-03-10 15:39:28 | INFO     | __main__:extract_pendencias:203 - Botão Visualizar encontrado para 04091558000180. Tentando abrir...
2026-03-10 15:39:28 | INFO     | __main__:_handle_report_tab:42 - Iniciando captura de relatório...
2026-03-10 15:39:28 | DEBUG    | __main__:_handle_report_tab:46 - Verificando botão antes do clique: {'onclick': None, 'href': 'https://storage.googleapis.com/storagescrapings.appspot.com/ecac/49586312000118/situacao-fiscal-2026-03-10-04091558000180-3538999306115164684.pdf', 'text': '', 'download': True}
2026-03-10 15:39:30 | INFO     | __main__:_handle_report_tab:59 - Detectado link de PDF. Tentando download direto...
2026-03-10 15:39:45 | WARNING  | __main__:_handle_report_tab:72 - Falha no download direto, tentando via aba: Timeout 15000ms exceeded while waiting for event "download"
=========================== logs ===========================
waiting for event "download"
============================================================
2026-03-10 15:39:45 | INFO     | __main__:_handle_report_tab:84 - Relatório PDF em aba: https://storage.googleapis.com/storagescrapings.appspot.com/ecac/49586312000118/situacao-fiscal-2026-03-10-04091558000180-3538999306115164684.pdf. Baixando via request...
2026-03-10 15:39:45 | INFO     | __main__:_handle_report_tab:103 - Texto extraído (3112 chars). Analisando débitos e omissões...
2026-03-10 15:39:46 | INFO     | __main__:extract_pendencias:165 - Processando pendência para CNPJ: 02642837000160
2026-03-10 15:39:46 | INFO     | __main__:extract_pendencias:195 - Clicando em ATUALIZAR para 02642837000160
2026-03-10 15:39:49 | INFO     | __main__:extract_pendencias:203 - Botão Visualizar encontrado para 02642837000160. Tentando abrir...
2026-03-10 15:39:49 | INFO     | __main__:_handle_report_tab:42 - Iniciando captura de relatório...
2026-03-10 15:39:49 | DEBUG    | __main__:_handle_report_tab:46 - Verificando botão antes do clique: {'onclick': None, 'href': 'https://storage.googleapis.com/storagescrapings.appspot.com/ecac/49586312000118/situacao-fiscal-2026-03-10-02642837000160--7426392162282559318.pdf', 'text': '', 'download': True}
2026-03-10 15:39:51 | INFO     | __main__:_handle_report_tab:59 - Detectado link de PDF. Tentando download direto...
2026-03-10 15:40:06 | WARNING  | __main__:_handle_report_tab:72 - Falha no download direto, tentando via aba: Timeout 15000ms exceeded while waiting for event "download"
=========================== logs ===========================
waiting for event "download"
============================================================
2026-03-10 15:40:06 | INFO     | __main__:_handle_report_tab:84 - Relatório PDF em aba: https://storage.googleapis.com/storagescrapings.appspot.com/ecac/49586312000118/situacao-fiscal-2026-03-10-02642837000160--7426392162282559318.pdf. Baixando via request...
2026-03-10 15:40:07 | INFO     | __main__:_handle_report_tab:103 - Texto extraído (5900 chars). Analisando débitos e omissões...
2026-03-10 15:40:07 | WARNING  | __main__:_handle_report_tab:107 - SiefParser não encontrou pendências no texto. Primeiros 200 chars: MINISTÉRIO DA ECONOMIA Por meio do Integra Contador
SECRETARIA ESPECIAL DA RECEITA FEDERAL DO BRASIL Autor pedido: 49.586.312/0001-18. Contratante: 28.408.293/0001-60
PROCURADORIA-GERAL DA FAZENDA NAC
2026-03-10 15:40:07 | INFO     | __main__:extract_pendencias:165 - Processando pendência para CNPJ: 04964315000100
2026-03-10 15:40:07 | INFO     | __main__:extract_pendencias:195 - Clicando em ATUALIZAR para 04964315000100
2026-03-10 15:40:10 | INFO     | __main__:extract_pendencias:203 - Botão Visualizar encontrado para 04964315000100. Tentando abrir...
2026-03-10 15:40:10 | INFO     | __main__:_handle_report_tab:42 - Iniciando captura de relatório...
2026-03-10 15:40:10 | DEBUG    | __main__:_handle_report_tab:46 - Verificando botão antes do clique: {'onclick': None, 'href': 'https://storage.googleapis.com/storagescrapings.appspot.com/ecac/49586312000118/situacao-fiscal-2026-03-10-04964315000100--4650988005219744818.pdf', 'text': '', 'download': True}
2026-03-10 15:40:12 | INFO     | __main__:_handle_report_tab:59 - Detectado link de PDF. Tentando download direto...
2026-03-10 15:40:27 | WARNING  | __main__:_handle_report_tab:72 - Falha no download direto, tentando via aba: Timeout 15000ms exceeded while waiting for event "download"
=========================== logs ===========================
waiting for event "download"
============================================================
2026-03-10 15:40:27 | INFO     | __main__:_handle_report_tab:84 - Relatório PDF em aba: https://storage.googleapis.com/storagescrapings.appspot.com/ecac/49586312000118/situacao-fiscal-2026-03-10-04964315000100--4650988005219744818.pdf. Baixando via request...
2026-03-10 15:40:28 | INFO     | __main__:_handle_report_tab:103 - Texto extraído (2118 chars). Analisando débitos e omissões...
2026-03-10 15:40:28 | WARNING  | __main__:_handle_report_tab:107 - SiefParser não encontrou pendências no texto. Primeiros 200 chars: MINISTÉRIO DA ECONOMIA Por meio do Integra Contador
SECRETARIA ESPECIAL DA RECEITA FEDERAL DO BRASIL Autor pedido: 49.586.312/0001-18. Contratante: 28.408.293/0001-60
PROCURADORIA-GERAL DA FAZENDA NAC
2026-03-10 15:40:28 | INFO     | __main__:extract_pendencias:165 - Processando pendência para CNPJ: 02370080000100
2026-03-10 15:40:28 | INFO     | __main__:extract_pendencias:195 - Clicando em ATUALIZAR para 02370080000100
2026-03-10 15:40:31 | INFO     | __main__:extract_pendencias:203 - Botão Visualizar encontrado para 02370080000100. Tentando abrir...
2026-03-10 15:40:31 | INFO     | __main__:_handle_report_tab:42 - Iniciando captura de relatório...
2026-03-10 15:40:31 | DEBUG    | __main__:_handle_report_tab:46 - Verificando botão antes do clique: {'onclick': None, 'href': 'https://storage.googleapis.com/storagescrapings.appspot.com/ecac/49586312000118/situacao-fiscal-2026-03-10-02370080000100-4683628906683906302.pdf', 'text': '', 'download': True}
2026-03-10 15:40:33 | INFO     | __main__:_handle_report_tab:59 - Detectado link de PDF. Tentando download direto...
2026-03-10 15:40:48 | WARNING  | __main__:_handle_report_tab:72 - Falha no download direto, tentando via aba: Timeout 15000ms exceeded while waiting for event "download"
=========================== logs ===========================
waiting for event "download"
============================================================
2026-03-10 15:40:48 | INFO     | __main__:_handle_report_tab:84 - Relatório PDF em aba: https://storage.googleapis.com/storagescrapings.appspot.com/ecac/49586312000118/situacao-fiscal-2026-03-10-02370080000100-4683628906683906302.pdf. Baixando via request...
2026-03-10 15:40:49 | INFO     | __main__:_handle_report_tab:103 - Texto extraído (10018 chars). Analisando débitos e omissões...
2026-03-10 15:40:49 | INFO     | __main__:extract_pendencias:165 - Processando pendência para CNPJ: 11501054000157
2026-03-10 15:40:49 | INFO     | __main__:extract_pendencias:195 - Clicando em ATUALIZAR para 11501054000157
2026-03-10 15:40:52 | INFO     | __main__:extract_pendencias:203 - Botão Visualizar encontrado para 11501054000157. Tentando abrir...
2026-03-10 15:40:52 | INFO     | __main__:_handle_report_tab:42 - Iniciando captura de relatório...
2026-03-10 15:40:53 | DEBUG    | __main__:_handle_report_tab:46 - Verificando botão antes do clique: {'onclick': None, 'href': 'https://storage.googleapis.com/storagescrapings.appspot.com/ecac/49586312000118/situacao-fiscal-2026-03-10-11501054000157--7975647453514611855.pdf', 'text': '', 'download': True}
2026-03-10 15:40:54 | INFO     | __main__:_handle_report_tab:59 - Detectado link de PDF. Tentando download direto...
2026-03-10 15:41:09 | WARNING  | __main__:_handle_report_tab:72 - Falha no download direto, tentando via aba: Timeout 15000ms exceeded while waiting for event "download"
=========================== logs ===========================
waiting for event "download"
============================================================
2026-03-10 15:41:09 | INFO     | __main__:_handle_report_tab:84 - Relatório PDF em aba: https://storage.googleapis.com/storagescrapings.appspot.com/ecac/49586312000118/situacao-fiscal-2026-03-10-11501054000157--7975647453514611855.pdf. Baixando via request...
2026-03-10 15:41:09 | INFO     | __main__:_handle_report_tab:103 - Texto extraído (3068 chars). Analisando débitos e omissões...
2026-03-10 15:41:09 | INFO     | __main__:extract_pendencias:165 - Processando pendência para CNPJ: 07007823000198
2026-03-10 15:41:10 | INFO     | __main__:extract_pendencias:195 - Clicando em ATUALIZAR para 07007823000198
2026-03-10 15:41:13 | INFO     | __main__:extract_pendencias:203 - Botão Visualizar encontrado para 07007823000198. Tentando abrir...
2026-03-10 15:41:13 | INFO     | __main__:_handle_report_tab:42 - Iniciando captura de relatório...
2026-03-10 15:41:13 | DEBUG    | __main__:_handle_report_tab:46 - Verificando botão antes do clique: {'onclick': None, 'href': 'https://storage.googleapis.com/storagescrapings.appspot.com/ecac/49586312000118/situacao-fiscal-2026-03-10-07007823000198--2012357875125494208.pdf', 'text': '', 'download': True}
2026-03-10 15:41:15 | INFO     | __main__:_handle_report_tab:59 - Detectado link de PDF. Tentando download direto...
2026-03-10 15:41:30 | WARNING  | __main__:_handle_report_tab:72 - Falha no download direto, tentando via aba: Timeout 15000ms exceeded while waiting for event "download"
=========================== logs ===========================
waiting for event "download"
============================================================
2026-03-10 15:41:30 | INFO     | __main__:_handle_report_tab:84 - Relatório PDF em aba: https://storage.googleapis.com/storagescrapings.appspot.com/ecac/49586312000118/situacao-fiscal-2026-03-10-07007823000198--2012357875125494208.pdf. Baixando via request...
2026-03-10 15:41:30 | INFO     | __main__:_handle_report_tab:103 - Texto extraído (7571 chars). Analisando débitos e omissões...
2026-03-10 15:41:30 | WARNING  | __main__:_handle_report_tab:107 - SiefParser não encontrou pendências no texto. Primeiros 200 chars: MINISTÉRIO DA ECONOMIA Por meio do Integra Contador
SECRETARIA ESPECIAL DA RECEITA FEDERAL DO BRASIL Autor pedido: 49.586.312/0001-18. Contratante: 28.408.293/0001-60
PROCURADORIA-GERAL DA FAZENDA NAC
2026-03-10 15:41:31 | INFO     | __main__:extract_pendencias:165 - Processando pendência para CNPJ: 04607541000133
2026-03-10 15:41:31 | INFO     | __main__:extract_pendencias:195 - Clicando em ATUALIZAR para 04607541000133
2026-03-10 15:41:34 | INFO     | __main__:extract_pendencias:203 - Botão Visualizar encontrado para 04607541000133. Tentando abrir...
2026-03-10 15:41:34 | INFO     | __main__:_handle_report_tab:42 - Iniciando captura de relatório...
2026-03-10 15:41:34 | DEBUG    | __main__:_handle_report_tab:46 - Verificando botão antes do clique: {'onclick': None, 'href': 'https://storage.googleapis.com/storagescrapings.appspot.com/ecac/49586312000118/situacao-fiscal-2026-03-10-04607541000133--6651989339997511169.pdf', 'text': '', 'download': True}
2026-03-10 15:41:36 | INFO     | __main__:_handle_report_tab:59 - Detectado link de PDF. Tentando download direto...
2026-03-10 15:41:51 | WARNING  | __main__:_handle_report_tab:72 - Falha no download direto, tentando via aba: Timeout 15000ms exceeded while waiting for event "download"
=========================== logs ===========================
waiting for event "download"
============================================================
2026-03-10 15:41:51 | INFO     | __main__:_handle_report_tab:84 - Relatório PDF em aba: https://storage.googleapis.com/storagescrapings.appspot.com/ecac/49586312000118/situacao-fiscal-2026-03-10-04607541000133--6651989339997511169.pdf. Baixando via request...
2026-03-10 15:41:52 | INFO     | __main__:_handle_report_tab:103 - Texto extraído (19094 chars). Analisando débitos e omissões...
2026-03-10 15:41:52 | WARNING  | __main__:_handle_report_tab:107 - SiefParser não encontrou pendências no texto. Primeiros 200 chars: MINISTÉRIO DA ECONOMIA Por meio do Integra Contador
SECRETARIA ESPECIAL DA RECEITA FEDERAL DO BRASIL Autor pedido: 49.586.312/0001-18. Contratante: 28.408.293/0001-60
PROCURADORIA-GERAL DA FAZENDA NAC
2026-03-10 15:41:52 | INFO     | __main__:extract_pendencias:165 - Processando pendência para CNPJ: 48772387000120
2026-03-10 15:41:53 | INFO     | __main__:extract_pendencias:195 - Clicando em ATUALIZAR para 48772387000120
2026-03-10 15:41:56 | INFO     | __main__:extract_pendencias:203 - Botão Visualizar encontrado para 48772387000120. Tentando abrir...
2026-03-10 15:41:56 | INFO     | __main__:_handle_report_tab:42 - Iniciando captura de relatório...
2026-03-10 15:41:56 | DEBUG    | __main__:_handle_report_tab:46 - Verificando botão antes do clique: {'onclick': None, 'href': 'https://storage.googleapis.com/storagescrapings.appspot.com/ecac/49586312000118/situacao-fiscal-2026-03-10-48772387000120-3756709464639021943.pdf', 'text': '', 'download': True}
2026-03-10 15:41:57 | INFO     | __main__:_handle_report_tab:59 - Detectado link de PDF. Tentando download direto...
2026-03-10 15:42:12 | WARNING  | __main__:_handle_report_tab:72 - Falha no download direto, tentando via aba: Timeout 15000ms exceeded while waiting for event "download"
=========================== logs ===========================
waiting for event "download"
============================================================
2026-03-10 15:42:12 | INFO     | __main__:_handle_report_tab:84 - Relatório PDF em aba: https://storage.googleapis.com/storagescrapings.appspot.com/ecac/49586312000118/situacao-fiscal-2026-03-10-48772387000120-3756709464639021943.pdf. Baixando via request...
2026-03-10 15:42:12 | INFO     | __main__:_handle_report_tab:103 - Texto extraído (3297 chars). Analisando débitos e omissões...
2026-03-10 15:42:12 | WARNING  | __main__:_handle_report_tab:107 - SiefParser não encontrou pendências no texto. Primeiros 200 chars: MINISTÉRIO DA ECONOMIA Por meio do Integra Contador
SECRETARIA ESPECIAL DA RECEITA FEDERAL DO BRASIL Autor pedido: 49.586.312/0001-18. Contratante: 28.408.293/0001-60
PROCURADORIA-GERAL DA FAZENDA NAC
2026-03-10 15:42:12 | INFO     | __main__:extract_pendencias:165 - Processando pendência para CNPJ: 25190228000112
2026-03-10 15:42:13 | INFO     | __main__:extract_pendencias:195 - Clicando em ATUALIZAR para 25190228000112
2026-03-10 15:42:16 | INFO     | __main__:extract_pendencias:203 - Botão Visualizar encontrado para 25190228000112. Tentando abrir...
2026-03-10 15:42:16 | INFO     | __main__:_handle_report_tab:42 - Iniciando captura de relatório...
2026-03-10 15:42:16 | DEBUG    | __main__:_handle_report_tab:46 - Verificando botão antes do clique: {'onclick': None, 'href': 'https://storage.googleapis.com/storagescrapings.appspot.com/ecac/49586312000118/situacao-fiscal-2026-03-10-25190228000112-4910105506099822679.pdf', 'text': '', 'download': True}
2026-03-10 15:42:17 | INFO     | __main__:_handle_report_tab:59 - Detectado link de PDF. Tentando download direto...
2026-03-10 15:42:32 | WARNING  | __main__:_handle_report_tab:72 - Falha no download direto, tentando via aba: Timeout 15000ms exceeded while waiting for event "download"
=========================== logs ===========================
waiting for event "download"
============================================================
2026-03-10 15:42:32 | INFO     | __main__:_handle_report_tab:84 - Relatório PDF em aba: https://storage.googleapis.com/storagescrapings.appspot.com/ecac/49586312000118/situacao-fiscal-2026-03-10-25190228000112-4910105506099822679.pdf. Baixando via request...
2026-03-10 15:42:33 | INFO     | __main__:_handle_report_tab:103 - Texto extraído (2906 chars). Analisando débitos e omissões...
2026-03-10 15:42:33 | INFO     | __main__:extract_pendencias:165 - Processando pendência para CNPJ: 20287189000152
2026-03-10 15:42:33 | INFO     | __main__:extract_pendencias:195 - Clicando em ATUALIZAR para 20287189000152
2026-03-10 15:42:36 | INFO     | __main__:extract_pendencias:203 - Botão Visualizar encontrado para 20287189000152. Tentando abrir...
2026-03-10 15:42:36 | INFO     | __main__:_handle_report_tab:42 - Iniciando captura de relatório...
2026-03-10 15:42:36 | DEBUG    | __main__:_handle_report_tab:46 - Verificando botão antes do clique: {'onclick': None, 'href': 'https://storage.googleapis.com/storagescrapings.appspot.com/ecac/49586312000118/situacao-fiscal-2026-03-10-20287189000152-5802815754118781405.pdf', 'text': '', 'download': True}
2026-03-10 15:42:38 | INFO     | __main__:_handle_report_tab:59 - Detectado link de PDF. Tentando download direto...
2026-03-10 15:42:53 | WARNING  | __main__:_handle_report_tab:72 - Falha no download direto, tentando via aba: Timeout 15000ms exceeded while waiting for event "download"
=========================== logs ===========================
waiting for event "download"
============================================================
2026-03-10 15:42:53 | INFO     | __main__:_handle_report_tab:84 - Relatório PDF em aba: https://storage.googleapis.com/storagescrapings.appspot.com/ecac/49586312000118/situacao-fiscal-2026-03-10-20287189000152-5802815754118781405.pdf. Baixando via request...
2026-03-10 15:42:53 | INFO     | __main__:_handle_report_tab:103 - Texto extraído (3135 chars). Analisando débitos e omissões...
2026-03-10 15:42:54 | INFO     | __main__:extract_pendencias:219 - Clicando em 'Próximo' para a próxima página...
2026-03-10 15:42:57 | INFO     | __main__:extract_pendencias:149 - Processando página 6...
2026-03-10 15:42:57 | INFO     | __main__:extract_pendencias:152 - Aguardando carregar a tabela de Situação Fiscal...
2026-03-10 15:42:57 | INFO     | __main__:extract_pendencias:157 - Processando 12 possíveis linhas na página 6...
2026-03-10 15:42:57 | INFO     | __main__:extract_pendencias:165 - Processando pendência para CNPJ: 58269983000146
2026-03-10 15:42:58 | INFO     | __main__:extract_pendencias:195 - Clicando em ATUALIZAR para 58269983000146
2026-03-10 15:43:01 | INFO     | __main__:extract_pendencias:203 - Botão Visualizar encontrado para 58269983000146. Tentando abrir...
2026-03-10 15:43:01 | INFO     | __main__:_handle_report_tab:42 - Iniciando captura de relatório...
2026-03-10 15:43:01 | DEBUG    | __main__:_handle_report_tab:46 - Verificando botão antes do clique: {'onclick': None, 'href': 'https://storage.googleapis.com/storagescrapings.appspot.com/ecac/49586312000118/situacao-fiscal-2026-03-10-58269983000146--91426381646707851.pdf', 'text': '', 'download': True}
2026-03-10 15:43:03 | INFO     | __main__:_handle_report_tab:59 - Detectado link de PDF. Tentando download direto...
2026-03-10 15:43:18 | WARNING  | __main__:_handle_report_tab:72 - Falha no download direto, tentando via aba: Timeout 15000ms exceeded while waiting for event "download"
=========================== logs ===========================
waiting for event "download"
============================================================
2026-03-10 15:43:18 | INFO     | __main__:_handle_report_tab:84 - Relatório PDF em aba: https://storage.googleapis.com/storagescrapings.appspot.com/ecac/49586312000118/situacao-fiscal-2026-03-10-58269983000146--91426381646707851.pdf. Baixando via request...
2026-03-10 15:43:18 | INFO     | __main__:_handle_report_tab:103 - Texto extraído (3213 chars). Analisando débitos e omissões...
2026-03-10 15:43:18 | INFO     | __main__:extract_pendencias:165 - Processando pendência para CNPJ: 18490365000107
2026-03-10 15:43:19 | INFO     | __main__:extract_pendencias:195 - Clicando em ATUALIZAR para 18490365000107
2026-03-10 15:43:22 | INFO     | __main__:extract_pendencias:203 - Botão Visualizar encontrado para 18490365000107. Tentando abrir...
2026-03-10 15:43:22 | INFO     | __main__:_handle_report_tab:42 - Iniciando captura de relatório...
2026-03-10 15:43:22 | DEBUG    | __main__:_handle_report_tab:46 - Verificando botão antes do clique: {'onclick': None, 'href': 'https://storage.googleapis.com/storagescrapings.appspot.com/ecac/49586312000118/situacao-fiscal-2026-03-10-18490365000107--8643941443916180720.pdf', 'text': '', 'download': True}
2026-03-10 15:43:24 | INFO     | __main__:_handle_report_tab:59 - Detectado link de PDF. Tentando download direto...
2026-03-10 15:43:39 | WARNING  | __main__:_handle_report_tab:72 - Falha no download direto, tentando via aba: Timeout 15000ms exceeded while waiting for event "download"
=========================== logs ===========================
waiting for event "download"
============================================================
2026-03-10 15:43:39 | INFO     | __main__:_handle_report_tab:84 - Relatório PDF em aba: https://storage.googleapis.com/storagescrapings.appspot.com/ecac/49586312000118/situacao-fiscal-2026-03-10-18490365000107--8643941443916180720.pdf. Baixando via request...
2026-03-10 15:43:40 | INFO     | __main__:_handle_report_tab:103 - Texto extraído (29044 chars). Analisando débitos e omissões...
2026-03-10 15:43:40 | INFO     | __main__:extract_pendencias:165 - Processando pendência para CNPJ: 04771186000133
2026-03-10 15:43:41 | INFO     | __main__:extract_pendencias:195 - Clicando em ATUALIZAR para 04771186000133
2026-03-10 15:43:44 | INFO     | __main__:extract_pendencias:203 - Botão Visualizar encontrado para 04771186000133. Tentando abrir...
2026-03-10 15:43:44 | INFO     | __main__:_handle_report_tab:42 - Iniciando captura de relatório...
2026-03-10 15:43:44 | DEBUG    | __main__:_handle_report_tab:46 - Verificando botão antes do clique: {'onclick': None, 'href': 'https://storage.googleapis.com/storagescrapings.appspot.com/ecac/49586312000118/situacao-fiscal-2026-03-10-04771186000133--8016301968000518451.pdf', 'text': '', 'download': True}
2026-03-10 15:43:45 | INFO     | __main__:_handle_report_tab:59 - Detectado link de PDF. Tentando download direto...
2026-03-10 15:44:00 | WARNING  | __main__:_handle_report_tab:72 - Falha no download direto, tentando via aba: Timeout 15000ms exceeded while waiting for event "download"
=========================== logs ===========================
waiting for event "download"
============================================================
2026-03-10 15:44:00 | INFO     | __main__:_handle_report_tab:84 - Relatório PDF em aba: https://storage.googleapis.com/storagescrapings.appspot.com/ecac/49586312000118/situacao-fiscal-2026-03-10-04771186000133--8016301968000518451.pdf. Baixando via request...
2026-03-10 15:44:01 | INFO     | __main__:_handle_report_tab:103 - Texto extraído (7662 chars). Analisando débitos e omissões...
2026-03-10 15:44:01 | WARNING  | __main__:_handle_report_tab:107 - SiefParser não encontrou pendências no texto. Primeiros 200 chars: MINISTÉRIO DA ECONOMIA Por meio do Integra Contador
SECRETARIA ESPECIAL DA RECEITA FEDERAL DO BRASIL Autor pedido: 49.586.312/0001-18. Contratante: 28.408.293/0001-60
PROCURADORIA-GERAL DA FAZENDA NAC
2026-03-10 15:44:01 | INFO     | __main__:extract_pendencias:219 - Clicando em 'Próximo' para a próxima página...
2026-03-10 15:44:16 | WARNING  | __main__:extract_pendencias:228 - Erro ao paginar (Timeout ou Fim): Locator.click: Timeout 15000ms exceeded.
Call log:
  - waiting for get_by_role("link", name="Próximo").or_(locator("text='Próximo'"))
    - locator resolved to <a href="#" tabindex="0" data-dt-idx="7" class="page-link" aria-controls="example">Próximo</a>
  - attempting click action
    2 × waiting for element to be visible, enabled and stable
      - element is visible, enabled and stable
      - scrolling into view if needed
      - done scrolling
      - <li id="example_next" class="paginate_button page-item next disabled">…</li> intercepts pointer events
    - retrying click action
    - waiting 20ms
    2 × waiting for element to be visible, enabled and stable
      - element is visible, enabled and stable
      - scrolling into view if needed
      - done scrolling
      - <li id="example_next" class="paginate_button page-item next disabled">…</li> intercepts pointer events
    - retrying click action
      - waiting 100ms
    3 × waiting for element to be visible, enabled and stable
      - element is visible, enabled and stable
      - scrolling into view if needed
      - done scrolling
      - <li id="example_next" class="paginate_button page-item next disabled">…</li> intercepts pointer events
    - retrying click action
      - waiting 500ms
    - waiting for element to be visible, enabled and stable
. Finalizando colheita com o que foi pego.
2026-03-10 15:44:17 | SUCCESS  | __main__:extract_pendencias:237 - Relatório PDF gerado com sucesso: logs/relatorio_geral_fiscal.pdf
2026-03-10 16:01:58 | INFO     | __main__:extract_pendencias:123 - --- INICIANDO SESSÃO (Batch 1, Página 1) ---
2026-03-10 16:02:00 | INFO     | __main__:_login:21 - Navegando para o login em https://49586312000118.veri.com.br//login
2026-03-10 16:02:02 | INFO     | __main__:_login:24 - Inserindo credenciais...
2026-03-10 16:02:03 | INFO     | __main__:_login:34 - Aguardando carregamento da área restrita...
2026-03-10 16:02:12 | SUCCESS  | __main__:_login:37 - Logado com sucesso (aparentemente).
2026-03-10 16:02:12 | INFO     | __main__:extract_pendencias:145 - Navegando para lista geral (Resumo na pág 1)...
2026-03-10 16:02:15 | INFO     | __main__:extract_pendencias:158 - Processando página 1...
2026-03-10 16:02:15 | INFO     | __main__:extract_pendencias:161 - Encontradas 12 empresas com Pendência na página 1
2026-03-10 16:02:15 | INFO     | __main__:extract_pendencias:180 - [1] Processando: Pendência (62652792000136)
2026-03-10 16:02:15 | INFO     | __main__:_handle_report_tab:42 - Iniciando captura de relatório...
2026-03-10 16:02:15 | DEBUG    | __main__:_handle_report_tab:46 - Verificando botão antes do clique: {'onclick': None, 'href': 'https://storage.googleapis.com/storagescrapings.appspot.com/ecac/49586312000118/situacao-fiscal-2026-03-10-62652792000136-5012149576248263428.pdf', 'text': '', 'download': True}
2026-03-10 16:02:15 | INFO     | __main__:_handle_report_tab:59 - Detectado link de PDF. Tentando download direto...
2026-03-10 16:02:30 | WARNING  | __main__:_handle_report_tab:72 - Falha no download direto, tentando via aba: Timeout 15000ms exceeded while waiting for event "download"
=========================== logs ===========================
waiting for event "download"
============================================================
2026-03-10 16:02:30 | INFO     | __main__:_handle_report_tab:84 - Relatório PDF em aba: https://storage.googleapis.com/storagescrapings.appspot.com/ecac/49586312000118/situacao-fiscal-2026-03-10-62652792000136-5012149576248263428.pdf. Baixando via request...
2026-03-10 16:02:31 | INFO     | __main__:_handle_report_tab:103 - Texto extraído (3349 chars). Analisando débitos e omissões...
2026-03-10 16:02:31 | INFO     | __main__:extract_pendencias:180 - [2] Processando: Pendência (11233811000159)
2026-03-10 16:02:31 | INFO     | __main__:_handle_report_tab:42 - Iniciando captura de relatório...
2026-03-10 16:02:31 | DEBUG    | __main__:_handle_report_tab:46 - Verificando botão antes do clique: {'onclick': None, 'href': 'https://storage.googleapis.com/storagescrapings.appspot.com/ecac/49586312000118/situacao-fiscal-2026-03-10-11233811000159--1434654757235908933.pdf', 'text': '', 'download': True}
2026-03-10 16:02:33 | INFO     | __main__:_handle_report_tab:59 - Detectado link de PDF. Tentando download direto...
2026-03-10 16:02:48 | WARNING  | __main__:_handle_report_tab:72 - Falha no download direto, tentando via aba: Timeout 15000ms exceeded while waiting for event "download"
=========================== logs ===========================
waiting for event "download"
============================================================
2026-03-10 16:02:48 | INFO     | __main__:_handle_report_tab:84 - Relatório PDF em aba: https://storage.googleapis.com/storagescrapings.appspot.com/ecac/49586312000118/situacao-fiscal-2026-03-10-11233811000159--1434654757235908933.pdf. Baixando via request...
2026-03-10 16:02:48 | INFO     | __main__:_handle_report_tab:103 - Texto extraído (2102 chars). Analisando débitos e omissões...
2026-03-10 16:02:48 | WARNING  | __main__:extract_pendencias:198 - Lote de 2 atingido. Reiniciando sessão...
2026-03-10 16:02:48 | INFO     | __main__:extract_pendencias:123 - --- INICIANDO SESSÃO (Batch 2, Página 1) ---
2026-03-10 16:02:50 | INFO     | __main__:_login:21 - Navegando para o login em https://49586312000118.veri.com.br//login
2026-03-10 16:02:52 | INFO     | __main__:_login:24 - Inserindo credenciais...
2026-03-10 16:02:53 | INFO     | __main__:_login:34 - Aguardando carregamento da área restrita...
2026-03-10 16:03:04 | SUCCESS  | __main__:_login:37 - Logado com sucesso (aparentemente).
2026-03-10 16:03:04 | INFO     | __main__:extract_pendencias:145 - Navegando para lista geral (Resumo na pág 1)...
2026-03-10 16:03:06 | INFO     | __main__:extract_pendencias:158 - Processando página 1...
2026-03-10 16:03:06 | INFO     | __main__:extract_pendencias:161 - Encontradas 12 empresas com Pendência na página 1
2026-03-10 16:03:06 | INFO     | __main__:extract_pendencias:180 - [3] Processando: Pendência (62652792000136)
2026-03-10 16:03:06 | INFO     | __main__:_handle_report_tab:42 - Iniciando captura de relatório...
2026-03-10 16:03:06 | DEBUG    | __main__:_handle_report_tab:46 - Verificando botão antes do clique: {'onclick': None, 'href': 'https://storage.googleapis.com/storagescrapings.appspot.com/ecac/49586312000118/situacao-fiscal-2026-03-10-62652792000136-5012149576248263428.pdf', 'text': '', 'download': True}
2026-03-10 16:03:06 | INFO     | __main__:_handle_report_tab:59 - Detectado link de PDF. Tentando download direto...
2026-03-10 16:03:21 | WARNING  | __main__:_handle_report_tab:72 - Falha no download direto, tentando via aba: Timeout 15000ms exceeded while waiting for event "download"
=========================== logs ===========================
waiting for event "download"
============================================================
2026-03-10 16:03:21 | INFO     | __main__:_handle_report_tab:84 - Relatório PDF em aba: https://storage.googleapis.com/storagescrapings.appspot.com/ecac/49586312000118/situacao-fiscal-2026-03-10-62652792000136-5012149576248263428.pdf. Baixando via request...
2026-03-10 16:03:22 | INFO     | __main__:_handle_report_tab:103 - Texto extraído (3349 chars). Analisando débitos e omissões...
2026-03-10 16:03:22 | INFO     | __main__:extract_pendencias:180 - [4] Processando: Pendência (11233811000159)
2026-03-10 16:03:22 | INFO     | __main__:_handle_report_tab:42 - Iniciando captura de relatório...
2026-03-10 16:03:22 | DEBUG    | __main__:_handle_report_tab:46 - Verificando botão antes do clique: {'onclick': None, 'href': 'https://storage.googleapis.com/storagescrapings.appspot.com/ecac/49586312000118/situacao-fiscal-2026-03-10-11233811000159--1434654757235908933.pdf', 'text': '', 'download': True}
2026-03-10 16:03:23 | INFO     | __main__:_handle_report_tab:59 - Detectado link de PDF. Tentando download direto...
2026-03-10 16:03:38 | WARNING  | __main__:_handle_report_tab:72 - Falha no download direto, tentando via aba: Timeout 15000ms exceeded while waiting for event "download"
=========================== logs ===========================
waiting for event "download"
============================================================
2026-03-10 16:03:39 | INFO     | __main__:_handle_report_tab:84 - Relatório PDF em aba: https://storage.googleapis.com/storagescrapings.appspot.com/ecac/49586312000118/situacao-fiscal-2026-03-10-11233811000159--1434654757235908933.pdf. Baixando via request...
2026-03-10 16:03:39 | INFO     | __main__:_handle_report_tab:103 - Texto extraído (2102 chars). Analisando débitos e omissões...
2026-03-10 16:03:39 | WARNING  | __main__:extract_pendencias:198 - Lote de 2 atingido. Reiniciando sessão...
2026-03-10 16:03:39 | INFO     | __main__:extract_pendencias:123 - --- INICIANDO SESSÃO (Batch 3, Página 1) ---
2026-03-10 16:03:40 | INFO     | __main__:_login:21 - Navegando para o login em https://49586312000118.veri.com.br//login
2026-03-10 16:03:43 | INFO     | __main__:_login:24 - Inserindo credenciais...
2026-03-10 16:03:44 | INFO     | __main__:_login:34 - Aguardando carregamento da área restrita...
2026-03-10 16:03:54 | SUCCESS  | __main__:_login:37 - Logado com sucesso (aparentemente).
2026-03-10 16:03:54 | INFO     | __main__:extract_pendencias:145 - Navegando para lista geral (Resumo na pág 1)...
2026-03-10 16:03:56 | INFO     | __main__:extract_pendencias:158 - Processando página 1...
2026-03-10 16:03:56 | INFO     | __main__:extract_pendencias:161 - Encontradas 12 empresas com Pendência na página 1
2026-03-10 16:03:56 | INFO     | __main__:extract_pendencias:180 - [5] Processando: Pendência (62652792000136)
2026-03-10 16:03:56 | INFO     | __main__:_handle_report_tab:42 - Iniciando captura de relatório...
2026-03-10 16:03:56 | DEBUG    | __main__:_handle_report_tab:46 - Verificando botão antes do clique: {'onclick': None, 'href': 'https://storage.googleapis.com/storagescrapings.appspot.com/ecac/49586312000118/situacao-fiscal-2026-03-10-62652792000136-5012149576248263428.pdf', 'text': '', 'download': True}
2026-03-10 16:03:56 | INFO     | __main__:_handle_report_tab:59 - Detectado link de PDF. Tentando download direto...
2026-03-10 16:04:11 | WARNING  | __main__:_handle_report_tab:72 - Falha no download direto, tentando via aba: Timeout 15000ms exceeded while waiting for event "download"
=========================== logs ===========================
waiting for event "download"
============================================================
2026-03-10 16:04:12 | INFO     | __main__:_handle_report_tab:84 - Relatório PDF em aba: https://storage.googleapis.com/storagescrapings.appspot.com/ecac/49586312000118/situacao-fiscal-2026-03-10-62652792000136-5012149576248263428.pdf. Baixando via request...
2026-03-10 16:04:12 | INFO     | __main__:_handle_report_tab:103 - Texto extraído (3349 chars). Analisando débitos e omissões...
2026-03-10 16:04:12 | INFO     | __main__:extract_pendencias:180 - [6] Processando: Pendência (11233811000159)
2026-03-10 16:04:12 | INFO     | __main__:_handle_report_tab:42 - Iniciando captura de relatório...
2026-03-10 16:04:12 | DEBUG    | __main__:_handle_report_tab:46 - Verificando botão antes do clique: {'onclick': None, 'href': 'https://storage.googleapis.com/storagescrapings.appspot.com/ecac/49586312000118/situacao-fiscal-2026-03-10-11233811000159--1434654757235908933.pdf', 'text': '', 'download': True}
2026-03-10 16:04:13 | INFO     | __main__:_handle_report_tab:59 - Detectado link de PDF. Tentando download direto...
2026-03-10 16:04:28 | WARNING  | __main__:_handle_report_tab:72 - Falha no download direto, tentando via aba: Timeout 15000ms exceeded while waiting for event "download"
=========================== logs ===========================
waiting for event "download"
============================================================
2026-03-10 16:04:28 | INFO     | __main__:_handle_report_tab:84 - Relatório PDF em aba: https://storage.googleapis.com/storagescrapings.appspot.com/ecac/49586312000118/situacao-fiscal-2026-03-10-11233811000159--1434654757235908933.pdf. Baixando via request...
2026-03-10 16:04:29 | INFO     | __main__:_handle_report_tab:103 - Texto extraído (2102 chars). Analisando débitos e omissões...
2026-03-10 16:04:29 | WARNING  | __main__:extract_pendencias:198 - Lote de 2 atingido. Reiniciando sessão...
2026-03-10 16:04:29 | INFO     | __main__:extract_pendencias:123 - --- INICIANDO SESSÃO (Batch 4, Página 1) ---
2026-03-10 16:04:31 | INFO     | __main__:_login:21 - Navegando para o login em https://49586312000118.veri.com.br//login
2026-03-10 16:04:32 | INFO     | __main__:_login:24 - Inserindo credenciais...
2026-03-10 16:04:33 | INFO     | __main__:_login:34 - Aguardando carregamento da área restrita...
2026-03-10 16:04:36 | SUCCESS  | __main__:_login:37 - Logado com sucesso (aparentemente).
2026-03-10 16:04:37 | INFO     | __main__:extract_pendencias:145 - Navegando para lista geral (Resumo na pág 1)...
2026-03-10 16:04:39 | INFO     | __main__:extract_pendencias:158 - Processando página 1...
2026-03-10 16:04:39 | INFO     | __main__:extract_pendencias:161 - Encontradas 12 empresas com Pendência na página 1
2026-03-10 16:04:39 | INFO     | __main__:extract_pendencias:180 - [7] Processando: Pendência (62652792000136)
2026-03-10 16:04:39 | INFO     | __main__:_handle_report_tab:42 - Iniciando captura de relatório...
2026-03-10 16:04:39 | DEBUG    | __main__:_handle_report_tab:46 - Verificando botão antes do clique: {'onclick': None, 'href': 'https://storage.googleapis.com/storagescrapings.appspot.com/ecac/49586312000118/situacao-fiscal-2026-03-10-62652792000136-5012149576248263428.pdf', 'text': '', 'download': True}
2026-03-10 16:04:39 | INFO     | __main__:_handle_report_tab:59 - Detectado link de PDF. Tentando download direto...
2026-03-10 16:04:54 | WARNING  | __main__:_handle_report_tab:72 - Falha no download direto, tentando via aba: Timeout 15000ms exceeded while waiting for event "download"
=========================== logs ===========================
waiting for event "download"
============================================================
2026-03-10 16:04:54 | INFO     | __main__:_handle_report_tab:84 - Relatório PDF em aba: https://storage.googleapis.com/storagescrapings.appspot.com/ecac/49586312000118/situacao-fiscal-2026-03-10-62652792000136-5012149576248263428.pdf. Baixando via request...
2026-03-10 16:04:54 | INFO     | __main__:_handle_report_tab:103 - Texto extraído (3349 chars). Analisando débitos e omissões...
2026-03-10 16:04:54 | INFO     | __main__:extract_pendencias:180 - [8] Processando: Pendência (11233811000159)
2026-03-10 16:04:54 | INFO     | __main__:_handle_report_tab:42 - Iniciando captura de relatório...
2026-03-10 16:04:54 | DEBUG    | __main__:_handle_report_tab:46 - Verificando botão antes do clique: {'onclick': None, 'href': 'https://storage.googleapis.com/storagescrapings.appspot.com/ecac/49586312000118/situacao-fiscal-2026-03-10-11233811000159--1434654757235908933.pdf', 'text': '', 'download': True}
2026-03-10 16:04:56 | INFO     | __main__:_handle_report_tab:59 - Detectado link de PDF. Tentando download direto...
2026-03-10 16:05:11 | WARNING  | __main__:_handle_report_tab:72 - Falha no download direto, tentando via aba: Timeout 15000ms exceeded while waiting for event "download"
=========================== logs ===========================
waiting for event "download"
============================================================
2026-03-10 16:05:11 | INFO     | __main__:_handle_report_tab:84 - Relatório PDF em aba: https://storage.googleapis.com/storagescrapings.appspot.com/ecac/49586312000118/situacao-fiscal-2026-03-10-11233811000159--1434654757235908933.pdf. Baixando via request...
2026-03-10 16:05:11 | INFO     | __main__:_handle_report_tab:103 - Texto extraído (2102 chars). Analisando débitos e omissões...
2026-03-10 16:05:11 | WARNING  | __main__:extract_pendencias:198 - Lote de 2 atingido. Reiniciando sessão...
2026-03-10 16:05:11 | INFO     | __main__:extract_pendencias:123 - --- INICIANDO SESSÃO (Batch 5, Página 1) ---
2026-03-10 16:05:13 | INFO     | __main__:_login:21 - Navegando para o login em https://49586312000118.veri.com.br//login
2026-03-10 16:05:14 | INFO     | __main__:_login:24 - Inserindo credenciais...
2026-03-10 16:05:15 | INFO     | __main__:_login:34 - Aguardando carregamento da área restrita...
2026-03-10 16:05:18 | SUCCESS  | __main__:_login:37 - Logado com sucesso (aparentemente).
2026-03-10 16:05:19 | INFO     | __main__:extract_pendencias:145 - Navegando para lista geral (Resumo na pág 1)...
2026-03-10 16:05:20 | INFO     | __main__:extract_pendencias:158 - Processando página 1...
2026-03-10 16:05:20 | INFO     | __main__:extract_pendencias:161 - Encontradas 12 empresas com Pendência na página 1
2026-03-10 16:05:20 | INFO     | __main__:extract_pendencias:180 - [9] Processando: Pendência (62652792000136)
2026-03-10 16:05:20 | INFO     | __main__:_handle_report_tab:42 - Iniciando captura de relatório...
2026-03-10 16:05:20 | DEBUG    | __main__:_handle_report_tab:46 - Verificando botão antes do clique: {'onclick': None, 'href': 'https://storage.googleapis.com/storagescrapings.appspot.com/ecac/49586312000118/situacao-fiscal-2026-03-10-62652792000136-5012149576248263428.pdf', 'text': '', 'download': True}
2026-03-10 16:05:20 | INFO     | __main__:_handle_report_tab:59 - Detectado link de PDF. Tentando download direto...
2026-03-10 16:05:35 | WARNING  | __main__:_handle_report_tab:72 - Falha no download direto, tentando via aba: Timeout 15000ms exceeded while waiting for event "download"
=========================== logs ===========================
waiting for event "download"
============================================================
2026-03-10 16:05:36 | INFO     | __main__:_handle_report_tab:84 - Relatório PDF em aba: https://storage.googleapis.com/storagescrapings.appspot.com/ecac/49586312000118/situacao-fiscal-2026-03-10-62652792000136-5012149576248263428.pdf. Baixando via request...
2026-03-10 16:05:36 | INFO     | __main__:_handle_report_tab:103 - Texto extraído (3349 chars). Analisando débitos e omissões...
2026-03-10 16:05:36 | INFO     | __main__:extract_pendencias:180 - [10] Processando: Pendência (11233811000159)
2026-03-10 16:05:36 | INFO     | __main__:_handle_report_tab:42 - Iniciando captura de relatório...
2026-03-10 16:05:36 | DEBUG    | __main__:_handle_report_tab:46 - Verificando botão antes do clique: {'onclick': None, 'href': 'https://storage.googleapis.com/storagescrapings.appspot.com/ecac/49586312000118/situacao-fiscal-2026-03-10-11233811000159--1434654757235908933.pdf', 'text': '', 'download': True}
2026-03-10 16:05:38 | INFO     | __main__:_handle_report_tab:59 - Detectado link de PDF. Tentando download direto...
2026-03-10 16:05:53 | WARNING  | __main__:_handle_report_tab:72 - Falha no download direto, tentando via aba: Timeout 15000ms exceeded while waiting for event "download"
=========================== logs ===========================
waiting for event "download"
============================================================
2026-03-10 16:05:53 | INFO     | __main__:_handle_report_tab:84 - Relatório PDF em aba: https://storage.googleapis.com/storagescrapings.appspot.com/ecac/49586312000118/situacao-fiscal-2026-03-10-11233811000159--1434654757235908933.pdf. Baixando via request...
2026-03-10 16:05:53 | INFO     | __main__:_handle_report_tab:103 - Texto extraído (2102 chars). Analisando débitos e omissões...
2026-03-10 16:05:53 | WARNING  | __main__:extract_pendencias:198 - Lote de 2 atingido. Reiniciando sessão...
2026-03-10 16:05:53 | INFO     | __main__:extract_pendencias:123 - --- INICIANDO SESSÃO (Batch 6, Página 1) ---
2026-03-10 16:05:55 | INFO     | __main__:_login:21 - Navegando para o login em https://49586312000118.veri.com.br//login
2026-03-10 16:05:57 | INFO     | __main__:_login:24 - Inserindo credenciais...
2026-03-10 16:05:58 | INFO     | __main__:_login:34 - Aguardando carregamento da área restrita...
2026-03-10 16:06:04 | SUCCESS  | __main__:_login:37 - Logado com sucesso (aparentemente).
2026-03-10 16:06:04 | INFO     | __main__:extract_pendencias:145 - Navegando para lista geral (Resumo na pág 1)...
2026-03-10 16:06:07 | INFO     | __main__:extract_pendencias:158 - Processando página 1...
2026-03-10 16:06:07 | INFO     | __main__:extract_pendencias:161 - Encontradas 12 empresas com Pendência na página 1
2026-03-10 16:06:07 | INFO     | __main__:extract_pendencias:180 - [11] Processando: Pendência (62652792000136)
2026-03-10 16:06:07 | INFO     | __main__:_handle_report_tab:42 - Iniciando captura de relatório...
2026-03-10 16:06:07 | DEBUG    | __main__:_handle_report_tab:46 - Verificando botão antes do clique: {'onclick': None, 'href': 'https://storage.googleapis.com/storagescrapings.appspot.com/ecac/49586312000118/situacao-fiscal-2026-03-10-62652792000136-5012149576248263428.pdf', 'text': '', 'download': True}
2026-03-10 16:06:07 | INFO     | __main__:_handle_report_tab:59 - Detectado link de PDF. Tentando download direto...
2026-03-10 16:06:22 | WARNING  | __main__:_handle_report_tab:72 - Falha no download direto, tentando via aba: Timeout 15000ms exceeded while waiting for event "download"
=========================== logs ===========================
waiting for event "download"
============================================================
2026-03-10 16:06:22 | INFO     | __main__:_handle_report_tab:84 - Relatório PDF em aba: https://storage.googleapis.com/storagescrapings.appspot.com/ecac/49586312000118/situacao-fiscal-2026-03-10-62652792000136-5012149576248263428.pdf. Baixando via request...
2026-03-10 16:06:22 | INFO     | __main__:_handle_report_tab:103 - Texto extraído (3349 chars). Analisando débitos e omissões...
2026-03-10 16:06:22 | INFO     | __main__:extract_pendencias:180 - [12] Processando: Pendência (11233811000159)
2026-03-10 16:06:22 | INFO     | __main__:_handle_report_tab:42 - Iniciando captura de relatório...
2026-03-10 16:06:22 | DEBUG    | __main__:_handle_report_tab:46 - Verificando botão antes do clique: {'onclick': None, 'href': 'https://storage.googleapis.com/storagescrapings.appspot.com/ecac/49586312000118/situacao-fiscal-2026-03-10-11233811000159--1434654757235908933.pdf', 'text': '', 'download': True}
2026-03-10 16:06:24 | INFO     | __main__:_handle_report_tab:59 - Detectado link de PDF. Tentando download direto...
2026-03-10 16:06:39 | WARNING  | __main__:_handle_report_tab:72 - Falha no download direto, tentando via aba: Timeout 15000ms exceeded while waiting for event "download"
=========================== logs ===========================
waiting for event "download"
============================================================
2026-03-10 16:06:39 | INFO     | __main__:_handle_report_tab:84 - Relatório PDF em aba: https://storage.googleapis.com/storagescrapings.appspot.com/ecac/49586312000118/situacao-fiscal-2026-03-10-11233811000159--1434654757235908933.pdf. Baixando via request...
2026-03-10 16:06:39 | INFO     | __main__:_handle_report_tab:103 - Texto extraído (2102 chars). Analisando débitos e omissões...
2026-03-10 16:06:39 | WARNING  | __main__:extract_pendencias:198 - Lote de 2 atingido. Reiniciando sessão...
2026-03-10 16:06:40 | INFO     | __main__:extract_pendencias:123 - --- INICIANDO SESSÃO (Batch 7, Página 1) ---
2026-03-10 16:06:41 | INFO     | __main__:_login:21 - Navegando para o login em https://49586312000118.veri.com.br//login
2026-03-10 16:06:43 | INFO     | __main__:_login:24 - Inserindo credenciais...
2026-03-10 16:06:44 | INFO     | __main__:_login:34 - Aguardando carregamento da área restrita...
2026-03-10 16:06:53 | SUCCESS  | __main__:_login:37 - Logado com sucesso (aparentemente).
2026-03-10 16:06:54 | INFO     | __main__:extract_pendencias:145 - Navegando para lista geral (Resumo na pág 1)...
2026-03-10 16:06:56 | INFO     | __main__:extract_pendencias:158 - Processando página 1...
2026-03-10 16:06:56 | INFO     | __main__:extract_pendencias:161 - Encontradas 12 empresas com Pendência na página 1
2026-03-10 16:06:56 | INFO     | __main__:extract_pendencias:180 - [13] Processando: Pendência (62652792000136)
2026-03-10 16:06:56 | INFO     | __main__:_handle_report_tab:42 - Iniciando captura de relatório...
2026-03-10 16:06:56 | DEBUG    | __main__:_handle_report_tab:46 - Verificando botão antes do clique: {'onclick': None, 'href': 'https://storage.googleapis.com/storagescrapings.appspot.com/ecac/49586312000118/situacao-fiscal-2026-03-10-62652792000136-5012149576248263428.pdf', 'text': '', 'download': True}
2026-03-10 16:06:56 | INFO     | __main__:_handle_report_tab:59 - Detectado link de PDF. Tentando download direto...
2026-03-10 16:07:11 | WARNING  | __main__:_handle_report_tab:72 - Falha no download direto, tentando via aba: Timeout 15000ms exceeded while waiting for event "download"
=========================== logs ===========================
waiting for event "download"
============================================================
2026-03-10 16:07:11 | INFO     | __main__:_handle_report_tab:84 - Relatório PDF em aba: https://storage.googleapis.com/storagescrapings.appspot.com/ecac/49586312000118/situacao-fiscal-2026-03-10-62652792000136-5012149576248263428.pdf. Baixando via request...
2026-03-10 16:07:12 | INFO     | __main__:_handle_report_tab:103 - Texto extraído (3349 chars). Analisando débitos e omissões...
2026-03-10 16:07:12 | INFO     | __main__:extract_pendencias:180 - [14] Processando: Pendência (11233811000159)
2026-03-10 16:07:12 | INFO     | __main__:_handle_report_tab:42 - Iniciando captura de relatório...
2026-03-10 16:07:12 | DEBUG    | __main__:_handle_report_tab:46 - Verificando botão antes do clique: {'onclick': None, 'href': 'https://storage.googleapis.com/storagescrapings.appspot.com/ecac/49586312000118/situacao-fiscal-2026-03-10-11233811000159--1434654757235908933.pdf', 'text': '', 'download': True}
2026-03-10 16:07:13 | INFO     | __main__:_handle_report_tab:59 - Detectado link de PDF. Tentando download direto...
2026-03-10 16:07:28 | WARNING  | __main__:_handle_report_tab:72 - Falha no download direto, tentando via aba: Timeout 15000ms exceeded while waiting for event "download"
=========================== logs ===========================
waiting for event "download"
============================================================
2026-03-10 16:07:28 | INFO     | __main__:_handle_report_tab:84 - Relatório PDF em aba: https://storage.googleapis.com/storagescrapings.appspot.com/ecac/49586312000118/situacao-fiscal-2026-03-10-11233811000159--1434654757235908933.pdf. Baixando via request...
2026-03-10 16:07:28 | INFO     | __main__:_handle_report_tab:103 - Texto extraído (2102 chars). Analisando débitos e omissões...
2026-03-10 16:07:28 | WARNING  | __main__:extract_pendencias:198 - Lote de 2 atingido. Reiniciando sessão...
2026-03-10 16:07:29 | INFO     | __main__:extract_pendencias:123 - --- INICIANDO SESSÃO (Batch 8, Página 1) ---
2026-03-10 16:07:30 | INFO     | __main__:_login:21 - Navegando para o login em https://49586312000118.veri.com.br//login
2026-03-10 16:07:32 | INFO     | __main__:_login:24 - Inserindo credenciais...
2026-03-10 16:07:34 | INFO     | __main__:_login:34 - Aguardando carregamento da área restrita...
2026-03-10 16:07:44 | SUCCESS  | __main__:_login:37 - Logado com sucesso (aparentemente).
2026-03-10 16:07:44 | INFO     | __main__:extract_pendencias:145 - Navegando para lista geral (Resumo na pág 1)...
2026-03-10 16:07:46 | INFO     | __main__:extract_pendencias:158 - Processando página 1...
2026-03-10 16:07:46 | INFO     | __main__:extract_pendencias:161 - Encontradas 12 empresas com Pendência na página 1
2026-03-10 16:07:46 | INFO     | __main__:extract_pendencias:180 - [15] Processando: Pendência (62652792000136)
2026-03-10 16:07:46 | INFO     | __main__:_handle_report_tab:42 - Iniciando captura de relatório...
2026-03-10 16:07:46 | DEBUG    | __main__:_handle_report_tab:46 - Verificando botão antes do clique: {'onclick': None, 'href': 'https://storage.googleapis.com/storagescrapings.appspot.com/ecac/49586312000118/situacao-fiscal-2026-03-10-62652792000136-5012149576248263428.pdf', 'text': '', 'download': True}
2026-03-10 16:07:46 | INFO     | __main__:_handle_report_tab:59 - Detectado link de PDF. Tentando download direto...
2026-03-10 16:08:01 | WARNING  | __main__:_handle_report_tab:72 - Falha no download direto, tentando via aba: Timeout 15000ms exceeded while waiting for event "download"
=========================== logs ===========================
waiting for event "download"
============================================================
2026-03-10 16:08:01 | INFO     | __main__:_handle_report_tab:84 - Relatório PDF em aba: https://storage.googleapis.com/storagescrapings.appspot.com/ecac/49586312000118/situacao-fiscal-2026-03-10-62652792000136-5012149576248263428.pdf. Baixando via request...
2026-03-10 16:08:02 | INFO     | __main__:_handle_report_tab:103 - Texto extraído (3349 chars). Analisando débitos e omissões...
2026-03-10 16:08:02 | INFO     | __main__:extract_pendencias:180 - [16] Processando: Pendência (11233811000159)
2026-03-10 16:08:02 | INFO     | __main__:_handle_report_tab:42 - Iniciando captura de relatório...
2026-03-10 16:08:02 | DEBUG    | __main__:_handle_report_tab:46 - Verificando botão antes do clique: {'onclick': None, 'href': 'https://storage.googleapis.com/storagescrapings.appspot.com/ecac/49586312000118/situacao-fiscal-2026-03-10-11233811000159--1434654757235908933.pdf', 'text': '', 'download': True}
2026-03-10 16:08:03 | INFO     | __main__:_handle_report_tab:59 - Detectado link de PDF. Tentando download direto...
2026-03-10 16:08:18 | WARNING  | __main__:_handle_report_tab:72 - Falha no download direto, tentando via aba: Timeout 15000ms exceeded while waiting for event "download"
=========================== logs ===========================
waiting for event "download"
============================================================
2026-03-10 16:08:18 | INFO     | __main__:_handle_report_tab:84 - Relatório PDF em aba: https://storage.googleapis.com/storagescrapings.appspot.com/ecac/49586312000118/situacao-fiscal-2026-03-10-11233811000159--1434654757235908933.pdf. Baixando via request...
2026-03-10 16:08:18 | INFO     | __main__:_handle_report_tab:103 - Texto extraído (2102 chars). Analisando débitos e omissões...
2026-03-10 16:08:18 | WARNING  | __main__:extract_pendencias:198 - Lote de 2 atingido. Reiniciando sessão...
2026-03-10 16:08:19 | INFO     | __main__:extract_pendencias:123 - --- INICIANDO SESSÃO (Batch 9, Página 1) ---
2026-03-10 16:08:20 | INFO     | __main__:_login:21 - Navegando para o login em https://49586312000118.veri.com.br//login
2026-03-10 16:08:23 | INFO     | __main__:_login:24 - Inserindo credenciais...
2026-03-10 16:08:24 | INFO     | __main__:_login:34 - Aguardando carregamento da área restrita...
2026-03-10 16:08:27 | SUCCESS  | __main__:_login:37 - Logado com sucesso (aparentemente).
2026-03-10 16:08:27 | INFO     | __main__:extract_pendencias:145 - Navegando para lista geral (Resumo na pág 1)...
2026-03-10 16:08:28 | INFO     | __main__:extract_pendencias:158 - Processando página 1...
2026-03-10 16:08:28 | INFO     | __main__:extract_pendencias:161 - Encontradas 12 empresas com Pendência na página 1
2026-03-10 16:08:28 | INFO     | __main__:extract_pendencias:180 - [17] Processando: Pendência (62652792000136)
2026-03-10 16:08:28 | INFO     | __main__:_handle_report_tab:42 - Iniciando captura de relatório...
2026-03-10 16:08:28 | DEBUG    | __main__:_handle_report_tab:46 - Verificando botão antes do clique: {'onclick': None, 'href': 'https://storage.googleapis.com/storagescrapings.appspot.com/ecac/49586312000118/situacao-fiscal-2026-03-10-62652792000136-5012149576248263428.pdf', 'text': '', 'download': True}
2026-03-10 16:08:29 | INFO     | __main__:_handle_report_tab:59 - Detectado link de PDF. Tentando download direto...
2026-03-10 16:08:44 | WARNING  | __main__:_handle_report_tab:72 - Falha no download direto, tentando via aba: Timeout 15000ms exceeded while waiting for event "download"
=========================== logs ===========================
waiting for event "download"
============================================================
2026-03-10 16:08:44 | INFO     | __main__:_handle_report_tab:84 - Relatório PDF em aba: https://storage.googleapis.com/storagescrapings.appspot.com/ecac/49586312000118/situacao-fiscal-2026-03-10-62652792000136-5012149576248263428.pdf. Baixando via request...
2026-03-10 16:08:44 | INFO     | __main__:_handle_report_tab:103 - Texto extraído (3349 chars). Analisando débitos e omissões...
2026-03-10 16:08:44 | INFO     | __main__:extract_pendencias:180 - [18] Processando: Pendência (11233811000159)
2026-03-10 16:08:44 | INFO     | __main__:_handle_report_tab:42 - Iniciando captura de relatório...
2026-03-10 16:08:44 | DEBUG    | __main__:_handle_report_tab:46 - Verificando botão antes do clique: {'onclick': None, 'href': 'https://storage.googleapis.com/storagescrapings.appspot.com/ecac/49586312000118/situacao-fiscal-2026-03-10-11233811000159--1434654757235908933.pdf', 'text': '', 'download': True}
2026-03-10 16:08:46 | INFO     | __main__:_handle_report_tab:59 - Detectado link de PDF. Tentando download direto...
2026-03-10 16:09:01 | WARNING  | __main__:_handle_report_tab:72 - Falha no download direto, tentando via aba: Timeout 15000ms exceeded while waiting for event "download"
=========================== logs ===========================
waiting for event "download"
============================================================
2026-03-10 16:09:01 | INFO     | __main__:_handle_report_tab:84 - Relatório PDF em aba: https://storage.googleapis.com/storagescrapings.appspot.com/ecac/49586312000118/situacao-fiscal-2026-03-10-11233811000159--1434654757235908933.pdf. Baixando via request...
2026-03-10 16:09:01 | INFO     | __main__:_handle_report_tab:103 - Texto extraído (2102 chars). Analisando débitos e omissões...
2026-03-10 16:09:01 | WARNING  | __main__:extract_pendencias:198 - Lote de 2 atingido. Reiniciando sessão...
2026-03-10 16:09:01 | INFO     | __main__:extract_pendencias:123 - --- INICIANDO SESSÃO (Batch 10, Página 1) ---
2026-03-10 16:09:03 | INFO     | __main__:_login:21 - Navegando para o login em https://49586312000118.veri.com.br//login
2026-03-10 16:09:05 | INFO     | __main__:_login:24 - Inserindo credenciais...
2026-03-10 16:09:06 | INFO     | __main__:_login:34 - Aguardando carregamento da área restrita...
2026-03-10 16:09:12 | SUCCESS  | __main__:_login:37 - Logado com sucesso (aparentemente).
2026-03-10 16:09:12 | INFO     | __main__:extract_pendencias:145 - Navegando para lista geral (Resumo na pág 1)...
2026-03-10 16:09:14 | INFO     | __main__:extract_pendencias:158 - Processando página 1...
2026-03-10 16:09:14 | INFO     | __main__:extract_pendencias:161 - Encontradas 12 empresas com Pendência na página 1
2026-03-10 16:09:14 | INFO     | __main__:extract_pendencias:180 - [19] Processando: Pendência (62652792000136)
2026-03-10 16:09:14 | INFO     | __main__:_handle_report_tab:42 - Iniciando captura de relatório...
2026-03-10 16:09:14 | DEBUG    | __main__:_handle_report_tab:46 - Verificando botão antes do clique: {'onclick': None, 'href': 'https://storage.googleapis.com/storagescrapings.appspot.com/ecac/49586312000118/situacao-fiscal-2026-03-10-62652792000136-5012149576248263428.pdf', 'text': '', 'download': True}
2026-03-10 16:09:15 | INFO     | __main__:_handle_report_tab:59 - Detectado link de PDF. Tentando download direto...
2026-03-10 16:09:30 | WARNING  | __main__:_handle_report_tab:72 - Falha no download direto, tentando via aba: Timeout 15000ms exceeded while waiting for event "download"
=========================== logs ===========================
waiting for event "download"
============================================================
2026-03-10 16:09:30 | INFO     | __main__:_handle_report_tab:84 - Relatório PDF em aba: https://storage.googleapis.com/storagescrapings.appspot.com/ecac/49586312000118/situacao-fiscal-2026-03-10-62652792000136-5012149576248263428.pdf. Baixando via request...
2026-03-10 16:09:30 | INFO     | __main__:_handle_report_tab:103 - Texto extraído (3349 chars). Analisando débitos e omissões...
2026-03-10 16:09:30 | INFO     | __main__:extract_pendencias:180 - [20] Processando: Pendência (11233811000159)
2026-03-10 16:09:30 | INFO     | __main__:_handle_report_tab:42 - Iniciando captura de relatório...
2026-03-10 16:09:30 | DEBUG    | __main__:_handle_report_tab:46 - Verificando botão antes do clique: {'onclick': None, 'href': 'https://storage.googleapis.com/storagescrapings.appspot.com/ecac/49586312000118/situacao-fiscal-2026-03-10-11233811000159--1434654757235908933.pdf', 'text': '', 'download': True}
2026-03-10 16:09:32 | INFO     | __main__:_handle_report_tab:59 - Detectado link de PDF. Tentando download direto...
2026-03-10 16:09:47 | WARNING  | __main__:_handle_report_tab:72 - Falha no download direto, tentando via aba: Timeout 15000ms exceeded while waiting for event "download"
=========================== logs ===========================
waiting for event "download"
============================================================
2026-03-10 16:09:47 | INFO     | __main__:_handle_report_tab:84 - Relatório PDF em aba: https://storage.googleapis.com/storagescrapings.appspot.com/ecac/49586312000118/situacao-fiscal-2026-03-10-11233811000159--1434654757235908933.pdf. Baixando via request...
2026-03-10 16:09:47 | INFO     | __main__:_handle_report_tab:103 - Texto extraído (2102 chars). Analisando débitos e omissões...
2026-03-10 16:09:47 | WARNING  | __main__:extract_pendencias:198 - Lote de 2 atingido. Reiniciando sessão...
2026-03-10 16:09:47 | INFO     | __main__:extract_pendencias:123 - --- INICIANDO SESSÃO (Batch 11, Página 1) ---
2026-03-10 16:09:49 | INFO     | __main__:_login:21 - Navegando para o login em https://49586312000118.veri.com.br//login
2026-03-10 16:09:51 | INFO     | __main__:_login:24 - Inserindo credenciais...
2026-03-10 16:09:52 | INFO     | __main__:_login:34 - Aguardando carregamento da área restrita...
2026-03-10 16:10:25 | INFO     | __main__:extract_pendencias:123 - --- INICIANDO SESSÃO (Batch 1, Página 1) ---
2026-03-10 16:10:27 | INFO     | __main__:_login:21 - Navegando para o login em https://49586312000118.veri.com.br//login
2026-03-10 16:10:29 | INFO     | __main__:_login:24 - Inserindo credenciais...
2026-03-10 16:10:30 | INFO     | __main__:_login:34 - Aguardando carregamento da área restrita...
2026-03-10 16:10:34 | SUCCESS  | __main__:_login:37 - Logado com sucesso (aparentemente).
2026-03-10 16:10:34 | INFO     | __main__:extract_pendencias:145 - Navegando para lista geral (Resumo na pág 1)...
2026-03-10 16:10:36 | INFO     | __main__:extract_pendencias:158 - Processando página 1...
2026-03-10 16:10:36 | INFO     | __main__:extract_pendencias:161 - Encontradas 12 empresas com Pendência na página 1
2026-03-10 16:10:36 | DEBUG    | __main__:extract_pendencias:173 - DEBUG CELLS: ['AG VINHOS E GASTRONOMIA LTDA', '62652792000136', 'Pendência', '', 'Ver', 'Atualizar']
2026-03-10 16:10:36 | INFO     | __main__:extract_pendencias:184 - [1] Processando: AG VINHOS E GASTRONOMIA LTDA (62652792000136)
2026-03-10 16:10:36 | INFO     | __main__:_handle_report_tab:42 - Iniciando captura de relatório...
2026-03-10 16:10:36 | DEBUG    | __main__:_handle_report_tab:46 - Verificando botão antes do clique: {'onclick': None, 'href': 'https://storage.googleapis.com/storagescrapings.appspot.com/ecac/49586312000118/situacao-fiscal-2026-03-10-62652792000136-5012149576248263428.pdf', 'text': '', 'download': True}
2026-03-10 16:10:36 | INFO     | __main__:_handle_report_tab:59 - Detectado link de PDF. Tentando download direto...
2026-03-10 16:10:51 | WARNING  | __main__:_handle_report_tab:72 - Falha no download direto, tentando via aba: Timeout 15000ms exceeded while waiting for event "download"
=========================== logs ===========================
waiting for event "download"
============================================================
2026-03-10 16:10:51 | INFO     | __main__:_handle_report_tab:84 - Relatório PDF em aba: https://storage.googleapis.com/storagescrapings.appspot.com/ecac/49586312000118/situacao-fiscal-2026-03-10-62652792000136-5012149576248263428.pdf. Baixando via request...
2026-03-10 16:10:52 | INFO     | __main__:_handle_report_tab:103 - Texto extraído (3349 chars). Analisando débitos e omissões...
2026-03-10 16:10:52 | DEBUG    | __main__:extract_pendencias:173 - DEBUG CELLS: ['ANJU PARICIPACOES LIMITADA', '11233811000159', 'Pendência', '', 'Ver', 'Atualizar']
2026-03-10 16:10:52 | INFO     | __main__:extract_pendencias:184 - [2] Processando: ANJU PARICIPACOES LIMITADA (11233811000159)
2026-03-10 16:10:52 | INFO     | __main__:_handle_report_tab:42 - Iniciando captura de relatório...
2026-03-10 16:10:52 | DEBUG    | __main__:_handle_report_tab:46 - Verificando botão antes do clique: {'onclick': None, 'href': 'https://storage.googleapis.com/storagescrapings.appspot.com/ecac/49586312000118/situacao-fiscal-2026-03-10-11233811000159--1434654757235908933.pdf', 'text': '', 'download': True}
2026-03-10 16:10:53 | INFO     | __main__:_handle_report_tab:59 - Detectado link de PDF. Tentando download direto...
2026-03-10 16:11:08 | WARNING  | __main__:_handle_report_tab:72 - Falha no download direto, tentando via aba: Timeout 15000ms exceeded while waiting for event "download"
=========================== logs ===========================
waiting for event "download"
============================================================
2026-03-10 16:11:08 | INFO     | __main__:_handle_report_tab:84 - Relatório PDF em aba: https://storage.googleapis.com/storagescrapings.appspot.com/ecac/49586312000118/situacao-fiscal-2026-03-10-11233811000159--1434654757235908933.pdf. Baixando via request...
2026-03-10 16:11:09 | INFO     | __main__:_handle_report_tab:103 - Texto extraído (2102 chars). Analisando débitos e omissões...
2026-03-10 16:11:09 | WARNING  | __main__:extract_pendencias:202 - Lote de 2 atingido. Reiniciando sessão...
2026-03-10 16:11:09 | INFO     | __main__:extract_pendencias:123 - --- INICIANDO SESSÃO (Batch 2, Página 1) ---
2026-03-10 16:11:11 | INFO     | __main__:_login:21 - Navegando para o login em https://49586312000118.veri.com.br//login
2026-03-10 16:11:13 | INFO     | __main__:_login:24 - Inserindo credenciais...
2026-03-10 16:11:14 | INFO     | __main__:_login:34 - Aguardando carregamento da área restrita...
2026-03-10 16:11:24 | SUCCESS  | __main__:_login:37 - Logado com sucesso (aparentemente).
2026-03-10 16:11:25 | INFO     | __main__:extract_pendencias:145 - Navegando para lista geral (Resumo na pág 1)...
2026-03-10 16:11:27 | INFO     | __main__:extract_pendencias:158 - Processando página 1...
2026-03-10 16:11:27 | INFO     | __main__:extract_pendencias:161 - Encontradas 12 empresas com Pendência na página 1
2026-03-10 16:11:27 | DEBUG    | __main__:extract_pendencias:173 - DEBUG CELLS: ['AG VINHOS E GASTRONOMIA LTDA', '62652792000136', 'Pendência', '', 'Ver', 'Atualizar']
2026-03-10 16:11:27 | INFO     | __main__:extract_pendencias:184 - [3] Processando: AG VINHOS E GASTRONOMIA LTDA (62652792000136)
2026-03-10 16:11:27 | INFO     | __main__:_handle_report_tab:42 - Iniciando captura de relatório...
2026-03-10 16:11:27 | DEBUG    | __main__:_handle_report_tab:46 - Verificando botão antes do clique: {'onclick': None, 'href': 'https://storage.googleapis.com/storagescrapings.appspot.com/ecac/49586312000118/situacao-fiscal-2026-03-10-62652792000136-5012149576248263428.pdf', 'text': '', 'download': True}
2026-03-10 16:11:27 | INFO     | __main__:_handle_report_tab:59 - Detectado link de PDF. Tentando download direto...
2026-03-10 16:11:42 | WARNING  | __main__:_handle_report_tab:72 - Falha no download direto, tentando via aba: Timeout 15000ms exceeded while waiting for event "download"
=========================== logs ===========================
waiting for event "download"
============================================================
2026-03-10 16:11:42 | INFO     | __main__:_handle_report_tab:84 - Relatório PDF em aba: https://storage.googleapis.com/storagescrapings.appspot.com/ecac/49586312000118/situacao-fiscal-2026-03-10-62652792000136-5012149576248263428.pdf. Baixando via request...
2026-03-10 16:11:43 | INFO     | __main__:_handle_report_tab:103 - Texto extraído (3349 chars). Analisando débitos e omissões...
2026-03-10 16:11:43 | DEBUG    | __main__:extract_pendencias:173 - DEBUG CELLS: ['ANJU PARICIPACOES LIMITADA', '11233811000159', 'Pendência', '', 'Ver', 'Atualizar']
2026-03-10 16:11:43 | INFO     | __main__:extract_pendencias:184 - [4] Processando: ANJU PARICIPACOES LIMITADA (11233811000159)
2026-03-10 16:11:43 | INFO     | __main__:_handle_report_tab:42 - Iniciando captura de relatório...
2026-03-10 16:11:43 | DEBUG    | __main__:_handle_report_tab:46 - Verificando botão antes do clique: {'onclick': None, 'href': 'https://storage.googleapis.com/storagescrapings.appspot.com/ecac/49586312000118/situacao-fiscal-2026-03-10-11233811000159--1434654757235908933.pdf', 'text': '', 'download': True}
2026-03-10 16:11:44 | INFO     | __main__:_handle_report_tab:59 - Detectado link de PDF. Tentando download direto...
2026-03-10 16:11:59 | WARNING  | __main__:_handle_report_tab:72 - Falha no download direto, tentando via aba: Timeout 15000ms exceeded while waiting for event "download"
=========================== logs ===========================
waiting for event "download"
============================================================
2026-03-10 16:11:59 | INFO     | __main__:_handle_report_tab:84 - Relatório PDF em aba: https://storage.googleapis.com/storagescrapings.appspot.com/ecac/49586312000118/situacao-fiscal-2026-03-10-11233811000159--1434654757235908933.pdf. Baixando via request...
2026-03-10 16:11:59 | INFO     | __main__:_handle_report_tab:103 - Texto extraído (2102 chars). Analisando débitos e omissões...
2026-03-10 16:11:59 | WARNING  | __main__:extract_pendencias:202 - Lote de 2 atingido. Reiniciando sessão...
2026-03-10 16:12:00 | INFO     | __main__:extract_pendencias:123 - --- INICIANDO SESSÃO (Batch 3, Página 1) ---
2026-03-10 16:12:01 | INFO     | __main__:_login:21 - Navegando para o login em https://49586312000118.veri.com.br//login
2026-03-10 16:12:03 | INFO     | __main__:_login:24 - Inserindo credenciais...
2026-03-10 16:12:04 | INFO     | __main__:_login:34 - Aguardando carregamento da área restrita...
2026-03-10 16:12:13 | SUCCESS  | __main__:_login:37 - Logado com sucesso (aparentemente).
2026-03-10 16:12:14 | INFO     | __main__:extract_pendencias:145 - Navegando para lista geral (Resumo na pág 1)...
2026-03-10 16:12:16 | INFO     | __main__:extract_pendencias:158 - Processando página 1...
2026-03-10 16:12:16 | INFO     | __main__:extract_pendencias:161 - Encontradas 12 empresas com Pendência na página 1
2026-03-10 16:12:16 | DEBUG    | __main__:extract_pendencias:173 - DEBUG CELLS: ['AG VINHOS E GASTRONOMIA LTDA', '62652792000136', 'Pendência', '', 'Ver', 'Atualizar']
2026-03-10 16:12:16 | INFO     | __main__:extract_pendencias:184 - [5] Processando: AG VINHOS E GASTRONOMIA LTDA (62652792000136)
2026-03-10 16:12:16 | INFO     | __main__:_handle_report_tab:42 - Iniciando captura de relatório...
2026-03-10 16:12:16 | DEBUG    | __main__:_handle_report_tab:46 - Verificando botão antes do clique: {'onclick': None, 'href': 'https://storage.googleapis.com/storagescrapings.appspot.com/ecac/49586312000118/situacao-fiscal-2026-03-10-62652792000136-5012149576248263428.pdf', 'text': '', 'download': True}
2026-03-10 16:12:16 | INFO     | __main__:_handle_report_tab:59 - Detectado link de PDF. Tentando download direto...
2026-03-10 16:12:31 | WARNING  | __main__:_handle_report_tab:72 - Falha no download direto, tentando via aba: Timeout 15000ms exceeded while waiting for event "download"
=========================== logs ===========================
waiting for event "download"
============================================================
2026-03-10 16:12:31 | INFO     | __main__:_handle_report_tab:84 - Relatório PDF em aba: https://storage.googleapis.com/storagescrapings.appspot.com/ecac/49586312000118/situacao-fiscal-2026-03-10-62652792000136-5012149576248263428.pdf. Baixando via request...
2026-03-10 16:12:32 | INFO     | __main__:_handle_report_tab:103 - Texto extraído (3349 chars). Analisando débitos e omissões...
2026-03-10 16:12:32 | DEBUG    | __main__:extract_pendencias:173 - DEBUG CELLS: ['ANJU PARICIPACOES LIMITADA', '11233811000159', 'Pendência', '', 'Ver', 'Atualizar']
2026-03-10 16:12:32 | INFO     | __main__:extract_pendencias:184 - [6] Processando: ANJU PARICIPACOES LIMITADA (11233811000159)
2026-03-10 16:12:32 | INFO     | __main__:_handle_report_tab:42 - Iniciando captura de relatório...
2026-03-10 16:12:32 | DEBUG    | __main__:_handle_report_tab:46 - Verificando botão antes do clique: {'onclick': None, 'href': 'https://storage.googleapis.com/storagescrapings.appspot.com/ecac/49586312000118/situacao-fiscal-2026-03-10-11233811000159--1434654757235908933.pdf', 'text': '', 'download': True}
2026-03-10 16:12:33 | INFO     | __main__:_handle_report_tab:59 - Detectado link de PDF. Tentando download direto...
2026-03-10 16:12:48 | WARNING  | __main__:_handle_report_tab:72 - Falha no download direto, tentando via aba: Timeout 15000ms exceeded while waiting for event "download"
=========================== logs ===========================
waiting for event "download"
============================================================
2026-03-10 16:12:48 | INFO     | __main__:_handle_report_tab:84 - Relatório PDF em aba: https://storage.googleapis.com/storagescrapings.appspot.com/ecac/49586312000118/situacao-fiscal-2026-03-10-11233811000159--1434654757235908933.pdf. Baixando via request...
2026-03-10 16:12:48 | INFO     | __main__:_handle_report_tab:103 - Texto extraído (2102 chars). Analisando débitos e omissões...
2026-03-10 16:12:48 | WARNING  | __main__:extract_pendencias:202 - Lote de 2 atingido. Reiniciando sessão...
2026-03-10 16:12:49 | INFO     | __main__:extract_pendencias:123 - --- INICIANDO SESSÃO (Batch 4, Página 1) ---
2026-03-10 16:12:50 | INFO     | __main__:_login:21 - Navegando para o login em https://49586312000118.veri.com.br//login
2026-03-10 16:12:52 | INFO     | __main__:_login:24 - Inserindo credenciais...
2026-03-10 16:12:53 | INFO     | __main__:_login:34 - Aguardando carregamento da área restrita...
2026-03-10 16:12:55 | SUCCESS  | __main__:_login:37 - Logado com sucesso (aparentemente).
2026-03-10 16:12:56 | INFO     | __main__:extract_pendencias:145 - Navegando para lista geral (Resumo na pág 1)...
2026-03-10 16:12:57 | INFO     | __main__:extract_pendencias:158 - Processando página 1...
2026-03-10 16:12:57 | INFO     | __main__:extract_pendencias:161 - Encontradas 12 empresas com Pendência na página 1
2026-03-10 16:12:57 | DEBUG    | __main__:extract_pendencias:173 - DEBUG CELLS: ['AG VINHOS E GASTRONOMIA LTDA', '62652792000136', 'Pendência', '', 'Ver', 'Atualizar']
2026-03-10 16:12:57 | INFO     | __main__:extract_pendencias:184 - [7] Processando: AG VINHOS E GASTRONOMIA LTDA (62652792000136)
2026-03-10 16:12:57 | INFO     | __main__:_handle_report_tab:42 - Iniciando captura de relatório...
2026-03-10 16:12:57 | DEBUG    | __main__:_handle_report_tab:46 - Verificando botão antes do clique: {'onclick': None, 'href': 'https://storage.googleapis.com/storagescrapings.appspot.com/ecac/49586312000118/situacao-fiscal-2026-03-10-62652792000136-5012149576248263428.pdf', 'text': '', 'download': True}
2026-03-10 16:12:57 | INFO     | __main__:_handle_report_tab:59 - Detectado link de PDF. Tentando download direto...
2026-03-10 16:13:12 | WARNING  | __main__:_handle_report_tab:72 - Falha no download direto, tentando via aba: Timeout 15000ms exceeded while waiting for event "download"
=========================== logs ===========================
waiting for event "download"
============================================================
2026-03-10 16:13:12 | INFO     | __main__:_handle_report_tab:84 - Relatório PDF em aba: https://storage.googleapis.com/storagescrapings.appspot.com/ecac/49586312000118/situacao-fiscal-2026-03-10-62652792000136-5012149576248263428.pdf. Baixando via request...
2026-03-10 16:13:13 | INFO     | __main__:_handle_report_tab:103 - Texto extraído (3349 chars). Analisando débitos e omissões...
2026-03-10 16:13:13 | DEBUG    | __main__:extract_pendencias:173 - DEBUG CELLS: ['ANJU PARICIPACOES LIMITADA', '11233811000159', 'Pendência', '', 'Ver', 'Atualizar']
2026-03-10 16:13:13 | INFO     | __main__:extract_pendencias:184 - [8] Processando: ANJU PARICIPACOES LIMITADA (11233811000159)
2026-03-10 16:13:13 | INFO     | __main__:_handle_report_tab:42 - Iniciando captura de relatório...
2026-03-10 16:13:13 | DEBUG    | __main__:_handle_report_tab:46 - Verificando botão antes do clique: {'onclick': None, 'href': 'https://storage.googleapis.com/storagescrapings.appspot.com/ecac/49586312000118/situacao-fiscal-2026-03-10-11233811000159--1434654757235908933.pdf', 'text': '', 'download': True}
2026-03-10 16:13:14 | INFO     | __main__:_handle_report_tab:59 - Detectado link de PDF. Tentando download direto...
2026-03-10 16:13:29 | WARNING  | __main__:_handle_report_tab:72 - Falha no download direto, tentando via aba: Timeout 15000ms exceeded while waiting for event "download"
=========================== logs ===========================
waiting for event "download"
============================================================
2026-03-10 16:13:29 | INFO     | __main__:_handle_report_tab:84 - Relatório PDF em aba: https://storage.googleapis.com/storagescrapings.appspot.com/ecac/49586312000118/situacao-fiscal-2026-03-10-11233811000159--1434654757235908933.pdf. Baixando via request...
2026-03-10 16:13:30 | INFO     | __main__:_handle_report_tab:103 - Texto extraído (2102 chars). Analisando débitos e omissões...
2026-03-10 16:13:30 | WARNING  | __main__:extract_pendencias:202 - Lote de 2 atingido. Reiniciando sessão...
2026-03-10 16:13:30 | INFO     | __main__:extract_pendencias:123 - --- INICIANDO SESSÃO (Batch 5, Página 1) ---
2026-03-10 16:13:31 | INFO     | __main__:_login:21 - Navegando para o login em https://49586312000118.veri.com.br//login
2026-03-10 16:13:34 | INFO     | __main__:_login:24 - Inserindo credenciais...
2026-03-10 16:13:35 | INFO     | __main__:_login:34 - Aguardando carregamento da área restrita...
2026-03-10 16:13:46 | SUCCESS  | __main__:_login:37 - Logado com sucesso (aparentemente).
2026-03-10 16:13:46 | INFO     | __main__:extract_pendencias:145 - Navegando para lista geral (Resumo na pág 1)...
2026-03-10 16:13:48 | INFO     | __main__:extract_pendencias:158 - Processando página 1...
2026-03-10 16:13:48 | INFO     | __main__:extract_pendencias:161 - Encontradas 12 empresas com Pendência na página 1
2026-03-10 16:13:48 | DEBUG    | __main__:extract_pendencias:173 - DEBUG CELLS: ['AG VINHOS E GASTRONOMIA LTDA', '62652792000136', 'Pendência', '', 'Ver', 'Atualizar']
2026-03-10 16:13:48 | INFO     | __main__:extract_pendencias:184 - [9] Processando: AG VINHOS E GASTRONOMIA LTDA (62652792000136)
2026-03-10 16:13:48 | INFO     | __main__:_handle_report_tab:42 - Iniciando captura de relatório...
2026-03-10 16:13:48 | DEBUG    | __main__:_handle_report_tab:46 - Verificando botão antes do clique: {'onclick': None, 'href': 'https://storage.googleapis.com/storagescrapings.appspot.com/ecac/49586312000118/situacao-fiscal-2026-03-10-62652792000136-5012149576248263428.pdf', 'text': '', 'download': True}
2026-03-10 16:13:48 | INFO     | __main__:_handle_report_tab:59 - Detectado link de PDF. Tentando download direto...
2026-03-10 16:14:03 | WARNING  | __main__:_handle_report_tab:72 - Falha no download direto, tentando via aba: Timeout 15000ms exceeded while waiting for event "download"
=========================== logs ===========================
waiting for event "download"
============================================================
2026-03-10 16:14:03 | INFO     | __main__:_handle_report_tab:84 - Relatório PDF em aba: https://storage.googleapis.com/storagescrapings.appspot.com/ecac/49586312000118/situacao-fiscal-2026-03-10-62652792000136-5012149576248263428.pdf. Baixando via request...
2026-03-10 16:14:03 | INFO     | __main__:_handle_report_tab:103 - Texto extraído (3349 chars). Analisando débitos e omissões...
2026-03-10 16:14:03 | DEBUG    | __main__:extract_pendencias:173 - DEBUG CELLS: ['ANJU PARICIPACOES LIMITADA', '11233811000159', 'Pendência', '', 'Ver', 'Atualizar']
2026-03-10 16:14:03 | INFO     | __main__:extract_pendencias:184 - [10] Processando: ANJU PARICIPACOES LIMITADA (11233811000159)
2026-03-10 16:14:03 | INFO     | __main__:_handle_report_tab:42 - Iniciando captura de relatório...
2026-03-10 16:14:03 | DEBUG    | __main__:_handle_report_tab:46 - Verificando botão antes do clique: {'onclick': None, 'href': 'https://storage.googleapis.com/storagescrapings.appspot.com/ecac/49586312000118/situacao-fiscal-2026-03-10-11233811000159--1434654757235908933.pdf', 'text': '', 'download': True}
2026-03-10 16:14:05 | INFO     | __main__:_handle_report_tab:59 - Detectado link de PDF. Tentando download direto...
2026-03-10 16:14:20 | WARNING  | __main__:_handle_report_tab:72 - Falha no download direto, tentando via aba: Timeout 15000ms exceeded while waiting for event "download"
=========================== logs ===========================
waiting for event "download"
============================================================
2026-03-10 16:14:20 | INFO     | __main__:_handle_report_tab:84 - Relatório PDF em aba: https://storage.googleapis.com/storagescrapings.appspot.com/ecac/49586312000118/situacao-fiscal-2026-03-10-11233811000159--1434654757235908933.pdf. Baixando via request...
2026-03-10 16:14:20 | INFO     | __main__:_handle_report_tab:103 - Texto extraído (2102 chars). Analisando débitos e omissões...
2026-03-10 16:14:20 | WARNING  | __main__:extract_pendencias:202 - Lote de 2 atingido. Reiniciando sessão...
2026-03-10 16:14:20 | INFO     | __main__:extract_pendencias:123 - --- INICIANDO SESSÃO (Batch 6, Página 1) ---
2026-03-10 16:14:22 | INFO     | __main__:_login:21 - Navegando para o login em https://49586312000118.veri.com.br//login
2026-03-10 16:14:24 | INFO     | __main__:_login:24 - Inserindo credenciais...
2026-03-10 16:14:24 | INFO     | __main__:_login:34 - Aguardando carregamento da área restrita...
2026-03-10 16:14:35 | SUCCESS  | __main__:_login:37 - Logado com sucesso (aparentemente).
2026-03-10 16:14:35 | INFO     | __main__:extract_pendencias:145 - Navegando para lista geral (Resumo na pág 1)...
2026-03-10 16:14:37 | INFO     | __main__:extract_pendencias:158 - Processando página 1...
2026-03-10 16:14:37 | INFO     | __main__:extract_pendencias:161 - Encontradas 12 empresas com Pendência na página 1
2026-03-10 16:14:37 | DEBUG    | __main__:extract_pendencias:173 - DEBUG CELLS: ['AG VINHOS E GASTRONOMIA LTDA', '62652792000136', 'Pendência', '', 'Ver', 'Atualizar']
2026-03-10 16:14:37 | INFO     | __main__:extract_pendencias:184 - [11] Processando: AG VINHOS E GASTRONOMIA LTDA (62652792000136)
2026-03-10 16:14:37 | INFO     | __main__:_handle_report_tab:42 - Iniciando captura de relatório...
2026-03-10 16:14:37 | DEBUG    | __main__:_handle_report_tab:46 - Verificando botão antes do clique: {'onclick': None, 'href': 'https://storage.googleapis.com/storagescrapings.appspot.com/ecac/49586312000118/situacao-fiscal-2026-03-10-62652792000136-5012149576248263428.pdf', 'text': '', 'download': True}
2026-03-10 16:14:38 | INFO     | __main__:_handle_report_tab:59 - Detectado link de PDF. Tentando download direto...
2026-03-10 16:14:53 | WARNING  | __main__:_handle_report_tab:72 - Falha no download direto, tentando via aba: Timeout 15000ms exceeded while waiting for event "download"
=========================== logs ===========================
waiting for event "download"
============================================================
2026-03-10 16:14:53 | INFO     | __main__:_handle_report_tab:84 - Relatório PDF em aba: https://storage.googleapis.com/storagescrapings.appspot.com/ecac/49586312000118/situacao-fiscal-2026-03-10-62652792000136-5012149576248263428.pdf. Baixando via request...
2026-03-10 16:14:53 | INFO     | __main__:_handle_report_tab:103 - Texto extraído (3349 chars). Analisando débitos e omissões...
2026-03-10 16:14:53 | DEBUG    | __main__:extract_pendencias:173 - DEBUG CELLS: ['ANJU PARICIPACOES LIMITADA', '11233811000159', 'Pendência', '', 'Ver', 'Atualizar']
2026-03-10 16:14:53 | INFO     | __main__:extract_pendencias:184 - [12] Processando: ANJU PARICIPACOES LIMITADA (11233811000159)
2026-03-10 16:14:53 | INFO     | __main__:_handle_report_tab:42 - Iniciando captura de relatório...
2026-03-10 16:14:53 | DEBUG    | __main__:_handle_report_tab:46 - Verificando botão antes do clique: {'onclick': None, 'href': 'https://storage.googleapis.com/storagescrapings.appspot.com/ecac/49586312000118/situacao-fiscal-2026-03-10-11233811000159--1434654757235908933.pdf', 'text': '', 'download': True}
2026-03-10 16:14:55 | INFO     | __main__:_handle_report_tab:59 - Detectado link de PDF. Tentando download direto...
2026-03-10 16:15:10 | WARNING  | __main__:_handle_report_tab:72 - Falha no download direto, tentando via aba: Timeout 15000ms exceeded while waiting for event "download"
=========================== logs ===========================
waiting for event "download"
============================================================
2026-03-10 16:15:10 | INFO     | __main__:_handle_report_tab:84 - Relatório PDF em aba: https://storage.googleapis.com/storagescrapings.appspot.com/ecac/49586312000118/situacao-fiscal-2026-03-10-11233811000159--1434654757235908933.pdf. Baixando via request...
2026-03-10 16:15:10 | INFO     | __main__:_handle_report_tab:103 - Texto extraído (2102 chars). Analisando débitos e omissões...
2026-03-10 16:15:10 | WARNING  | __main__:extract_pendencias:202 - Lote de 2 atingido. Reiniciando sessão...
2026-03-10 16:15:10 | INFO     | __main__:extract_pendencias:123 - --- INICIANDO SESSÃO (Batch 7, Página 1) ---
2026-03-10 16:15:12 | INFO     | __main__:_login:21 - Navegando para o login em https://49586312000118.veri.com.br//login
2026-03-10 16:15:14 | INFO     | __main__:_login:24 - Inserindo credenciais...
2026-03-10 16:15:15 | INFO     | __main__:_login:34 - Aguardando carregamento da área restrita...
2026-03-10 16:15:25 | SUCCESS  | __main__:_login:37 - Logado com sucesso (aparentemente).
2026-03-10 16:15:25 | INFO     | __main__:extract_pendencias:145 - Navegando para lista geral (Resumo na pág 1)...
2026-03-10 16:15:28 | INFO     | __main__:extract_pendencias:158 - Processando página 1...
2026-03-10 16:15:28 | INFO     | __main__:extract_pendencias:161 - Encontradas 12 empresas com Pendência na página 1
2026-03-10 16:15:28 | DEBUG    | __main__:extract_pendencias:173 - DEBUG CELLS: ['AG VINHOS E GASTRONOMIA LTDA', '62652792000136', 'Pendência', '', 'Ver', 'Atualizar']
2026-03-10 16:15:28 | INFO     | __main__:extract_pendencias:184 - [13] Processando: AG VINHOS E GASTRONOMIA LTDA (62652792000136)
2026-03-10 16:15:28 | INFO     | __main__:_handle_report_tab:42 - Iniciando captura de relatório...
2026-03-10 16:15:28 | DEBUG    | __main__:_handle_report_tab:46 - Verificando botão antes do clique: {'onclick': None, 'href': 'https://storage.googleapis.com/storagescrapings.appspot.com/ecac/49586312000118/situacao-fiscal-2026-03-10-62652792000136-5012149576248263428.pdf', 'text': '', 'download': True}
2026-03-10 16:15:28 | INFO     | __main__:_handle_report_tab:59 - Detectado link de PDF. Tentando download direto...
2026-03-10 16:15:43 | WARNING  | __main__:_handle_report_tab:72 - Falha no download direto, tentando via aba: Timeout 15000ms exceeded while waiting for event "download"
=========================== logs ===========================
waiting for event "download"
============================================================
2026-03-10 16:15:43 | INFO     | __main__:_handle_report_tab:84 - Relatório PDF em aba: https://storage.googleapis.com/storagescrapings.appspot.com/ecac/49586312000118/situacao-fiscal-2026-03-10-62652792000136-5012149576248263428.pdf. Baixando via request...
2026-03-10 16:15:44 | INFO     | __main__:_handle_report_tab:103 - Texto extraído (3349 chars). Analisando débitos e omissões...
2026-03-10 16:15:44 | DEBUG    | __main__:extract_pendencias:173 - DEBUG CELLS: ['ANJU PARICIPACOES LIMITADA', '11233811000159', 'Pendência', '', 'Ver', 'Atualizar']
2026-03-10 16:15:44 | INFO     | __main__:extract_pendencias:184 - [14] Processando: ANJU PARICIPACOES LIMITADA (11233811000159)
2026-03-10 16:15:44 | INFO     | __main__:_handle_report_tab:42 - Iniciando captura de relatório...
2026-03-10 16:15:44 | DEBUG    | __main__:_handle_report_tab:46 - Verificando botão antes do clique: {'onclick': None, 'href': 'https://storage.googleapis.com/storagescrapings.appspot.com/ecac/49586312000118/situacao-fiscal-2026-03-10-11233811000159--1434654757235908933.pdf', 'text': '', 'download': True}
2026-03-10 16:15:45 | INFO     | __main__:_handle_report_tab:59 - Detectado link de PDF. Tentando download direto...
2026-03-10 16:16:00 | WARNING  | __main__:_handle_report_tab:72 - Falha no download direto, tentando via aba: Timeout 15000ms exceeded while waiting for event "download"
=========================== logs ===========================
waiting for event "download"
============================================================
2026-03-10 16:16:00 | INFO     | __main__:_handle_report_tab:84 - Relatório PDF em aba: https://storage.googleapis.com/storagescrapings.appspot.com/ecac/49586312000118/situacao-fiscal-2026-03-10-11233811000159--1434654757235908933.pdf. Baixando via request...
2026-03-10 16:16:00 | INFO     | __main__:_handle_report_tab:103 - Texto extraído (2102 chars). Analisando débitos e omissões...
2026-03-10 16:16:00 | WARNING  | __main__:extract_pendencias:202 - Lote de 2 atingido. Reiniciando sessão...
2026-03-10 16:16:01 | INFO     | __main__:extract_pendencias:123 - --- INICIANDO SESSÃO (Batch 8, Página 1) ---
2026-03-10 16:16:02 | INFO     | __main__:_login:21 - Navegando para o login em https://49586312000118.veri.com.br//login
2026-03-10 16:16:04 | INFO     | __main__:_login:24 - Inserindo credenciais...
2026-03-10 16:16:05 | INFO     | __main__:_login:34 - Aguardando carregamento da área restrita...
2026-03-10 16:16:12 | SUCCESS  | __main__:_login:37 - Logado com sucesso (aparentemente).
2026-03-10 16:16:13 | INFO     | __main__:extract_pendencias:145 - Navegando para lista geral (Resumo na pág 1)...
2026-03-10 16:16:15 | INFO     | __main__:extract_pendencias:158 - Processando página 1...
2026-03-10 16:16:15 | INFO     | __main__:extract_pendencias:161 - Encontradas 12 empresas com Pendência na página 1
2026-03-10 16:16:15 | DEBUG    | __main__:extract_pendencias:173 - DEBUG CELLS: ['AG VINHOS E GASTRONOMIA LTDA', '62652792000136', 'Pendência', '', 'Ver', 'Atualizar']
2026-03-10 16:16:15 | INFO     | __main__:extract_pendencias:184 - [15] Processando: AG VINHOS E GASTRONOMIA LTDA (62652792000136)
2026-03-10 16:16:15 | INFO     | __main__:_handle_report_tab:42 - Iniciando captura de relatório...
2026-03-10 16:16:15 | DEBUG    | __main__:_handle_report_tab:46 - Verificando botão antes do clique: {'onclick': None, 'href': 'https://storage.googleapis.com/storagescrapings.appspot.com/ecac/49586312000118/situacao-fiscal-2026-03-10-62652792000136-5012149576248263428.pdf', 'text': '', 'download': True}
2026-03-10 16:16:15 | INFO     | __main__:_handle_report_tab:59 - Detectado link de PDF. Tentando download direto...
2026-03-10 16:16:30 | WARNING  | __main__:_handle_report_tab:72 - Falha no download direto, tentando via aba: Timeout 15000ms exceeded while waiting for event "download"
=========================== logs ===========================
waiting for event "download"
============================================================
2026-03-10 16:16:30 | INFO     | __main__:_handle_report_tab:84 - Relatório PDF em aba: https://storage.googleapis.com/storagescrapings.appspot.com/ecac/49586312000118/situacao-fiscal-2026-03-10-62652792000136-5012149576248263428.pdf. Baixando via request...
2026-03-10 16:16:30 | INFO     | __main__:_handle_report_tab:103 - Texto extraído (3349 chars). Analisando débitos e omissões...
2026-03-10 16:16:31 | DEBUG    | __main__:extract_pendencias:173 - DEBUG CELLS: ['ANJU PARICIPACOES LIMITADA', '11233811000159', 'Pendência', '', 'Ver', 'Atualizar']
2026-03-10 16:16:31 | INFO     | __main__:extract_pendencias:184 - [16] Processando: ANJU PARICIPACOES LIMITADA (11233811000159)
2026-03-10 16:16:31 | INFO     | __main__:_handle_report_tab:42 - Iniciando captura de relatório...
2026-03-10 16:16:31 | DEBUG    | __main__:_handle_report_tab:46 - Verificando botão antes do clique: {'onclick': None, 'href': 'https://storage.googleapis.com/storagescrapings.appspot.com/ecac/49586312000118/situacao-fiscal-2026-03-10-11233811000159--1434654757235908933.pdf', 'text': '', 'download': True}
2026-03-10 16:16:32 | INFO     | __main__:_handle_report_tab:59 - Detectado link de PDF. Tentando download direto...
2026-03-10 16:16:42 | WARNING  | __main__:_handle_report_tab:72 - Falha no download direto, tentando via aba: Target page, context or browser has been closed
=========================== logs ===========================
waiting for event "download"
============================================================
2026-03-10 16:16:42 | ERROR    | __main__:_handle_report_tab:100 - Falha ao capturar via aba: Locator.click: Target page, context or browser has been closed
2026-03-10 16:16:42 | WARNING  | __main__:extract_pendencias:202 - Lote de 2 atingido. Reiniciando sessão...
2026-03-10 16:16:43 | INFO     | __main__:extract_pendencias:123 - --- INICIANDO SESSÃO (Batch 9, Página 1) ---
2026-03-10 16:16:44 | INFO     | __main__:_login:21 - Navegando para o login em https://49586312000118.veri.com.br//login
2026-03-10 16:16:46 | INFO     | __main__:_login:24 - Inserindo credenciais...
2026-03-10 16:16:46 | INFO     | __main__:_login:34 - Aguardando carregamento da área restrita...
2026-03-10 16:16:49 | SUCCESS  | __main__:_login:37 - Logado com sucesso (aparentemente).
2026-03-10 16:16:49 | INFO     | __main__:extract_pendencias:145 - Navegando para lista geral (Resumo na pág 1)...
2026-03-10 16:16:51 | INFO     | __main__:extract_pendencias:158 - Processando página 1...
2026-03-10 16:16:51 | INFO     | __main__:extract_pendencias:161 - Encontradas 12 empresas com Pendência na página 1
2026-03-10 16:16:51 | DEBUG    | __main__:extract_pendencias:173 - DEBUG CELLS: ['AG VINHOS E GASTRONOMIA LTDA', '62652792000136', 'Pendência', '', 'Ver', 'Atualizar']
2026-03-10 16:16:51 | INFO     | __main__:extract_pendencias:184 - [17] Processando: AG VINHOS E GASTRONOMIA LTDA (62652792000136)
2026-03-10 16:16:51 | INFO     | __main__:_handle_report_tab:42 - Iniciando captura de relatório...
2026-03-10 16:16:51 | DEBUG    | __main__:_handle_report_tab:46 - Verificando botão antes do clique: {'onclick': None, 'href': 'https://storage.googleapis.com/storagescrapings.appspot.com/ecac/49586312000118/situacao-fiscal-2026-03-10-62652792000136-5012149576248263428.pdf', 'text': '', 'download': True}
2026-03-10 16:16:51 | INFO     | __main__:_handle_report_tab:59 - Detectado link de PDF. Tentando download direto...
2026-03-10 16:17:06 | WARNING  | __main__:_handle_report_tab:72 - Falha no download direto, tentando via aba: Timeout 15000ms exceeded while waiting for event "download"
=========================== logs ===========================
waiting for event "download"
============================================================
2026-03-10 16:17:06 | INFO     | __main__:_handle_report_tab:84 - Relatório PDF em aba: https://storage.googleapis.com/storagescrapings.appspot.com/ecac/49586312000118/situacao-fiscal-2026-03-10-62652792000136-5012149576248263428.pdf. Baixando via request...
2026-03-10 16:17:06 | INFO     | __main__:_handle_report_tab:103 - Texto extraído (3349 chars). Analisando débitos e omissões...
2026-03-10 16:17:06 | DEBUG    | __main__:extract_pendencias:173 - DEBUG CELLS: ['ANJU PARICIPACOES LIMITADA', '11233811000159', 'Pendência', '', 'Ver', 'Atualizar']
2026-03-10 16:17:06 | INFO     | __main__:extract_pendencias:184 - [18] Processando: ANJU PARICIPACOES LIMITADA (11233811000159)
2026-03-10 16:17:06 | INFO     | __main__:_handle_report_tab:42 - Iniciando captura de relatório...
2026-03-10 16:17:06 | DEBUG    | __main__:_handle_report_tab:46 - Verificando botão antes do clique: {'onclick': None, 'href': 'https://storage.googleapis.com/storagescrapings.appspot.com/ecac/49586312000118/situacao-fiscal-2026-03-10-11233811000159--1434654757235908933.pdf', 'text': '', 'download': True}
2026-03-10 16:17:08 | INFO     | __main__:_handle_report_tab:59 - Detectado link de PDF. Tentando download direto...
2026-03-10 16:17:23 | WARNING  | __main__:_handle_report_tab:72 - Falha no download direto, tentando via aba: Timeout 15000ms exceeded while waiting for event "download"
=========================== logs ===========================
waiting for event "download"
============================================================
2026-03-10 16:17:23 | INFO     | __main__:_handle_report_tab:84 - Relatório PDF em aba: https://storage.googleapis.com/storagescrapings.appspot.com/ecac/49586312000118/situacao-fiscal-2026-03-10-11233811000159--1434654757235908933.pdf. Baixando via request...
2026-03-10 16:17:23 | INFO     | __main__:_handle_report_tab:103 - Texto extraído (2102 chars). Analisando débitos e omissões...
2026-03-10 16:17:23 | WARNING  | __main__:extract_pendencias:202 - Lote de 2 atingido. Reiniciando sessão...
2026-03-10 16:17:23 | INFO     | __main__:extract_pendencias:123 - --- INICIANDO SESSÃO (Batch 10, Página 1) ---
2026-03-10 16:17:25 | INFO     | __main__:_login:21 - Navegando para o login em https://49586312000118.veri.com.br//login
2026-03-10 16:17:26 | INFO     | __main__:_login:24 - Inserindo credenciais...
2026-03-10 16:17:27 | INFO     | __main__:_login:34 - Aguardando carregamento da área restrita...
2026-03-10 16:17:32 | SUCCESS  | __main__:_login:37 - Logado com sucesso (aparentemente).
2026-03-10 16:17:32 | INFO     | __main__:extract_pendencias:145 - Navegando para lista geral (Resumo na pág 1)...
2026-03-10 16:17:34 | INFO     | __main__:extract_pendencias:158 - Processando página 1...
2026-03-10 16:17:34 | INFO     | __main__:extract_pendencias:161 - Encontradas 12 empresas com Pendência na página 1
2026-03-10 16:17:34 | DEBUG    | __main__:extract_pendencias:173 - DEBUG CELLS: ['AG VINHOS E GASTRONOMIA LTDA', '62652792000136', 'Pendência', '', 'Ver', 'Atualizar']
2026-03-10 16:17:34 | INFO     | __main__:extract_pendencias:184 - [19] Processando: AG VINHOS E GASTRONOMIA LTDA (62652792000136)
2026-03-10 16:17:34 | INFO     | __main__:_handle_report_tab:42 - Iniciando captura de relatório...
2026-03-10 16:17:34 | DEBUG    | __main__:_handle_report_tab:46 - Verificando botão antes do clique: {'onclick': None, 'href': 'https://storage.googleapis.com/storagescrapings.appspot.com/ecac/49586312000118/situacao-fiscal-2026-03-10-62652792000136-5012149576248263428.pdf', 'text': '', 'download': True}
2026-03-10 16:17:34 | INFO     | __main__:_handle_report_tab:59 - Detectado link de PDF. Tentando download direto...
2026-03-10 16:17:49 | WARNING  | __main__:_handle_report_tab:72 - Falha no download direto, tentando via aba: Timeout 15000ms exceeded while waiting for event "download"
=========================== logs ===========================
waiting for event "download"
============================================================
2026-03-10 16:17:49 | INFO     | __main__:_handle_report_tab:84 - Relatório PDF em aba: https://storage.googleapis.com/storagescrapings.appspot.com/ecac/49586312000118/situacao-fiscal-2026-03-10-62652792000136-5012149576248263428.pdf. Baixando via request...
2026-03-10 16:17:50 | INFO     | __main__:_handle_report_tab:103 - Texto extraído (3349 chars). Analisando débitos e omissões...
2026-03-10 16:17:50 | DEBUG    | __main__:extract_pendencias:173 - DEBUG CELLS: ['ANJU PARICIPACOES LIMITADA', '11233811000159', 'Pendência', '', 'Ver', 'Atualizar']
2026-03-10 16:17:50 | INFO     | __main__:extract_pendencias:184 - [20] Processando: ANJU PARICIPACOES LIMITADA (11233811000159)
2026-03-10 16:17:50 | INFO     | __main__:_handle_report_tab:42 - Iniciando captura de relatório...
2026-03-10 16:17:50 | DEBUG    | __main__:_handle_report_tab:46 - Verificando botão antes do clique: {'onclick': None, 'href': 'https://storage.googleapis.com/storagescrapings.appspot.com/ecac/49586312000118/situacao-fiscal-2026-03-10-11233811000159--1434654757235908933.pdf', 'text': '', 'download': True}
2026-03-10 16:17:51 | INFO     | __main__:_handle_report_tab:59 - Detectado link de PDF. Tentando download direto...
2026-03-10 16:18:06 | WARNING  | __main__:_handle_report_tab:72 - Falha no download direto, tentando via aba: Timeout 15000ms exceeded while waiting for event "download"
=========================== logs ===========================
waiting for event "download"
============================================================
2026-03-10 16:18:06 | INFO     | __main__:_handle_report_tab:84 - Relatório PDF em aba: https://storage.googleapis.com/storagescrapings.appspot.com/ecac/49586312000118/situacao-fiscal-2026-03-10-11233811000159--1434654757235908933.pdf. Baixando via request...
2026-03-10 16:18:07 | INFO     | __main__:_handle_report_tab:103 - Texto extraído (2102 chars). Analisando débitos e omissões...
2026-03-10 16:18:07 | WARNING  | __main__:extract_pendencias:202 - Lote de 2 atingido. Reiniciando sessão...
2026-03-10 16:18:07 | INFO     | __main__:extract_pendencias:123 - --- INICIANDO SESSÃO (Batch 11, Página 1) ---
2026-03-10 16:18:08 | INFO     | __main__:_login:21 - Navegando para o login em https://49586312000118.veri.com.br//login
2026-03-10 16:18:11 | INFO     | __main__:_login:24 - Inserindo credenciais...
2026-03-10 16:18:11 | INFO     | __main__:_login:34 - Aguardando carregamento da área restrita...
2026-03-10 16:18:11 | ERROR    | __main__:extract_pendencias:225 - Erro Crítico na sessão: Target page, context or browser has been closed
2026-03-10 16:40:21 | INFO     | __main__:extract_pendencias:123 - --- INICIANDO SESSÃO (Batch 1, Página 1) ---
2026-03-10 16:40:23 | INFO     | __main__:_login:21 - Navegando para o login em https://49586312000118.veri.com.br//login
2026-03-10 16:40:25 | INFO     | __main__:_login:24 - Inserindo credenciais...
2026-03-10 16:40:26 | INFO     | __main__:_login:34 - Aguardando carregamento da área restrita...
2026-03-10 16:40:34 | SUCCESS  | __main__:_login:37 - Logado com sucesso (aparentemente).
2026-03-10 16:40:34 | INFO     | __main__:extract_pendencias:145 - Navegando para lista geral (Resumo na pág 1)...
2026-03-10 16:40:36 | INFO     | __main__:extract_pendencias:158 - Processando página 1...
2026-03-10 16:40:36 | INFO     | __main__:extract_pendencias:161 - Encontradas 12 empresas com Pendência na página 1
2026-03-10 16:40:36 | INFO     | __main__:extract_pendencias:183 - [1] Processando: AG VINHOS E GASTRONOMIA LTDA (62652792000136)
2026-03-10 16:40:36 | INFO     | __main__:_handle_report_tab:42 - Iniciando captura de relatório...
2026-03-10 16:40:36 | DEBUG    | __main__:_handle_report_tab:46 - Verificando botão antes do clique: {'onclick': None, 'href': 'https://storage.googleapis.com/storagescrapings.appspot.com/ecac/49586312000118/situacao-fiscal-2026-03-10-62652792000136-5012149576248263428.pdf', 'text': '', 'download': True}
2026-03-10 16:40:36 | INFO     | __main__:_handle_report_tab:59 - Detectado link de PDF. Tentando download direto...
2026-03-10 16:40:51 | WARNING  | __main__:_handle_report_tab:72 - Falha no download direto, tentando via aba: Timeout 15000ms exceeded while waiting for event "download"
=========================== logs ===========================
waiting for event "download"
============================================================
2026-03-10 16:40:51 | INFO     | __main__:_handle_report_tab:84 - Relatório PDF em aba: https://storage.googleapis.com/storagescrapings.appspot.com/ecac/49586312000118/situacao-fiscal-2026-03-10-62652792000136-5012149576248263428.pdf. Baixando via request...
2026-03-10 16:40:51 | INFO     | __main__:_handle_report_tab:103 - Texto extraído (3349 chars). Analisando débitos e omissões...
2026-03-10 16:40:52 | INFO     | __main__:extract_pendencias:183 - [2] Processando: ANJU PARICIPACOES LIMITADA (11233811000159)
2026-03-10 16:40:52 | INFO     | __main__:_handle_report_tab:42 - Iniciando captura de relatório...
2026-03-10 16:40:52 | DEBUG    | __main__:_handle_report_tab:46 - Verificando botão antes do clique: {'onclick': None, 'href': 'https://storage.googleapis.com/storagescrapings.appspot.com/ecac/49586312000118/situacao-fiscal-2026-03-10-11233811000159--1434654757235908933.pdf', 'text': '', 'download': True}
2026-03-10 16:40:53 | INFO     | __main__:_handle_report_tab:59 - Detectado link de PDF. Tentando download direto...
2026-03-10 16:41:08 | WARNING  | __main__:_handle_report_tab:72 - Falha no download direto, tentando via aba: Timeout 15000ms exceeded while waiting for event "download"
=========================== logs ===========================
waiting for event "download"
============================================================
2026-03-10 16:41:08 | INFO     | __main__:_handle_report_tab:84 - Relatório PDF em aba: https://storage.googleapis.com/storagescrapings.appspot.com/ecac/49586312000118/situacao-fiscal-2026-03-10-11233811000159--1434654757235908933.pdf. Baixando via request...
2026-03-10 16:41:08 | INFO     | __main__:_handle_report_tab:103 - Texto extraído (2102 chars). Analisando débitos e omissões...
2026-03-10 16:41:08 | INFO     | __main__:extract_pendencias:183 - [3] Processando: ARCO APOIO RODOVIARIO COLETIVO SA (16199705000110)
2026-03-10 16:41:08 | INFO     | __main__:_handle_report_tab:42 - Iniciando captura de relatório...
2026-03-10 16:41:08 | DEBUG    | __main__:_handle_report_tab:46 - Verificando botão antes do clique: {'onclick': None, 'href': 'https://storage.googleapis.com/storagescrapings.appspot.com/ecac/49586312000118/situacao-fiscal-2026-03-10-16199705000110-666365238563220107.pdf', 'text': '', 'download': True}
2026-03-10 16:41:10 | INFO     | __main__:_handle_report_tab:59 - Detectado link de PDF. Tentando download direto...
2026-03-10 16:41:25 | WARNING  | __main__:_handle_report_tab:72 - Falha no download direto, tentando via aba: Timeout 15000ms exceeded while waiting for event "download"
=========================== logs ===========================
waiting for event "download"
============================================================
2026-03-10 16:41:25 | INFO     | __main__:_handle_report_tab:84 - Relatório PDF em aba: https://storage.googleapis.com/storagescrapings.appspot.com/ecac/49586312000118/situacao-fiscal-2026-03-10-16199705000110-666365238563220107.pdf. Baixando via request...
2026-03-10 16:41:25 | INFO     | __main__:_handle_report_tab:103 - Texto extraído (2219 chars). Analisando débitos e omissões...
2026-03-10 16:41:25 | WARNING  | __main__:_handle_report_tab:107 - SiefParser não encontrou pendências no texto. Primeiros 200 chars: MINISTÉRIO DA ECONOMIA Por meio do Integra Contador
SECRETARIA ESPECIAL DA RECEITA FEDERAL DO BRASIL Autor pedido: 49.586.312/0001-18. Contratante: 28.408.293/0001-60
PROCURADORIA-GERAL DA FAZENDA NAC
2026-03-10 16:41:25 | INFO     | __main__:extract_pendencias:183 - [4] Processando: BAHIA FARMS INVESTIMENTOS AGRICOLAS LTDA (09106487000166)
2026-03-10 16:41:25 | INFO     | __main__:_handle_report_tab:42 - Iniciando captura de relatório...
2026-03-10 16:41:25 | DEBUG    | __main__:_handle_report_tab:46 - Verificando botão antes do clique: {'onclick': None, 'href': 'https://storage.googleapis.com/storagescrapings.appspot.com/ecac/49586312000118/situacao-fiscal-2026-03-10-09106487000166-5359464979467263675.pdf', 'text': '', 'download': True}
2026-03-10 16:41:27 | INFO     | __main__:_handle_report_tab:59 - Detectado link de PDF. Tentando download direto...
2026-03-10 16:41:42 | WARNING  | __main__:_handle_report_tab:72 - Falha no download direto, tentando via aba: Timeout 15000ms exceeded while waiting for event "download"
=========================== logs ===========================
waiting for event "download"
============================================================
2026-03-10 16:41:42 | INFO     | __main__:_handle_report_tab:84 - Relatório PDF em aba: https://storage.googleapis.com/storagescrapings.appspot.com/ecac/49586312000118/situacao-fiscal-2026-03-10-09106487000166-5359464979467263675.pdf. Baixando via request...
2026-03-10 16:41:43 | INFO     | __main__:_handle_report_tab:103 - Texto extraído (16952 chars). Analisando débitos e omissões...
2026-03-10 16:41:43 | INFO     | __main__:extract_pendencias:183 - [5] Processando: BAHIA LAND CONSULTORIA DE NEGOCIOS E INVESTIMENTOS LTDA (09023277000104)
2026-03-10 16:41:43 | INFO     | __main__:_handle_report_tab:42 - Iniciando captura de relatório...
2026-03-10 16:41:43 | DEBUG    | __main__:_handle_report_tab:46 - Verificando botão antes do clique: {'onclick': None, 'href': 'https://storage.googleapis.com/storagescrapings.appspot.com/ecac/49586312000118/situacao-fiscal-2026-03-10-09023277000104-8160357367426442283.pdf', 'text': '', 'download': True}
2026-03-10 16:41:44 | INFO     | __main__:_handle_report_tab:59 - Detectado link de PDF. Tentando download direto...
2026-03-10 16:41:59 | WARNING  | __main__:_handle_report_tab:72 - Falha no download direto, tentando via aba: Timeout 15000ms exceeded while waiting for event "download"
=========================== logs ===========================
waiting for event "download"
============================================================
2026-03-10 16:41:59 | INFO     | __main__:_handle_report_tab:84 - Relatório PDF em aba: https://storage.googleapis.com/storagescrapings.appspot.com/ecac/49586312000118/situacao-fiscal-2026-03-10-09023277000104-8160357367426442283.pdf. Baixando via request...
2026-03-10 16:41:59 | INFO     | __main__:_handle_report_tab:103 - Texto extraído (2385 chars). Analisando débitos e omissões...
2026-03-10 16:41:59 | INFO     | __main__:extract_pendencias:183 - [6] Processando: BLANCO IMOBILIARIA E ADMINISTRADORA LTDA (06915315000145)
2026-03-10 16:41:59 | INFO     | __main__:_handle_report_tab:42 - Iniciando captura de relatório...
2026-03-10 16:41:59 | DEBUG    | __main__:_handle_report_tab:46 - Verificando botão antes do clique: {'onclick': None, 'href': 'https://storage.googleapis.com/storagescrapings.appspot.com/ecac/49586312000118/situacao-fiscal-2026-03-10-06915315000145-4069201878538756051.pdf', 'text': '', 'download': True}
2026-03-10 16:42:01 | INFO     | __main__:_handle_report_tab:59 - Detectado link de PDF. Tentando download direto...
2026-03-10 16:42:16 | WARNING  | __main__:_handle_report_tab:72 - Falha no download direto, tentando via aba: Timeout 15000ms exceeded while waiting for event "download"
=========================== logs ===========================
waiting for event "download"
============================================================
2026-03-10 16:42:16 | INFO     | __main__:_handle_report_tab:84 - Relatório PDF em aba: https://storage.googleapis.com/storagescrapings.appspot.com/ecac/49586312000118/situacao-fiscal-2026-03-10-06915315000145-4069201878538756051.pdf. Baixando via request...
2026-03-10 16:42:17 | INFO     | __main__:_handle_report_tab:103 - Texto extraído (11145 chars). Analisando débitos e omissões...
2026-03-10 16:42:17 | INFO     | __main__:extract_pendencias:183 - [7] Processando: CAMILLA PINON ALPHONSE KARR (25196780000118)
2026-03-10 16:42:17 | INFO     | __main__:_handle_report_tab:42 - Iniciando captura de relatório...
2026-03-10 16:42:17 | DEBUG    | __main__:_handle_report_tab:46 - Verificando botão antes do clique: {'onclick': None, 'href': 'https://storage.googleapis.com/storagescrapings.appspot.com/ecac/49586312000118/situacao-fiscal-2026-03-10-25196780000118--7596971299314324112.pdf', 'text': '', 'download': True}
2026-03-10 16:42:18 | INFO     | __main__:_handle_report_tab:59 - Detectado link de PDF. Tentando download direto...
2026-03-10 16:42:33 | WARNING  | __main__:_handle_report_tab:72 - Falha no download direto, tentando via aba: Timeout 15000ms exceeded while waiting for event "download"
=========================== logs ===========================
waiting for event "download"
============================================================
2026-03-10 16:42:33 | INFO     | __main__:_handle_report_tab:84 - Relatório PDF em aba: https://storage.googleapis.com/storagescrapings.appspot.com/ecac/49586312000118/situacao-fiscal-2026-03-10-25196780000118--7596971299314324112.pdf. Baixando via request...
2026-03-10 16:42:33 | INFO     | __main__:_handle_report_tab:103 - Texto extraído (3326 chars). Analisando débitos e omissões...
2026-03-10 16:42:33 | INFO     | __main__:extract_pendencias:183 - [8] Processando: CCA REPARACAO DE CALCADOS E BOLSAS LTDA (04778322000117)
2026-03-10 16:42:33 | INFO     | __main__:_handle_report_tab:42 - Iniciando captura de relatório...
2026-03-10 16:42:33 | DEBUG    | __main__:_handle_report_tab:46 - Verificando botão antes do clique: {'onclick': None, 'href': 'https://storage.googleapis.com/storagescrapings.appspot.com/ecac/49586312000118/situacao-fiscal-2026-03-10-04778322000117-4399378195667265436.pdf', 'text': '', 'download': True}
2026-03-10 16:42:35 | INFO     | __main__:_handle_report_tab:59 - Detectado link de PDF. Tentando download direto...
2026-03-10 16:42:50 | WARNING  | __main__:_handle_report_tab:72 - Falha no download direto, tentando via aba: Timeout 15000ms exceeded while waiting for event "download"
=========================== logs ===========================
waiting for event "download"
============================================================
2026-03-10 16:42:50 | INFO     | __main__:_handle_report_tab:84 - Relatório PDF em aba: https://storage.googleapis.com/storagescrapings.appspot.com/ecac/49586312000118/situacao-fiscal-2026-03-10-04778322000117-4399378195667265436.pdf. Baixando via request...
2026-03-10 16:42:51 | INFO     | __main__:_handle_report_tab:103 - Texto extraído (10490 chars). Analisando débitos e omissões...
2026-03-10 16:42:51 | INFO     | __main__:extract_pendencias:183 - [9] Processando: CEMECOR CENTRO MEDICO CARDIOLOGICO S/C LTDA (00807080000191)
2026-03-10 16:42:51 | INFO     | __main__:_handle_report_tab:42 - Iniciando captura de relatório...
2026-03-10 16:42:51 | DEBUG    | __main__:_handle_report_tab:46 - Verificando botão antes do clique: {'onclick': None, 'href': 'https://storage.googleapis.com/storagescrapings.appspot.com/ecac/49586312000118/situacao-fiscal-2026-03-10-00807080000191-4093500059623742596.pdf', 'text': '', 'download': True}
2026-03-10 16:42:52 | INFO     | __main__:_handle_report_tab:59 - Detectado link de PDF. Tentando download direto...
2026-03-10 16:43:07 | WARNING  | __main__:_handle_report_tab:72 - Falha no download direto, tentando via aba: Timeout 15000ms exceeded while waiting for event "download"
=========================== logs ===========================
waiting for event "download"
============================================================
2026-03-10 16:43:07 | INFO     | __main__:_handle_report_tab:84 - Relatório PDF em aba: https://storage.googleapis.com/storagescrapings.appspot.com/ecac/49586312000118/situacao-fiscal-2026-03-10-00807080000191-4093500059623742596.pdf. Baixando via request...
2026-03-10 16:43:08 | INFO     | __main__:_handle_report_tab:103 - Texto extraído (6475 chars). Analisando débitos e omissões...
2026-03-10 16:43:08 | INFO     | __main__:extract_pendencias:183 - [10] Processando: CENTRAL DO DENTE - CLINICA ODONTOLOGICA LTDA (08154181000112)
2026-03-10 16:43:08 | INFO     | __main__:_handle_report_tab:42 - Iniciando captura de relatório...
2026-03-10 16:43:08 | DEBUG    | __main__:_handle_report_tab:46 - Verificando botão antes do clique: {'onclick': None, 'href': 'https://storage.googleapis.com/storagescrapings.appspot.com/ecac/49586312000118/situacao-fiscal-2026-03-10-08154181000112--148977977699984578.pdf', 'text': '', 'download': True}
2026-03-10 16:43:09 | INFO     | __main__:_handle_report_tab:59 - Detectado link de PDF. Tentando download direto...
2026-03-10 16:43:24 | WARNING  | __main__:_handle_report_tab:72 - Falha no download direto, tentando via aba: Timeout 15000ms exceeded while waiting for event "download"
=========================== logs ===========================
waiting for event "download"
============================================================
2026-03-10 16:43:24 | INFO     | __main__:_handle_report_tab:84 - Relatório PDF em aba: https://storage.googleapis.com/storagescrapings.appspot.com/ecac/49586312000118/situacao-fiscal-2026-03-10-08154181000112--148977977699984578.pdf. Baixando via request...
2026-03-10 16:43:26 | INFO     | __main__:_handle_report_tab:103 - Texto extraído (34978 chars). Analisando débitos e omissões...
2026-03-10 16:43:26 | INFO     | __main__:extract_pendencias:183 - [11] Processando: CERAMICA REAL LTDA (14757660000126)
2026-03-10 16:43:26 | INFO     | __main__:_handle_report_tab:42 - Iniciando captura de relatório...
2026-03-10 16:43:26 | DEBUG    | __main__:_handle_report_tab:46 - Verificando botão antes do clique: {'onclick': None, 'href': 'https://storage.googleapis.com/storagescrapings.appspot.com/ecac/49586312000118/situacao-fiscal-2026-03-10-14757660000126--1900564368575895589.pdf', 'text': '', 'download': True}
2026-03-10 16:43:27 | INFO     | __main__:_handle_report_tab:59 - Detectado link de PDF. Tentando download direto...
2026-03-10 16:43:42 | WARNING  | __main__:_handle_report_tab:72 - Falha no download direto, tentando via aba: Timeout 15000ms exceeded while waiting for event "download"
=========================== logs ===========================
waiting for event "download"
============================================================
2026-03-10 16:43:42 | INFO     | __main__:_handle_report_tab:84 - Relatório PDF em aba: https://storage.googleapis.com/storagescrapings.appspot.com/ecac/49586312000118/situacao-fiscal-2026-03-10-14757660000126--1900564368575895589.pdf. Baixando via request...
2026-03-10 16:43:43 | INFO     | __main__:_handle_report_tab:103 - Texto extraído (2751 chars). Analisando débitos e omissões...
2026-03-10 16:43:43 | INFO     | __main__:extract_pendencias:183 - [12] Processando: CLIMACONTTROL AR CONDICIONADOS LTDA (42159055000199)
2026-03-10 16:43:43 | INFO     | __main__:_handle_report_tab:42 - Iniciando captura de relatório...
2026-03-10 16:43:43 | DEBUG    | __main__:_handle_report_tab:46 - Verificando botão antes do clique: {'onclick': None, 'href': 'https://storage.googleapis.com/storagescrapings.appspot.com/ecac/49586312000118/situacao-fiscal-2026-03-10-42159055000199--6470727640077017110.pdf', 'text': '', 'download': True}
2026-03-10 16:43:44 | INFO     | __main__:_handle_report_tab:59 - Detectado link de PDF. Tentando download direto...
2026-03-10 16:43:59 | WARNING  | __main__:_handle_report_tab:72 - Falha no download direto, tentando via aba: Timeout 15000ms exceeded while waiting for event "download"
=========================== logs ===========================
waiting for event "download"
============================================================
2026-03-10 16:43:59 | INFO     | __main__:_handle_report_tab:84 - Relatório PDF em aba: https://storage.googleapis.com/storagescrapings.appspot.com/ecac/49586312000118/situacao-fiscal-2026-03-10-42159055000199--6470727640077017110.pdf. Baixando via request...
2026-03-10 16:44:00 | INFO     | __main__:_handle_report_tab:103 - Texto extraído (3316 chars). Analisando débitos e omissões...
2026-03-10 16:44:01 | INFO     | __main__:extract_pendencias:158 - Processando página 2...
2026-03-10 16:44:01 | INFO     | __main__:extract_pendencias:161 - Encontradas 12 empresas com Pendência na página 2
2026-03-10 16:44:01 | INFO     | __main__:extract_pendencias:183 - [13] Processando: CMNR PATRIMONIAL LTDA. (14429350000182)
2026-03-10 16:44:01 | INFO     | __main__:_handle_report_tab:42 - Iniciando captura de relatório...
2026-03-10 16:44:01 | DEBUG    | __main__:_handle_report_tab:46 - Verificando botão antes do clique: {'onclick': None, 'href': 'https://storage.googleapis.com/storagescrapings.appspot.com/ecac/49586312000118/situacao-fiscal-2026-03-10-14429350000182-7855317242631984248.pdf', 'text': '', 'download': True}
2026-03-10 16:44:03 | INFO     | __main__:_handle_report_tab:59 - Detectado link de PDF. Tentando download direto...
2026-03-10 16:44:18 | WARNING  | __main__:_handle_report_tab:72 - Falha no download direto, tentando via aba: Timeout 15000ms exceeded while waiting for event "download"
=========================== logs ===========================
waiting for event "download"
============================================================
2026-03-10 16:44:19 | INFO     | __main__:_handle_report_tab:84 - Relatório PDF em aba: https://storage.googleapis.com/storagescrapings.appspot.com/ecac/49586312000118/situacao-fiscal-2026-03-10-14429350000182-7855317242631984248.pdf. Baixando via request...
2026-03-10 16:44:19 | INFO     | __main__:_handle_report_tab:103 - Texto extraído (3263 chars). Analisando débitos e omissões...
2026-03-10 16:44:19 | INFO     | __main__:extract_pendencias:183 - [14] Processando: CORPORATIVA REVESTIMENTOS METALICOS LTDA (44573989000106)
2026-03-10 16:44:19 | INFO     | __main__:_handle_report_tab:42 - Iniciando captura de relatório...
2026-03-10 16:44:19 | DEBUG    | __main__:_handle_report_tab:46 - Verificando botão antes do clique: {'onclick': None, 'href': 'https://storage.googleapis.com/storagescrapings.appspot.com/ecac/49586312000118/situacao-fiscal-2026-03-10-44573989000106--7177454262988630277.pdf', 'text': '', 'download': True}
2026-03-10 16:44:20 | INFO     | __main__:_handle_report_tab:59 - Detectado link de PDF. Tentando download direto...
2026-03-10 16:44:35 | WARNING  | __main__:_handle_report_tab:72 - Falha no download direto, tentando via aba: Timeout 15000ms exceeded while waiting for event "download"
=========================== logs ===========================
waiting for event "download"
============================================================
2026-03-10 16:44:36 | INFO     | __main__:_handle_report_tab:84 - Relatório PDF em aba: https://storage.googleapis.com/storagescrapings.appspot.com/ecac/49586312000118/situacao-fiscal-2026-03-10-44573989000106--7177454262988630277.pdf. Baixando via request...
2026-03-10 16:44:36 | INFO     | __main__:_handle_report_tab:103 - Texto extraído (7991 chars). Analisando débitos e omissões...
2026-03-10 16:44:36 | INFO     | __main__:extract_pendencias:183 - [15] Processando: D L COMERCIO DE ALIMENTOS LTDA (28590601000110)
2026-03-10 16:44:36 | INFO     | __main__:_handle_report_tab:42 - Iniciando captura de relatório...
2026-03-10 16:44:36 | DEBUG    | __main__:_handle_report_tab:46 - Verificando botão antes do clique: {'onclick': None, 'href': 'https://storage.googleapis.com/storagescrapings.appspot.com/ecac/49586312000118/situacao-fiscal-2026-03-10-28590601000110-5233552800627528238.pdf', 'text': '', 'download': True}
2026-03-10 16:44:37 | INFO     | __main__:_handle_report_tab:59 - Detectado link de PDF. Tentando download direto...
2026-03-10 16:44:52 | WARNING  | __main__:_handle_report_tab:72 - Falha no download direto, tentando via aba: Timeout 15000ms exceeded while waiting for event "download"
=========================== logs ===========================
waiting for event "download"
============================================================
2026-03-10 16:44:53 | INFO     | __main__:_handle_report_tab:84 - Relatório PDF em aba: https://storage.googleapis.com/storagescrapings.appspot.com/ecac/49586312000118/situacao-fiscal-2026-03-10-28590601000110-5233552800627528238.pdf. Baixando via request...
2026-03-10 16:44:53 | INFO     | __main__:_handle_report_tab:103 - Texto extraído (23288 chars). Analisando débitos e omissões...
2026-03-10 16:44:53 | INFO     | __main__:extract_pendencias:183 - [16] Processando: D. A. MACEDO (15360279000272)
2026-03-10 16:44:53 | INFO     | __main__:_handle_report_tab:42 - Iniciando captura de relatório...
2026-03-10 16:44:53 | DEBUG    | __main__:_handle_report_tab:46 - Verificando botão antes do clique: {'onclick': None, 'href': 'https://storage.googleapis.com/storagescrapings.appspot.com/ecac/49586312000118/situacao-fiscal-2026-03-10-15360279000272--7191671351169571868.pdf', 'text': '', 'download': True}
2026-03-10 16:44:55 | INFO     | __main__:_handle_report_tab:59 - Detectado link de PDF. Tentando download direto...
2026-03-10 16:45:10 | WARNING  | __main__:_handle_report_tab:72 - Falha no download direto, tentando via aba: Timeout 15000ms exceeded while waiting for event "download"
=========================== logs ===========================
waiting for event "download"
============================================================
2026-03-10 16:45:11 | INFO     | __main__:_handle_report_tab:84 - Relatório PDF em aba: https://storage.googleapis.com/storagescrapings.appspot.com/ecac/49586312000118/situacao-fiscal-2026-03-10-15360279000272--7191671351169571868.pdf. Baixando via request...
2026-03-10 16:45:11 | INFO     | __main__:_handle_report_tab:103 - Texto extraído (5835 chars). Analisando débitos e omissões...
2026-03-10 16:45:11 | INFO     | __main__:extract_pendencias:183 - [17] Processando: DARCYDIAS REPRESENTACOES LTDA MICRO EMPRESA (13709910000190)
2026-03-10 16:45:11 | INFO     | __main__:_handle_report_tab:42 - Iniciando captura de relatório...
2026-03-10 16:45:11 | DEBUG    | __main__:_handle_report_tab:46 - Verificando botão antes do clique: {'onclick': None, 'href': 'https://storage.googleapis.com/storagescrapings.appspot.com/ecac/49586312000118/situacao-fiscal-2026-03-10-13709910000190--8485762134540802554.pdf', 'text': '', 'download': True}
2026-03-10 16:45:12 | INFO     | __main__:_handle_report_tab:59 - Detectado link de PDF. Tentando download direto...
2026-03-10 16:45:28 | WARNING  | __main__:_handle_report_tab:72 - Falha no download direto, tentando via aba: Timeout 15000ms exceeded while waiting for event "download"
=========================== logs ===========================
waiting for event "download"
============================================================
2026-03-10 16:45:28 | INFO     | __main__:_handle_report_tab:84 - Relatório PDF em aba: https://storage.googleapis.com/storagescrapings.appspot.com/ecac/49586312000118/situacao-fiscal-2026-03-10-13709910000190--8485762134540802554.pdf. Baixando via request...
2026-03-10 16:45:28 | INFO     | __main__:_handle_report_tab:103 - Texto extraído (17493 chars). Analisando débitos e omissões...
2026-03-10 16:45:28 | INFO     | __main__:extract_pendencias:183 - [18] Processando: DELTALINE SERVICOS LTDA. (01813680000125)
2026-03-10 16:45:28 | INFO     | __main__:_handle_report_tab:42 - Iniciando captura de relatório...
2026-03-10 16:45:28 | DEBUG    | __main__:_handle_report_tab:46 - Verificando botão antes do clique: {'onclick': None, 'href': 'https://storage.googleapis.com/storagescrapings.appspot.com/ecac/49586312000118/situacao-fiscal-2026-03-10-01813680000125-1255024317087163651.pdf', 'text': '', 'download': True}
2026-03-10 16:45:30 | INFO     | __main__:_handle_report_tab:59 - Detectado link de PDF. Tentando download direto...
2026-03-10 16:45:45 | WARNING  | __main__:_handle_report_tab:72 - Falha no download direto, tentando via aba: Timeout 15000ms exceeded while waiting for event "download"
=========================== logs ===========================
waiting for event "download"
============================================================
2026-03-10 16:45:45 | INFO     | __main__:_handle_report_tab:84 - Relatório PDF em aba: https://storage.googleapis.com/storagescrapings.appspot.com/ecac/49586312000118/situacao-fiscal-2026-03-10-01813680000125-1255024317087163651.pdf. Baixando via request...
2026-03-10 16:45:45 | INFO     | __main__:_handle_report_tab:103 - Texto extraído (2151 chars). Analisando débitos e omissões...
2026-03-10 16:45:45 | WARNING  | __main__:_handle_report_tab:107 - SiefParser não encontrou pendências no texto. Primeiros 200 chars: MINISTÉRIO DA ECONOMIA Por meio do Integra Contador
SECRETARIA ESPECIAL DA RECEITA FEDERAL DO BRASIL Autor pedido: 49.586.312/0001-18. Contratante: 28.408.293/0001-60
PROCURADORIA-GERAL DA FAZENDA NAC
2026-03-10 16:45:45 | INFO     | __main__:extract_pendencias:183 - [19] Processando: EMPORIO ESSENCE COMERCIO LTDA (53077162000194)
2026-03-10 16:45:45 | INFO     | __main__:_handle_report_tab:42 - Iniciando captura de relatório...
2026-03-10 16:45:45 | DEBUG    | __main__:_handle_report_tab:46 - Verificando botão antes do clique: {'onclick': None, 'href': 'https://storage.googleapis.com/storagescrapings.appspot.com/ecac/49586312000118/situacao-fiscal-2026-03-10-53077162000194-719201574073775394.pdf', 'text': '', 'download': True}
2026-03-10 16:45:47 | INFO     | __main__:_handle_report_tab:59 - Detectado link de PDF. Tentando download direto...
2026-03-10 16:46:02 | WARNING  | __main__:_handle_report_tab:72 - Falha no download direto, tentando via aba: Timeout 15000ms exceeded while waiting for event "download"
=========================== logs ===========================
waiting for event "download"
============================================================
2026-03-10 16:46:02 | INFO     | __main__:_handle_report_tab:84 - Relatório PDF em aba: https://storage.googleapis.com/storagescrapings.appspot.com/ecac/49586312000118/situacao-fiscal-2026-03-10-53077162000194-719201574073775394.pdf. Baixando via request...
2026-03-10 16:46:02 | INFO     | __main__:_handle_report_tab:103 - Texto extraído (3008 chars). Analisando débitos e omissões...
2026-03-10 16:46:02 | INFO     | __main__:extract_pendencias:183 - [20] Processando: EXTERNATO MATER ET MAGISTRA E COM DE MAT DIDATICO LTDA (13064209000160)
2026-03-10 16:46:02 | INFO     | __main__:_handle_report_tab:42 - Iniciando captura de relatório...
2026-03-10 16:46:02 | DEBUG    | __main__:_handle_report_tab:46 - Verificando botão antes do clique: {'onclick': None, 'href': 'https://storage.googleapis.com/storagescrapings.appspot.com/ecac/49586312000118/situacao-fiscal-2026-03-10-13064209000160-9033764321059801937.pdf', 'text': '', 'download': True}
2026-03-10 16:46:04 | INFO     | __main__:_handle_report_tab:59 - Detectado link de PDF. Tentando download direto...
2026-03-10 16:46:19 | WARNING  | __main__:_handle_report_tab:72 - Falha no download direto, tentando via aba: Timeout 15000ms exceeded while waiting for event "download"
=========================== logs ===========================
waiting for event "download"
============================================================
2026-03-10 16:46:19 | INFO     | __main__:_handle_report_tab:84 - Relatório PDF em aba: https://storage.googleapis.com/storagescrapings.appspot.com/ecac/49586312000118/situacao-fiscal-2026-03-10-13064209000160-9033764321059801937.pdf. Baixando via request...
2026-03-10 16:46:20 | INFO     | __main__:_handle_report_tab:103 - Texto extraído (28382 chars). Analisando débitos e omissões...
2026-03-10 16:46:20 | INFO     | __main__:extract_pendencias:183 - [21] Processando: GUARAJUBAIMOB NEGOCIOS IMOBILIARIOS LTDA (27371776000174)
2026-03-10 16:46:20 | INFO     | __main__:_handle_report_tab:42 - Iniciando captura de relatório...
2026-03-10 16:46:20 | DEBUG    | __main__:_handle_report_tab:46 - Verificando botão antes do clique: {'onclick': None, 'href': 'https://storage.googleapis.com/storagescrapings.appspot.com/ecac/49586312000118/situacao-fiscal-2026-03-10-27371776000174--8631143167567687.pdf', 'text': '', 'download': True}
2026-03-10 16:46:22 | INFO     | __main__:_handle_report_tab:59 - Detectado link de PDF. Tentando download direto...
2026-03-10 16:46:37 | WARNING  | __main__:_handle_report_tab:72 - Falha no download direto, tentando via aba: Timeout 15000ms exceeded while waiting for event "download"
=========================== logs ===========================
waiting for event "download"
============================================================
2026-03-10 16:46:37 | INFO     | __main__:_handle_report_tab:84 - Relatório PDF em aba: https://storage.googleapis.com/storagescrapings.appspot.com/ecac/49586312000118/situacao-fiscal-2026-03-10-27371776000174--8631143167567687.pdf. Baixando via request...
2026-03-10 16:46:37 | INFO     | __main__:_handle_report_tab:103 - Texto extraído (3220 chars). Analisando débitos e omissões...
2026-03-10 16:46:37 | INFO     | __main__:extract_pendencias:183 - [22] Processando: HOTEIS E TURISMO ITAPOAN LTDA. (14309694000158)
2026-03-10 16:46:37 | INFO     | __main__:_handle_report_tab:42 - Iniciando captura de relatório...
2026-03-10 16:46:37 | DEBUG    | __main__:_handle_report_tab:46 - Verificando botão antes do clique: {'onclick': None, 'href': 'https://storage.googleapis.com/storagescrapings.appspot.com/ecac/49586312000118/situacao-fiscal-2026-03-10-14309694000158--3051862370828887515.pdf', 'text': '', 'download': True}
2026-03-10 16:46:39 | INFO     | __main__:_handle_report_tab:59 - Detectado link de PDF. Tentando download direto...
2026-03-10 16:46:54 | WARNING  | __main__:_handle_report_tab:72 - Falha no download direto, tentando via aba: Timeout 15000ms exceeded while waiting for event "download"
=========================== logs ===========================
waiting for event "download"
============================================================
2026-03-10 16:46:54 | INFO     | __main__:_handle_report_tab:84 - Relatório PDF em aba: https://storage.googleapis.com/storagescrapings.appspot.com/ecac/49586312000118/situacao-fiscal-2026-03-10-14309694000158--3051862370828887515.pdf. Baixando via request...
2026-03-10 16:46:55 | INFO     | __main__:_handle_report_tab:103 - Texto extraído (23783 chars). Analisando débitos e omissões...
2026-03-10 16:46:55 | INFO     | __main__:extract_pendencias:183 - [23] Processando: IMPACT SERVICES INTEGRADOS EM SOLUCOES INDUSTRIAIS LTDA (18953881000120)
2026-03-10 16:46:55 | INFO     | __main__:_handle_report_tab:42 - Iniciando captura de relatório...
2026-03-10 16:46:55 | DEBUG    | __main__:_handle_report_tab:46 - Verificando botão antes do clique: {'onclick': None, 'href': 'https://storage.googleapis.com/storagescrapings.appspot.com/ecac/49586312000118/situacao-fiscal-2026-03-10-18953881000120-4204661046928822989.pdf', 'text': '', 'download': True}
2026-03-10 16:46:56 | INFO     | __main__:_handle_report_tab:59 - Detectado link de PDF. Tentando download direto...
2026-03-10 16:47:11 | WARNING  | __main__:_handle_report_tab:72 - Falha no download direto, tentando via aba: Timeout 15000ms exceeded while waiting for event "download"
=========================== logs ===========================
waiting for event "download"
============================================================
2026-03-10 16:47:11 | INFO     | __main__:_handle_report_tab:84 - Relatório PDF em aba: https://storage.googleapis.com/storagescrapings.appspot.com/ecac/49586312000118/situacao-fiscal-2026-03-10-18953881000120-4204661046928822989.pdf. Baixando via request...
2026-03-10 16:47:11 | INFO     | __main__:_handle_report_tab:103 - Texto extraído (4731 chars). Analisando débitos e omissões...
2026-03-10 16:47:11 | INFO     | __main__:extract_pendencias:183 - [24] Processando: INSTITUTO MULHER LTDA (55147736000189)
2026-03-10 16:47:11 | INFO     | __main__:_handle_report_tab:42 - Iniciando captura de relatório...
2026-03-10 16:47:11 | DEBUG    | __main__:_handle_report_tab:46 - Verificando botão antes do clique: {'onclick': None, 'href': 'https://storage.googleapis.com/storagescrapings.appspot.com/ecac/49586312000118/situacao-fiscal-2026-03-10-55147736000189--3684094752955401983.pdf', 'text': '', 'download': True}
2026-03-10 16:47:13 | INFO     | __main__:_handle_report_tab:59 - Detectado link de PDF. Tentando download direto...
2026-03-10 16:47:28 | WARNING  | __main__:_handle_report_tab:72 - Falha no download direto, tentando via aba: Timeout 15000ms exceeded while waiting for event "download"
=========================== logs ===========================
waiting for event "download"
============================================================
2026-03-10 16:47:28 | INFO     | __main__:_handle_report_tab:84 - Relatório PDF em aba: https://storage.googleapis.com/storagescrapings.appspot.com/ecac/49586312000118/situacao-fiscal-2026-03-10-55147736000189--3684094752955401983.pdf. Baixando via request...
2026-03-10 16:47:28 | INFO     | __main__:_handle_report_tab:103 - Texto extraído (3434 chars). Analisando débitos e omissões...
2026-03-10 16:47:30 | INFO     | __main__:extract_pendencias:158 - Processando página 3...
2026-03-10 16:47:30 | INFO     | __main__:extract_pendencias:161 - Encontradas 17 empresas com Pendência na página 3
2026-03-10 16:47:30 | INFO     | __main__:extract_pendencias:183 - [25] Processando: J R J - SERVICOS MEDICOS E CIRURGICOS LTDA. (12756985000169)
2026-03-10 16:47:30 | INFO     | __main__:_handle_report_tab:42 - Iniciando captura de relatório...
2026-03-10 16:47:30 | DEBUG    | __main__:_handle_report_tab:46 - Verificando botão antes do clique: {'onclick': None, 'href': 'https://storage.googleapis.com/storagescrapings.appspot.com/ecac/49586312000118/situacao-fiscal-2026-03-10-12756985000169--9215023218627312563.pdf', 'text': '', 'download': True}
2026-03-10 16:47:32 | INFO     | __main__:_handle_report_tab:59 - Detectado link de PDF. Tentando download direto...
2026-03-10 16:47:47 | WARNING  | __main__:_handle_report_tab:72 - Falha no download direto, tentando via aba: Timeout 15000ms exceeded while waiting for event "download"
=========================== logs ===========================
waiting for event "download"
============================================================
2026-03-10 16:47:47 | INFO     | __main__:_handle_report_tab:84 - Relatório PDF em aba: https://storage.googleapis.com/storagescrapings.appspot.com/ecac/49586312000118/situacao-fiscal-2026-03-10-12756985000169--9215023218627312563.pdf. Baixando via request...
2026-03-10 16:47:48 | INFO     | __main__:_handle_report_tab:103 - Texto extraído (10509 chars). Analisando débitos e omissões...
2026-03-10 16:47:48 | INFO     | __main__:extract_pendencias:183 - [26] Processando: JEAR ENSINO MEDIO LTDA. (04607567000181)
2026-03-10 16:47:48 | INFO     | __main__:_handle_report_tab:42 - Iniciando captura de relatório...
2026-03-10 16:47:48 | DEBUG    | __main__:_handle_report_tab:46 - Verificando botão antes do clique: {'onclick': None, 'href': 'https://storage.googleapis.com/storagescrapings.appspot.com/ecac/49586312000118/situacao-fiscal-2026-03-10-04607567000181--4594092279673891863.pdf', 'text': '', 'download': True}
2026-03-10 16:47:49 | INFO     | __main__:_handle_report_tab:59 - Detectado link de PDF. Tentando download direto...
2026-03-10 16:48:04 | WARNING  | __main__:_handle_report_tab:72 - Falha no download direto, tentando via aba: Timeout 15000ms exceeded while waiting for event "download"
=========================== logs ===========================
waiting for event "download"
============================================================
2026-03-10 16:48:04 | INFO     | __main__:_handle_report_tab:84 - Relatório PDF em aba: https://storage.googleapis.com/storagescrapings.appspot.com/ecac/49586312000118/situacao-fiscal-2026-03-10-04607567000181--4594092279673891863.pdf. Baixando via request...
2026-03-10 16:48:05 | INFO     | __main__:_handle_report_tab:103 - Texto extraído (33535 chars). Analisando débitos e omissões...
2026-03-10 16:48:05 | INFO     | __main__:extract_pendencias:183 - [27] Processando: K T - ENSINO FUNDAMENTAL LTDA. (07008842000139)
2026-03-10 16:48:05 | INFO     | __main__:_handle_report_tab:42 - Iniciando captura de relatório...
2026-03-10 16:48:05 | DEBUG    | __main__:_handle_report_tab:46 - Verificando botão antes do clique: {'onclick': None, 'href': 'https://storage.googleapis.com/storagescrapings.appspot.com/ecac/49586312000118/situacao-fiscal-2026-03-10-07008842000139-143221830842184948.pdf', 'text': '', 'download': True}
2026-03-10 16:48:07 | INFO     | __main__:_handle_report_tab:59 - Detectado link de PDF. Tentando download direto...
2026-03-10 16:48:22 | WARNING  | __main__:_handle_report_tab:72 - Falha no download direto, tentando via aba: Timeout 15000ms exceeded while waiting for event "download"
=========================== logs ===========================
waiting for event "download"
============================================================
2026-03-10 16:48:22 | INFO     | __main__:_handle_report_tab:84 - Relatório PDF em aba: https://storage.googleapis.com/storagescrapings.appspot.com/ecac/49586312000118/situacao-fiscal-2026-03-10-07008842000139-143221830842184948.pdf. Baixando via request...
2026-03-10 16:48:22 | INFO     | __main__:_handle_report_tab:103 - Texto extraído (11646 chars). Analisando débitos e omissões...
2026-03-10 16:48:23 | INFO     | __main__:extract_pendencias:183 - [28] Processando: L F PATRIMONIAL EMPREENDIMENTOS LTDA (13341532000134)
2026-03-10 16:48:23 | INFO     | __main__:_handle_report_tab:42 - Iniciando captura de relatório...
2026-03-10 16:48:23 | DEBUG    | __main__:_handle_report_tab:46 - Verificando botão antes do clique: {'onclick': None, 'href': 'https://storage.googleapis.com/storagescrapings.appspot.com/ecac/49586312000118/situacao-fiscal-2026-03-10-13341532000134--9057564880433225874.pdf', 'text': '', 'download': True}
2026-03-10 16:48:24 | INFO     | __main__:_handle_report_tab:59 - Detectado link de PDF. Tentando download direto...
2026-03-10 16:48:39 | WARNING  | __main__:_handle_report_tab:72 - Falha no download direto, tentando via aba: Timeout 15000ms exceeded while waiting for event "download"
=========================== logs ===========================
waiting for event "download"
============================================================
2026-03-10 16:48:39 | INFO     | __main__:_handle_report_tab:84 - Relatório PDF em aba: https://storage.googleapis.com/storagescrapings.appspot.com/ecac/49586312000118/situacao-fiscal-2026-03-10-13341532000134--9057564880433225874.pdf. Baixando via request...
2026-03-10 16:48:39 | INFO     | __main__:_handle_report_tab:103 - Texto extraído (4026 chars). Analisando débitos e omissões...
2026-03-10 16:48:39 | INFO     | __main__:extract_pendencias:183 - [29] Processando: LACERDA PATRIMONIAL LTDA. (06314992000108)
2026-03-10 16:48:39 | INFO     | __main__:_handle_report_tab:42 - Iniciando captura de relatório...
2026-03-10 16:48:39 | DEBUG    | __main__:_handle_report_tab:46 - Verificando botão antes do clique: {'onclick': None, 'href': 'https://storage.googleapis.com/storagescrapings.appspot.com/ecac/49586312000118/situacao-fiscal-2026-03-10-06314992000108-7122542634515293754.pdf', 'text': '', 'download': True}
2026-03-10 16:48:41 | INFO     | __main__:_handle_report_tab:59 - Detectado link de PDF. Tentando download direto...
2026-03-10 16:48:56 | WARNING  | __main__:_handle_report_tab:72 - Falha no download direto, tentando via aba: Timeout 15000ms exceeded while waiting for event "download"
=========================== logs ===========================
waiting for event "download"
============================================================
2026-03-10 16:48:56 | INFO     | __main__:_handle_report_tab:84 - Relatório PDF em aba: https://storage.googleapis.com/storagescrapings.appspot.com/ecac/49586312000118/situacao-fiscal-2026-03-10-06314992000108-7122542634515293754.pdf. Baixando via request...
2026-03-10 16:48:57 | INFO     | __main__:_handle_report_tab:103 - Texto extraído (14519 chars). Analisando débitos e omissões...
2026-03-10 16:48:57 | INFO     | __main__:extract_pendencias:183 - [30] Processando: LAURINDO FREIRE TELES LIMA (38005116000196)
2026-03-10 16:48:57 | INFO     | __main__:_handle_report_tab:42 - Iniciando captura de relatório...
2026-03-10 16:48:57 | DEBUG    | __main__:_handle_report_tab:46 - Verificando botão antes do clique: {'onclick': None, 'href': 'https://storage.googleapis.com/storagescrapings.appspot.com/ecac/49586312000118/situacao-fiscal-2026-03-10-38005116000196-4313020037022786564.pdf', 'text': '', 'download': True}
2026-03-10 16:48:58 | INFO     | __main__:_handle_report_tab:59 - Detectado link de PDF. Tentando download direto...
2026-03-10 16:49:13 | WARNING  | __main__:_handle_report_tab:72 - Falha no download direto, tentando via aba: Timeout 15000ms exceeded while waiting for event "download"
=========================== logs ===========================
waiting for event "download"
============================================================
2026-03-10 16:49:13 | INFO     | __main__:_handle_report_tab:84 - Relatório PDF em aba: https://storage.googleapis.com/storagescrapings.appspot.com/ecac/49586312000118/situacao-fiscal-2026-03-10-38005116000196-4313020037022786564.pdf. Baixando via request...
2026-03-10 16:49:13 | INFO     | __main__:_handle_report_tab:103 - Texto extraído (2233 chars). Analisando débitos e omissões...
2026-03-10 16:49:13 | INFO     | __main__:extract_pendencias:183 - [31] Processando: LILIAN DIAS RIGAUD DE JESUS LTDA (10632502000199)
2026-03-10 16:49:13 | INFO     | __main__:_handle_report_tab:42 - Iniciando captura de relatório...
2026-03-10 16:49:13 | DEBUG    | __main__:_handle_report_tab:46 - Verificando botão antes do clique: {'onclick': None, 'href': 'https://storage.googleapis.com/storagescrapings.appspot.com/ecac/49586312000118/situacao-fiscal-2026-03-10-10632502000199--5004206784848674847.pdf', 'text': '', 'download': True}
2026-03-10 16:49:15 | INFO     | __main__:_handle_report_tab:59 - Detectado link de PDF. Tentando download direto...
2026-03-10 16:49:30 | WARNING  | __main__:_handle_report_tab:72 - Falha no download direto, tentando via aba: Timeout 15000ms exceeded while waiting for event "download"
=========================== logs ===========================
waiting for event "download"
============================================================
2026-03-10 16:49:30 | INFO     | __main__:_handle_report_tab:84 - Relatório PDF em aba: https://storage.googleapis.com/storagescrapings.appspot.com/ecac/49586312000118/situacao-fiscal-2026-03-10-10632502000199--5004206784848674847.pdf. Baixando via request...
2026-03-10 16:49:30 | INFO     | __main__:_handle_report_tab:103 - Texto extraído (2394 chars). Analisando débitos e omissões...
2026-03-10 16:49:30 | INFO     | __main__:extract_pendencias:183 - [32] Processando: MACEDO COMERCIAL DE CALCADOS LTDA (04074648000163)
2026-03-10 16:49:30 | INFO     | __main__:_handle_report_tab:42 - Iniciando captura de relatório...
2026-03-10 16:49:30 | DEBUG    | __main__:_handle_report_tab:46 - Verificando botão antes do clique: {'onclick': None, 'href': 'https://storage.googleapis.com/storagescrapings.appspot.com/ecac/49586312000118/situacao-fiscal-2026-03-10-04074648000163-1901401639797313343.pdf', 'text': '', 'download': True}
2026-03-10 16:49:32 | INFO     | __main__:_handle_report_tab:59 - Detectado link de PDF. Tentando download direto...
2026-03-10 16:49:47 | WARNING  | __main__:_handle_report_tab:72 - Falha no download direto, tentando via aba: Timeout 15000ms exceeded while waiting for event "download"
=========================== logs ===========================
waiting for event "download"
============================================================
2026-03-10 16:49:47 | INFO     | __main__:_handle_report_tab:84 - Relatório PDF em aba: https://storage.googleapis.com/storagescrapings.appspot.com/ecac/49586312000118/situacao-fiscal-2026-03-10-04074648000163-1901401639797313343.pdf. Baixando via request...
2026-03-10 16:49:49 | INFO     | __main__:_handle_report_tab:103 - Texto extraído (36339 chars). Analisando débitos e omissões...
2026-03-10 16:49:49 | INFO     | __main__:extract_pendencias:183 - [33] Processando: MACEDO COMERCIAL DE CALCADOS LTDA (04074648000244)
2026-03-10 16:49:49 | INFO     | __main__:_handle_report_tab:42 - Iniciando captura de relatório...
2026-03-10 16:49:49 | DEBUG    | __main__:_handle_report_tab:46 - Verificando botão antes do clique: {'onclick': None, 'href': 'https://storage.googleapis.com/storagescrapings.appspot.com/ecac/49586312000118/situacao-fiscal-2026-03-10-04074648000244--1854371671782504086.pdf', 'text': '', 'download': True}
2026-03-10 16:49:50 | INFO     | __main__:_handle_report_tab:59 - Detectado link de PDF. Tentando download direto...
2026-03-10 16:50:05 | WARNING  | __main__:_handle_report_tab:72 - Falha no download direto, tentando via aba: Timeout 15000ms exceeded while waiting for event "download"
=========================== logs ===========================
waiting for event "download"
============================================================
2026-03-10 16:50:05 | INFO     | __main__:_handle_report_tab:84 - Relatório PDF em aba: https://storage.googleapis.com/storagescrapings.appspot.com/ecac/49586312000118/situacao-fiscal-2026-03-10-04074648000244--1854371671782504086.pdf. Baixando via request...
2026-03-10 16:50:07 | INFO     | __main__:_handle_report_tab:103 - Texto extraído (36807 chars). Analisando débitos e omissões...
2026-03-10 16:50:07 | INFO     | __main__:extract_pendencias:183 - [34] Processando: MACEDO COMERCIAL DE CALCADOS LTDA (04074648000325)
2026-03-10 16:50:07 | INFO     | __main__:_handle_report_tab:42 - Iniciando captura de relatório...
2026-03-10 16:50:07 | DEBUG    | __main__:_handle_report_tab:46 - Verificando botão antes do clique: {'onclick': None, 'href': 'https://storage.googleapis.com/storagescrapings.appspot.com/ecac/49586312000118/situacao-fiscal-2026-03-10-04074648000325--508004804331458282.pdf', 'text': '', 'download': True}
2026-03-10 16:50:08 | INFO     | __main__:_handle_report_tab:59 - Detectado link de PDF. Tentando download direto...
2026-03-10 16:50:23 | WARNING  | __main__:_handle_report_tab:72 - Falha no download direto, tentando via aba: Timeout 15000ms exceeded while waiting for event "download"
=========================== logs ===========================
waiting for event "download"
============================================================
2026-03-10 16:50:23 | INFO     | __main__:_handle_report_tab:84 - Relatório PDF em aba: https://storage.googleapis.com/storagescrapings.appspot.com/ecac/49586312000118/situacao-fiscal-2026-03-10-04074648000325--508004804331458282.pdf. Baixando via request...
2026-03-10 16:50:25 | INFO     | __main__:_handle_report_tab:103 - Texto extraído (36764 chars). Analisando débitos e omissões...
2026-03-10 16:50:25 | INFO     | __main__:extract_pendencias:183 - [35] Processando: MACEDO COMERCIAL DE CALCADOS LTDA (04074648000406)
2026-03-10 16:50:25 | INFO     | __main__:_handle_report_tab:42 - Iniciando captura de relatório...
2026-03-10 16:50:25 | DEBUG    | __main__:_handle_report_tab:46 - Verificando botão antes do clique: {'onclick': None, 'href': 'https://storage.googleapis.com/storagescrapings.appspot.com/ecac/49586312000118/situacao-fiscal-2026-03-10-04074648000406--6524163024750497280.pdf', 'text': '', 'download': True}
2026-03-10 16:50:26 | INFO     | __main__:_handle_report_tab:59 - Detectado link de PDF. Tentando download direto...
2026-03-10 16:50:41 | WARNING  | __main__:_handle_report_tab:72 - Falha no download direto, tentando via aba: Timeout 15000ms exceeded while waiting for event "download"
=========================== logs ===========================
waiting for event "download"
============================================================
2026-03-10 16:50:41 | INFO     | __main__:_handle_report_tab:84 - Relatório PDF em aba: https://storage.googleapis.com/storagescrapings.appspot.com/ecac/49586312000118/situacao-fiscal-2026-03-10-04074648000406--6524163024750497280.pdf. Baixando via request...
2026-03-10 16:50:43 | INFO     | __main__:_handle_report_tab:103 - Texto extraído (36799 chars). Analisando débitos e omissões...
2026-03-10 16:50:43 | INFO     | __main__:extract_pendencias:183 - [36] Processando: MASSA ALIMENTAÇÃO E SERVIÇOS S/A (09033381000180)
2026-03-10 16:50:43 | INFO     | __main__:_handle_report_tab:42 - Iniciando captura de relatório...
2026-03-10 16:50:43 | DEBUG    | __main__:_handle_report_tab:46 - Verificando botão antes do clique: {'onclick': None, 'href': 'https://storage.googleapis.com/storagescrapings.appspot.com/ecac/49586312000118/situacao-fiscal-2026-03-10-09033381000180-3538167797215995791.pdf', 'text': '', 'download': True}
2026-03-10 16:50:44 | INFO     | __main__:_handle_report_tab:59 - Detectado link de PDF. Tentando download direto...
2026-03-10 16:50:59 | WARNING  | __main__:_handle_report_tab:72 - Falha no download direto, tentando via aba: Timeout 15000ms exceeded while waiting for event "download"
=========================== logs ===========================
waiting for event "download"
============================================================
2026-03-10 16:50:59 | INFO     | __main__:_handle_report_tab:84 - Relatório PDF em aba: https://storage.googleapis.com/storagescrapings.appspot.com/ecac/49586312000118/situacao-fiscal-2026-03-10-09033381000180-3538167797215995791.pdf. Baixando via request...
2026-03-10 16:51:01 | INFO     | __main__:_handle_report_tab:103 - Texto extraído (30830 chars). Analisando débitos e omissões...
2026-03-10 16:51:01 | INFO     | __main__:extract_pendencias:183 - [37] Processando: MASSA ALIMENTAÇÃO E SERVIÇOS S/A (09033381000937)
2026-03-10 16:51:01 | INFO     | __main__:_handle_report_tab:42 - Iniciando captura de relatório...
2026-03-10 16:51:01 | DEBUG    | __main__:_handle_report_tab:46 - Verificando botão antes do clique: {'onclick': None, 'href': 'https://storage.googleapis.com/storagescrapings.appspot.com/ecac/49586312000118/situacao-fiscal-2026-03-10-09033381000937--8914474224969463170.pdf', 'text': '', 'download': True}
2026-03-10 16:51:02 | INFO     | __main__:_handle_report_tab:59 - Detectado link de PDF. Tentando download direto...
2026-03-10 16:51:17 | WARNING  | __main__:_handle_report_tab:72 - Falha no download direto, tentando via aba: Timeout 15000ms exceeded while waiting for event "download"
=========================== logs ===========================
waiting for event "download"
============================================================
2026-03-10 16:51:18 | INFO     | __main__:_handle_report_tab:84 - Relatório PDF em aba: https://storage.googleapis.com/storagescrapings.appspot.com/ecac/49586312000118/situacao-fiscal-2026-03-10-09033381000937--8914474224969463170.pdf. Baixando via request...
2026-03-10 16:51:19 | INFO     | __main__:_handle_report_tab:103 - Texto extraído (31624 chars). Analisando débitos e omissões...
2026-03-10 16:51:19 | INFO     | __main__:extract_pendencias:183 - [38] Processando: MASSA ALIMENTAÇÃO E SERVIÇOS S/A (09033381001402)
2026-03-10 16:51:19 | INFO     | __main__:_handle_report_tab:42 - Iniciando captura de relatório...
2026-03-10 16:51:19 | DEBUG    | __main__:_handle_report_tab:46 - Verificando botão antes do clique: {'onclick': None, 'href': 'https://storage.googleapis.com/storagescrapings.appspot.com/ecac/49586312000118/situacao-fiscal-2026-03-10-09033381001402--989878315579345274.pdf', 'text': '', 'download': True}
2026-03-10 16:51:20 | INFO     | __main__:_handle_report_tab:59 - Detectado link de PDF. Tentando download direto...
2026-03-10 16:51:35 | WARNING  | __main__:_handle_report_tab:72 - Falha no download direto, tentando via aba: Timeout 15000ms exceeded while waiting for event "download"
=========================== logs ===========================
waiting for event "download"
============================================================
2026-03-10 16:51:36 | INFO     | __main__:_handle_report_tab:84 - Relatório PDF em aba: https://storage.googleapis.com/storagescrapings.appspot.com/ecac/49586312000118/situacao-fiscal-2026-03-10-09033381001402--989878315579345274.pdf. Baixando via request...
2026-03-10 16:51:37 | INFO     | __main__:_handle_report_tab:103 - Texto extraído (31640 chars). Analisando débitos e omissões...
2026-03-10 16:51:37 | INFO     | __main__:extract_pendencias:183 - [39] Processando: MASSA ALIMENTAÇÃO E SERVIÇOS S/A (09033381000503)
2026-03-10 16:51:37 | INFO     | __main__:_handle_report_tab:42 - Iniciando captura de relatório...
2026-03-10 16:51:37 | DEBUG    | __main__:_handle_report_tab:46 - Verificando botão antes do clique: {'onclick': None, 'href': 'https://storage.googleapis.com/storagescrapings.appspot.com/ecac/49586312000118/situacao-fiscal-2026-03-10-09033381000503-872557732952327831.pdf', 'text': '', 'download': True}
2026-03-10 16:51:38 | INFO     | __main__:_handle_report_tab:59 - Detectado link de PDF. Tentando download direto...
2026-03-10 16:51:53 | WARNING  | __main__:_handle_report_tab:72 - Falha no download direto, tentando via aba: Timeout 15000ms exceeded while waiting for event "download"
=========================== logs ===========================
waiting for event "download"
============================================================
2026-03-10 16:51:54 | INFO     | __main__:_handle_report_tab:84 - Relatório PDF em aba: https://storage.googleapis.com/storagescrapings.appspot.com/ecac/49586312000118/situacao-fiscal-2026-03-10-09033381000503-872557732952327831.pdf. Baixando via request...
2026-03-10 16:51:55 | INFO     | __main__:_handle_report_tab:103 - Texto extraído (31592 chars). Analisando débitos e omissões...
2026-03-10 16:51:55 | INFO     | __main__:extract_pendencias:183 - [40] Processando: MASSA ALIMENTAÇÃO E SERVIÇOS S/A (09033381001232)
2026-03-10 16:51:55 | INFO     | __main__:_handle_report_tab:42 - Iniciando captura de relatório...
2026-03-10 16:51:55 | DEBUG    | __main__:_handle_report_tab:46 - Verificando botão antes do clique: {'onclick': None, 'href': 'https://storage.googleapis.com/storagescrapings.appspot.com/ecac/49586312000118/situacao-fiscal-2026-03-10-09033381001232-2467767129515765189.pdf', 'text': '', 'download': True}
2026-03-10 16:51:56 | INFO     | __main__:_handle_report_tab:59 - Detectado link de PDF. Tentando download direto...
2026-03-10 16:52:11 | WARNING  | __main__:_handle_report_tab:72 - Falha no download direto, tentando via aba: Timeout 15000ms exceeded while waiting for event "download"
=========================== logs ===========================
waiting for event "download"
============================================================
2026-03-10 16:52:12 | INFO     | __main__:_handle_report_tab:84 - Relatório PDF em aba: https://storage.googleapis.com/storagescrapings.appspot.com/ecac/49586312000118/situacao-fiscal-2026-03-10-09033381001232-2467767129515765189.pdf. Baixando via request...
2026-03-10 16:52:13 | INFO     | __main__:_handle_report_tab:103 - Texto extraído (31634 chars). Analisando débitos e omissões...
2026-03-10 16:52:13 | INFO     | __main__:extract_pendencias:183 - [41] Processando: MAX CALCADOS DA BAHIA LTDA. (22331256000114)
2026-03-10 16:52:13 | INFO     | __main__:_handle_report_tab:42 - Iniciando captura de relatório...
2026-03-10 16:52:13 | DEBUG    | __main__:_handle_report_tab:46 - Verificando botão antes do clique: {'onclick': None, 'href': 'https://storage.googleapis.com/storagescrapings.appspot.com/ecac/49586312000118/situacao-fiscal-2026-03-10-22331256000114-8881860330563621271.pdf', 'text': '', 'download': True}
2026-03-10 16:52:15 | INFO     | __main__:_handle_report_tab:59 - Detectado link de PDF. Tentando download direto...
2026-03-10 16:52:30 | WARNING  | __main__:_handle_report_tab:72 - Falha no download direto, tentando via aba: Timeout 15000ms exceeded while waiting for event "download"
=========================== logs ===========================
waiting for event "download"
============================================================
2026-03-10 16:52:30 | INFO     | __main__:_handle_report_tab:84 - Relatório PDF em aba: https://storage.googleapis.com/storagescrapings.appspot.com/ecac/49586312000118/situacao-fiscal-2026-03-10-22331256000114-8881860330563621271.pdf. Baixando via request...
2026-03-10 16:52:31 | INFO     | __main__:_handle_report_tab:103 - Texto extraído (33457 chars). Analisando débitos e omissões...
2026-03-10 16:52:33 | INFO     | __main__:extract_pendencias:158 - Processando página 4...
2026-03-10 16:52:33 | INFO     | __main__:extract_pendencias:161 - Encontradas 18 empresas com Pendência na página 4
2026-03-10 16:52:33 | INFO     | __main__:extract_pendencias:183 - [42] Processando: MIRANDA E ROCHA LIMA LTDA (13959382000127)
2026-03-10 16:52:33 | INFO     | __main__:_handle_report_tab:42 - Iniciando captura de relatório...
2026-03-10 16:52:33 | DEBUG    | __main__:_handle_report_tab:46 - Verificando botão antes do clique: {'onclick': None, 'href': 'https://storage.googleapis.com/storagescrapings.appspot.com/ecac/49586312000118/situacao-fiscal-2026-03-10-13959382000127--6462515089312017991.pdf', 'text': '', 'download': True}
2026-03-10 16:52:35 | INFO     | __main__:_handle_report_tab:59 - Detectado link de PDF. Tentando download direto...
2026-03-10 16:52:50 | WARNING  | __main__:_handle_report_tab:72 - Falha no download direto, tentando via aba: Timeout 15000ms exceeded while waiting for event "download"
=========================== logs ===========================
waiting for event "download"
============================================================
2026-03-10 16:52:50 | INFO     | __main__:_handle_report_tab:84 - Relatório PDF em aba: https://storage.googleapis.com/storagescrapings.appspot.com/ecac/49586312000118/situacao-fiscal-2026-03-10-13959382000127--6462515089312017991.pdf. Baixando via request...
2026-03-10 16:52:50 | INFO     | __main__:_handle_report_tab:103 - Texto extraído (2995 chars). Analisando débitos e omissões...
2026-03-10 16:52:50 | INFO     | __main__:extract_pendencias:183 - [43] Processando: MONUMENTAL DO BRASIL LTDA. (18783002000160)
2026-03-10 16:52:50 | INFO     | __main__:_handle_report_tab:42 - Iniciando captura de relatório...
2026-03-10 16:52:50 | DEBUG    | __main__:_handle_report_tab:46 - Verificando botão antes do clique: {'onclick': None, 'href': 'https://storage.googleapis.com/storagescrapings.appspot.com/ecac/49586312000118/situacao-fiscal-2026-03-10-18783002000160-1708363807041399341.pdf', 'text': '', 'download': True}
2026-03-10 16:52:52 | INFO     | __main__:_handle_report_tab:59 - Detectado link de PDF. Tentando download direto...
2026-03-10 16:53:07 | WARNING  | __main__:_handle_report_tab:72 - Falha no download direto, tentando via aba: Timeout 15000ms exceeded while waiting for event "download"
=========================== logs ===========================
waiting for event "download"
============================================================
2026-03-10 16:53:07 | INFO     | __main__:_handle_report_tab:84 - Relatório PDF em aba: https://storage.googleapis.com/storagescrapings.appspot.com/ecac/49586312000118/situacao-fiscal-2026-03-10-18783002000160-1708363807041399341.pdf. Baixando via request...
2026-03-10 16:53:07 | INFO     | __main__:_handle_report_tab:103 - Texto extraído (2423 chars). Analisando débitos e omissões...
2026-03-10 16:53:07 | INFO     | __main__:extract_pendencias:183 - [44] Processando: NACIONAL PARTICIPACOES S. A (24605630000158)
2026-03-10 16:53:07 | INFO     | __main__:_handle_report_tab:42 - Iniciando captura de relatório...
2026-03-10 16:53:07 | DEBUG    | __main__:_handle_report_tab:46 - Verificando botão antes do clique: {'onclick': None, 'href': 'https://storage.googleapis.com/storagescrapings.appspot.com/ecac/49586312000118/situacao-fiscal-2026-03-10-24605630000158-8543386902544958357.pdf', 'text': '', 'download': True}
2026-03-10 16:53:09 | INFO     | __main__:_handle_report_tab:59 - Detectado link de PDF. Tentando download direto...
2026-03-10 16:53:24 | WARNING  | __main__:_handle_report_tab:72 - Falha no download direto, tentando via aba: Timeout 15000ms exceeded while waiting for event "download"
=========================== logs ===========================
waiting for event "download"
============================================================
2026-03-10 16:53:24 | INFO     | __main__:_handle_report_tab:84 - Relatório PDF em aba: https://storage.googleapis.com/storagescrapings.appspot.com/ecac/49586312000118/situacao-fiscal-2026-03-10-24605630000158-8543386902544958357.pdf. Baixando via request...
2026-03-10 16:53:24 | INFO     | __main__:_handle_report_tab:103 - Texto extraído (2231 chars). Analisando débitos e omissões...
2026-03-10 16:53:24 | WARNING  | __main__:_handle_report_tab:107 - SiefParser não encontrou pendências no texto. Primeiros 200 chars: MINISTÉRIO DA ECONOMIA Por meio do Integra Contador
SECRETARIA ESPECIAL DA RECEITA FEDERAL DO BRASIL Autor pedido: 49.586.312/0001-18. Contratante: 28.408.293/0001-60
PROCURADORIA-GERAL DA FAZENDA NAC
2026-03-10 16:53:24 | INFO     | __main__:extract_pendencias:183 - [45] Processando: NORSAN CONSULTORIA EM GESTAO EMPRESARIAL LTDA (40626350000182)
2026-03-10 16:53:24 | INFO     | __main__:_handle_report_tab:42 - Iniciando captura de relatório...
2026-03-10 16:53:24 | DEBUG    | __main__:_handle_report_tab:46 - Verificando botão antes do clique: {'onclick': None, 'href': 'https://storage.googleapis.com/storagescrapings.appspot.com/ecac/49586312000118/situacao-fiscal-2026-03-10-40626350000182-6437919497293341938.pdf', 'text': '', 'download': True}
2026-03-10 16:53:26 | INFO     | __main__:_handle_report_tab:59 - Detectado link de PDF. Tentando download direto...
2026-03-10 16:53:41 | WARNING  | __main__:_handle_report_tab:72 - Falha no download direto, tentando via aba: Timeout 15000ms exceeded while waiting for event "download"
=========================== logs ===========================
waiting for event "download"
============================================================
2026-03-10 16:53:41 | INFO     | __main__:_handle_report_tab:84 - Relatório PDF em aba: https://storage.googleapis.com/storagescrapings.appspot.com/ecac/49586312000118/situacao-fiscal-2026-03-10-40626350000182-6437919497293341938.pdf. Baixando via request...
2026-03-10 16:53:41 | INFO     | __main__:_handle_report_tab:103 - Texto extraído (8777 chars). Analisando débitos e omissões...
2026-03-10 16:53:41 | INFO     | __main__:extract_pendencias:183 - [46] Processando: NOVE PATRIMONIAL LTDA (08894711000169)
2026-03-10 16:53:41 | INFO     | __main__:_handle_report_tab:42 - Iniciando captura de relatório...
2026-03-10 16:53:41 | DEBUG    | __main__:_handle_report_tab:46 - Verificando botão antes do clique: {'onclick': None, 'href': 'https://storage.googleapis.com/storagescrapings.appspot.com/ecac/49586312000118/situacao-fiscal-2026-03-10-08894711000169--5634585627244407610.pdf', 'text': '', 'download': True}
2026-03-10 16:53:43 | INFO     | __main__:_handle_report_tab:59 - Detectado link de PDF. Tentando download direto...
2026-03-10 16:53:58 | WARNING  | __main__:_handle_report_tab:72 - Falha no download direto, tentando via aba: Timeout 15000ms exceeded while waiting for event "download"
=========================== logs ===========================
waiting for event "download"
============================================================
2026-03-10 16:53:58 | INFO     | __main__:_handle_report_tab:84 - Relatório PDF em aba: https://storage.googleapis.com/storagescrapings.appspot.com/ecac/49586312000118/situacao-fiscal-2026-03-10-08894711000169--5634585627244407610.pdf. Baixando via request...
2026-03-10 16:53:58 | INFO     | __main__:_handle_report_tab:103 - Texto extraído (2979 chars). Analisando débitos e omissões...
2026-03-10 16:53:58 | WARNING  | __main__:_handle_report_tab:107 - SiefParser não encontrou pendências no texto. Primeiros 200 chars: MINISTÉRIO DA ECONOMIA Por meio do Integra Contador
SECRETARIA ESPECIAL DA RECEITA FEDERAL DO BRASIL Autor pedido: 49.586.312/0001-18. Contratante: 28.408.293/0001-60
PROCURADORIA-GERAL DA FAZENDA NAC
2026-03-10 16:53:58 | INFO     | __main__:extract_pendencias:183 - [47] Processando: PARAISO EMPREENDIMENTOS LTDA (34099622000130)
2026-03-10 16:53:58 | INFO     | __main__:_handle_report_tab:42 - Iniciando captura de relatório...
2026-03-10 16:53:58 | DEBUG    | __main__:_handle_report_tab:46 - Verificando botão antes do clique: {'onclick': None, 'href': 'https://storage.googleapis.com/storagescrapings.appspot.com/ecac/49586312000118/situacao-fiscal-2026-03-10-34099622000130-229679267243065769.pdf', 'text': '', 'download': True}
2026-03-10 16:54:00 | INFO     | __main__:_handle_report_tab:59 - Detectado link de PDF. Tentando download direto...
2026-03-10 16:54:15 | WARNING  | __main__:_handle_report_tab:72 - Falha no download direto, tentando via aba: Timeout 15000ms exceeded while waiting for event "download"
=========================== logs ===========================
waiting for event "download"
============================================================
2026-03-10 16:54:15 | INFO     | __main__:_handle_report_tab:84 - Relatório PDF em aba: https://storage.googleapis.com/storagescrapings.appspot.com/ecac/49586312000118/situacao-fiscal-2026-03-10-34099622000130-229679267243065769.pdf. Baixando via request...
2026-03-10 16:54:16 | INFO     | __main__:_handle_report_tab:103 - Texto extraído (7600 chars). Analisando débitos e omissões...
2026-03-10 16:54:16 | INFO     | __main__:extract_pendencias:183 - [48] Processando: PATRIMONIAL LIBERDADE LTDA (04872981000118)
2026-03-10 16:54:16 | INFO     | __main__:_handle_report_tab:42 - Iniciando captura de relatório...
2026-03-10 16:54:16 | DEBUG    | __main__:_handle_report_tab:46 - Verificando botão antes do clique: {'onclick': None, 'href': 'https://storage.googleapis.com/storagescrapings.appspot.com/ecac/49586312000118/situacao-fiscal-2026-03-10-04872981000118-604067404890326631.pdf', 'text': '', 'download': True}
2026-03-10 16:54:17 | INFO     | __main__:_handle_report_tab:59 - Detectado link de PDF. Tentando download direto...
2026-03-10 16:54:32 | WARNING  | __main__:_handle_report_tab:72 - Falha no download direto, tentando via aba: Timeout 15000ms exceeded while waiting for event "download"
=========================== logs ===========================
waiting for event "download"
============================================================
2026-03-10 16:54:32 | INFO     | __main__:_handle_report_tab:84 - Relatório PDF em aba: https://storage.googleapis.com/storagescrapings.appspot.com/ecac/49586312000118/situacao-fiscal-2026-03-10-04872981000118-604067404890326631.pdf. Baixando via request...
2026-03-10 16:54:32 | INFO     | __main__:_handle_report_tab:103 - Texto extraído (2278 chars). Analisando débitos e omissões...
2026-03-10 16:54:32 | INFO     | __main__:extract_pendencias:183 - [49] Processando: PATRIMONIAL PELICANO LTDA (05288708000103)
2026-03-10 16:54:32 | INFO     | __main__:_handle_report_tab:42 - Iniciando captura de relatório...
2026-03-10 16:54:32 | DEBUG    | __main__:_handle_report_tab:46 - Verificando botão antes do clique: {'onclick': None, 'href': 'https://storage.googleapis.com/storagescrapings.appspot.com/ecac/49586312000118/situacao-fiscal-2026-03-10-05288708000103-2340029031477551287.pdf', 'text': '', 'download': True}
2026-03-10 16:54:34 | INFO     | __main__:_handle_report_tab:59 - Detectado link de PDF. Tentando download direto...
2026-03-10 16:54:49 | WARNING  | __main__:_handle_report_tab:72 - Falha no download direto, tentando via aba: Timeout 15000ms exceeded while waiting for event "download"
=========================== logs ===========================
waiting for event "download"
============================================================
2026-03-10 16:54:49 | INFO     | __main__:_handle_report_tab:84 - Relatório PDF em aba: https://storage.googleapis.com/storagescrapings.appspot.com/ecac/49586312000118/situacao-fiscal-2026-03-10-05288708000103-2340029031477551287.pdf. Baixando via request...
2026-03-10 16:54:49 | INFO     | __main__:_handle_report_tab:103 - Texto extraído (3267 chars). Analisando débitos e omissões...
2026-03-10 16:54:49 | INFO     | __main__:extract_pendencias:183 - [50] Processando: PATRIMONIAL SAO GONCALO LTDA. (07224478000144)
2026-03-10 16:54:49 | INFO     | __main__:_handle_report_tab:42 - Iniciando captura de relatório...
2026-03-10 16:54:49 | DEBUG    | __main__:_handle_report_tab:46 - Verificando botão antes do clique: {'onclick': None, 'href': 'https://storage.googleapis.com/storagescrapings.appspot.com/ecac/49586312000118/situacao-fiscal-2026-03-10-07224478000144--5953423903806422052.pdf', 'text': '', 'download': True}
2026-03-10 16:54:51 | INFO     | __main__:_handle_report_tab:59 - Detectado link de PDF. Tentando download direto...
2026-03-10 16:55:06 | WARNING  | __main__:_handle_report_tab:72 - Falha no download direto, tentando via aba: Timeout 15000ms exceeded while waiting for event "download"
=========================== logs ===========================
waiting for event "download"
============================================================
2026-03-10 16:55:06 | INFO     | __main__:_handle_report_tab:84 - Relatório PDF em aba: https://storage.googleapis.com/storagescrapings.appspot.com/ecac/49586312000118/situacao-fiscal-2026-03-10-07224478000144--5953423903806422052.pdf. Baixando via request...
2026-03-10 16:55:06 | INFO     | __main__:_handle_report_tab:103 - Texto extraído (3182 chars). Analisando débitos e omissões...
2026-03-10 16:55:06 | WARNING  | __main__:_handle_report_tab:107 - SiefParser não encontrou pendências no texto. Primeiros 200 chars: MINISTÉRIO DA ECONOMIA Por meio do Integra Contador
SECRETARIA ESPECIAL DA RECEITA FEDERAL DO BRASIL Autor pedido: 49.586.312/0001-18. Contratante: 28.408.293/0001-60
PROCURADORIA-GERAL DA FAZENDA NAC
2026-03-10 16:55:06 | WARNING  | __main__:extract_pendencias:201 - Lote de 50 atingido. Reiniciando sessão...
2026-03-10 16:55:08 | INFO     | __main__:extract_pendencias:123 - --- INICIANDO SESSÃO (Batch 2, Página 4) ---
2026-03-10 16:55:09 | INFO     | __main__:_login:21 - Navegando para o login em https://49586312000118.veri.com.br//login
2026-03-10 16:55:12 | INFO     | __main__:_login:24 - Inserindo credenciais...
2026-03-10 16:55:13 | INFO     | __main__:_login:34 - Aguardando carregamento da área restrita...
2026-03-10 16:55:19 | SUCCESS  | __main__:_login:37 - Logado com sucesso (aparentemente).
2026-03-10 16:55:20 | INFO     | __main__:extract_pendencias:145 - Navegando para lista geral (Resumo na pág 4)...
2026-03-10 16:55:22 | INFO     | __main__:extract_pendencias:151 - Avançando para página 2 para retomar...
2026-03-10 16:55:23 | INFO     | __main__:extract_pendencias:151 - Avançando para página 3 para retomar...
2026-03-10 16:55:24 | INFO     | __main__:extract_pendencias:151 - Avançando para página 4 para retomar...
2026-03-10 16:55:25 | INFO     | __main__:extract_pendencias:158 - Processando página 4...
2026-03-10 16:55:25 | INFO     | __main__:extract_pendencias:161 - Encontradas 18 empresas com Pendência na página 4
2026-03-10 16:55:25 | INFO     | __main__:extract_pendencias:183 - [51] Processando: MIRANDA E ROCHA LIMA LTDA (13959382000127)
2026-03-10 16:55:25 | INFO     | __main__:_handle_report_tab:42 - Iniciando captura de relatório...
2026-03-10 16:55:25 | DEBUG    | __main__:_handle_report_tab:46 - Verificando botão antes do clique: {'onclick': None, 'href': 'https://storage.googleapis.com/storagescrapings.appspot.com/ecac/49586312000118/situacao-fiscal-2026-03-10-13959382000127--6462515089312017991.pdf', 'text': '', 'download': True}
2026-03-10 16:55:25 | INFO     | __main__:_handle_report_tab:59 - Detectado link de PDF. Tentando download direto...
2026-03-10 16:55:40 | WARNING  | __main__:_handle_report_tab:72 - Falha no download direto, tentando via aba: Timeout 15000ms exceeded while waiting for event "download"
=========================== logs ===========================
waiting for event "download"
============================================================
2026-03-10 16:55:40 | INFO     | __main__:_handle_report_tab:84 - Relatório PDF em aba: https://storage.googleapis.com/storagescrapings.appspot.com/ecac/49586312000118/situacao-fiscal-2026-03-10-13959382000127--6462515089312017991.pdf. Baixando via request...
2026-03-10 16:55:41 | INFO     | __main__:_handle_report_tab:103 - Texto extraído (2995 chars). Analisando débitos e omissões...
2026-03-10 16:55:41 | INFO     | __main__:extract_pendencias:183 - [52] Processando: MONUMENTAL DO BRASIL LTDA. (18783002000160)
2026-03-10 16:55:41 | INFO     | __main__:_handle_report_tab:42 - Iniciando captura de relatório...
2026-03-10 16:55:41 | DEBUG    | __main__:_handle_report_tab:46 - Verificando botão antes do clique: {'onclick': None, 'href': 'https://storage.googleapis.com/storagescrapings.appspot.com/ecac/49586312000118/situacao-fiscal-2026-03-10-18783002000160-1708363807041399341.pdf', 'text': '', 'download': True}
2026-03-10 16:55:42 | INFO     | __main__:_handle_report_tab:59 - Detectado link de PDF. Tentando download direto...
2026-03-10 16:55:57 | WARNING  | __main__:_handle_report_tab:72 - Falha no download direto, tentando via aba: Timeout 15000ms exceeded while waiting for event "download"
=========================== logs ===========================
waiting for event "download"
============================================================
2026-03-10 16:55:57 | INFO     | __main__:_handle_report_tab:84 - Relatório PDF em aba: https://storage.googleapis.com/storagescrapings.appspot.com/ecac/49586312000118/situacao-fiscal-2026-03-10-18783002000160-1708363807041399341.pdf. Baixando via request...
2026-03-10 16:55:58 | INFO     | __main__:_handle_report_tab:103 - Texto extraído (2423 chars). Analisando débitos e omissões...
2026-03-10 16:55:58 | INFO     | __main__:extract_pendencias:183 - [53] Processando: NACIONAL PARTICIPACOES S. A (24605630000158)
2026-03-10 16:55:58 | INFO     | __main__:_handle_report_tab:42 - Iniciando captura de relatório...
2026-03-10 16:55:58 | DEBUG    | __main__:_handle_report_tab:46 - Verificando botão antes do clique: {'onclick': None, 'href': 'https://storage.googleapis.com/storagescrapings.appspot.com/ecac/49586312000118/situacao-fiscal-2026-03-10-24605630000158-8543386902544958357.pdf', 'text': '', 'download': True}
2026-03-10 16:55:59 | INFO     | __main__:_handle_report_tab:59 - Detectado link de PDF. Tentando download direto...
2026-03-10 16:56:14 | WARNING  | __main__:_handle_report_tab:72 - Falha no download direto, tentando via aba: Timeout 15000ms exceeded while waiting for event "download"
=========================== logs ===========================
waiting for event "download"
============================================================
2026-03-10 16:56:15 | INFO     | __main__:_handle_report_tab:84 - Relatório PDF em aba: https://storage.googleapis.com/storagescrapings.appspot.com/ecac/49586312000118/situacao-fiscal-2026-03-10-24605630000158-8543386902544958357.pdf. Baixando via request...
2026-03-10 16:56:15 | INFO     | __main__:_handle_report_tab:103 - Texto extraído (2231 chars). Analisando débitos e omissões...
2026-03-10 16:56:15 | WARNING  | __main__:_handle_report_tab:107 - SiefParser não encontrou pendências no texto. Primeiros 200 chars: MINISTÉRIO DA ECONOMIA Por meio do Integra Contador
SECRETARIA ESPECIAL DA RECEITA FEDERAL DO BRASIL Autor pedido: 49.586.312/0001-18. Contratante: 28.408.293/0001-60
PROCURADORIA-GERAL DA FAZENDA NAC
2026-03-10 16:56:15 | INFO     | __main__:extract_pendencias:183 - [54] Processando: NORSAN CONSULTORIA EM GESTAO EMPRESARIAL LTDA (40626350000182)
2026-03-10 16:56:15 | INFO     | __main__:_handle_report_tab:42 - Iniciando captura de relatório...
2026-03-10 16:56:15 | DEBUG    | __main__:_handle_report_tab:46 - Verificando botão antes do clique: {'onclick': None, 'href': 'https://storage.googleapis.com/storagescrapings.appspot.com/ecac/49586312000118/situacao-fiscal-2026-03-10-40626350000182-6437919497293341938.pdf', 'text': '', 'download': True}
2026-03-10 16:56:16 | INFO     | __main__:_handle_report_tab:59 - Detectado link de PDF. Tentando download direto...
2026-03-10 16:56:31 | WARNING  | __main__:_handle_report_tab:72 - Falha no download direto, tentando via aba: Timeout 15000ms exceeded while waiting for event "download"
=========================== logs ===========================
waiting for event "download"
============================================================
2026-03-10 16:56:32 | INFO     | __main__:_handle_report_tab:84 - Relatório PDF em aba: https://storage.googleapis.com/storagescrapings.appspot.com/ecac/49586312000118/situacao-fiscal-2026-03-10-40626350000182-6437919497293341938.pdf. Baixando via request...
2026-03-10 16:56:32 | INFO     | __main__:_handle_report_tab:103 - Texto extraído (8777 chars). Analisando débitos e omissões...
2026-03-10 16:56:32 | INFO     | __main__:extract_pendencias:183 - [55] Processando: NOVE PATRIMONIAL LTDA (08894711000169)
2026-03-10 16:56:32 | INFO     | __main__:_handle_report_tab:42 - Iniciando captura de relatório...
2026-03-10 16:56:32 | DEBUG    | __main__:_handle_report_tab:46 - Verificando botão antes do clique: {'onclick': None, 'href': 'https://storage.googleapis.com/storagescrapings.appspot.com/ecac/49586312000118/situacao-fiscal-2026-03-10-08894711000169--5634585627244407610.pdf', 'text': '', 'download': True}
2026-03-10 16:56:34 | INFO     | __main__:_handle_report_tab:59 - Detectado link de PDF. Tentando download direto...
2026-03-10 16:56:49 | WARNING  | __main__:_handle_report_tab:72 - Falha no download direto, tentando via aba: Timeout 15000ms exceeded while waiting for event "download"
=========================== logs ===========================
waiting for event "download"
============================================================
2026-03-10 16:56:49 | INFO     | __main__:_handle_report_tab:84 - Relatório PDF em aba: https://storage.googleapis.com/storagescrapings.appspot.com/ecac/49586312000118/situacao-fiscal-2026-03-10-08894711000169--5634585627244407610.pdf. Baixando via request...
2026-03-10 16:56:49 | INFO     | __main__:_handle_report_tab:103 - Texto extraído (2979 chars). Analisando débitos e omissões...
2026-03-10 16:56:49 | WARNING  | __main__:_handle_report_tab:107 - SiefParser não encontrou pendências no texto. Primeiros 200 chars: MINISTÉRIO DA ECONOMIA Por meio do Integra Contador
SECRETARIA ESPECIAL DA RECEITA FEDERAL DO BRASIL Autor pedido: 49.586.312/0001-18. Contratante: 28.408.293/0001-60
PROCURADORIA-GERAL DA FAZENDA NAC
2026-03-10 16:56:49 | INFO     | __main__:extract_pendencias:183 - [56] Processando: PARAISO EMPREENDIMENTOS LTDA (34099622000130)
2026-03-10 16:56:49 | INFO     | __main__:_handle_report_tab:42 - Iniciando captura de relatório...
2026-03-10 16:56:49 | DEBUG    | __main__:_handle_report_tab:46 - Verificando botão antes do clique: {'onclick': None, 'href': 'https://storage.googleapis.com/storagescrapings.appspot.com/ecac/49586312000118/situacao-fiscal-2026-03-10-34099622000130-229679267243065769.pdf', 'text': '', 'download': True}
2026-03-10 16:56:51 | INFO     | __main__:_handle_report_tab:59 - Detectado link de PDF. Tentando download direto...
2026-03-10 16:57:06 | WARNING  | __main__:_handle_report_tab:72 - Falha no download direto, tentando via aba: Timeout 15000ms exceeded while waiting for event "download"
=========================== logs ===========================
waiting for event "download"
============================================================
2026-03-10 16:57:06 | INFO     | __main__:_handle_report_tab:84 - Relatório PDF em aba: https://storage.googleapis.com/storagescrapings.appspot.com/ecac/49586312000118/situacao-fiscal-2026-03-10-34099622000130-229679267243065769.pdf. Baixando via request...
2026-03-10 16:57:06 | INFO     | __main__:_handle_report_tab:103 - Texto extraído (7600 chars). Analisando débitos e omissões...
2026-03-10 16:57:06 | INFO     | __main__:extract_pendencias:183 - [57] Processando: PATRIMONIAL LIBERDADE LTDA (04872981000118)
2026-03-10 16:57:06 | INFO     | __main__:_handle_report_tab:42 - Iniciando captura de relatório...
2026-03-10 16:57:06 | DEBUG    | __main__:_handle_report_tab:46 - Verificando botão antes do clique: {'onclick': None, 'href': 'https://storage.googleapis.com/storagescrapings.appspot.com/ecac/49586312000118/situacao-fiscal-2026-03-10-04872981000118-604067404890326631.pdf', 'text': '', 'download': True}
2026-03-10 16:57:08 | INFO     | __main__:_handle_report_tab:59 - Detectado link de PDF. Tentando download direto...
2026-03-10 16:57:23 | WARNING  | __main__:_handle_report_tab:72 - Falha no download direto, tentando via aba: Timeout 15000ms exceeded while waiting for event "download"
=========================== logs ===========================
waiting for event "download"
============================================================
2026-03-10 16:57:23 | INFO     | __main__:_handle_report_tab:84 - Relatório PDF em aba: https://storage.googleapis.com/storagescrapings.appspot.com/ecac/49586312000118/situacao-fiscal-2026-03-10-04872981000118-604067404890326631.pdf. Baixando via request...
2026-03-10 16:57:23 | INFO     | __main__:_handle_report_tab:103 - Texto extraído (2278 chars). Analisando débitos e omissões...
2026-03-10 16:57:23 | INFO     | __main__:extract_pendencias:183 - [58] Processando: PATRIMONIAL PELICANO LTDA (05288708000103)
2026-03-10 16:57:23 | INFO     | __main__:_handle_report_tab:42 - Iniciando captura de relatório...
2026-03-10 16:57:23 | DEBUG    | __main__:_handle_report_tab:46 - Verificando botão antes do clique: {'onclick': None, 'href': 'https://storage.googleapis.com/storagescrapings.appspot.com/ecac/49586312000118/situacao-fiscal-2026-03-10-05288708000103-2340029031477551287.pdf', 'text': '', 'download': True}
2026-03-10 16:57:25 | INFO     | __main__:_handle_report_tab:59 - Detectado link de PDF. Tentando download direto...
2026-03-10 16:57:40 | WARNING  | __main__:_handle_report_tab:72 - Falha no download direto, tentando via aba: Timeout 15000ms exceeded while waiting for event "download"
=========================== logs ===========================
waiting for event "download"
============================================================
2026-03-10 16:57:40 | INFO     | __main__:_handle_report_tab:84 - Relatório PDF em aba: https://storage.googleapis.com/storagescrapings.appspot.com/ecac/49586312000118/situacao-fiscal-2026-03-10-05288708000103-2340029031477551287.pdf. Baixando via request...
2026-03-10 16:57:40 | INFO     | __main__:_handle_report_tab:103 - Texto extraído (3267 chars). Analisando débitos e omissões...
2026-03-10 16:57:40 | INFO     | __main__:extract_pendencias:183 - [59] Processando: PATRIMONIAL SAO GONCALO LTDA. (07224478000144)
2026-03-10 16:57:40 | INFO     | __main__:_handle_report_tab:42 - Iniciando captura de relatório...
2026-03-10 16:57:40 | DEBUG    | __main__:_handle_report_tab:46 - Verificando botão antes do clique: {'onclick': None, 'href': 'https://storage.googleapis.com/storagescrapings.appspot.com/ecac/49586312000118/situacao-fiscal-2026-03-10-07224478000144--5953423903806422052.pdf', 'text': '', 'download': True}
2026-03-10 16:57:41 | INFO     | __main__:_handle_report_tab:59 - Detectado link de PDF. Tentando download direto...
2026-03-10 16:57:56 | WARNING  | __main__:_handle_report_tab:72 - Falha no download direto, tentando via aba: Timeout 15000ms exceeded while waiting for event "download"
=========================== logs ===========================
waiting for event "download"
============================================================
2026-03-10 16:57:57 | INFO     | __main__:_handle_report_tab:84 - Relatório PDF em aba: https://storage.googleapis.com/storagescrapings.appspot.com/ecac/49586312000118/situacao-fiscal-2026-03-10-07224478000144--5953423903806422052.pdf. Baixando via request...
2026-03-10 16:57:57 | INFO     | __main__:_handle_report_tab:103 - Texto extraído (3182 chars). Analisando débitos e omissões...
2026-03-10 16:57:57 | WARNING  | __main__:_handle_report_tab:107 - SiefParser não encontrou pendências no texto. Primeiros 200 chars: MINISTÉRIO DA ECONOMIA Por meio do Integra Contador
SECRETARIA ESPECIAL DA RECEITA FEDERAL DO BRASIL Autor pedido: 49.586.312/0001-18. Contratante: 28.408.293/0001-60
PROCURADORIA-GERAL DA FAZENDA NAC
2026-03-10 16:57:57 | INFO     | __main__:extract_pendencias:183 - [60] Processando: PATROL CONSTRUCOES LTDA (01086932000161)
2026-03-10 16:57:57 | INFO     | __main__:_handle_report_tab:42 - Iniciando captura de relatório...
2026-03-10 16:57:57 | DEBUG    | __main__:_handle_report_tab:46 - Verificando botão antes do clique: {'onclick': None, 'href': 'https://storage.googleapis.com/storagescrapings.appspot.com/ecac/49586312000118/situacao-fiscal-2026-03-10-01086932000161-5808131332858835218.pdf', 'text': '', 'download': True}
2026-03-10 16:57:58 | INFO     | __main__:_handle_report_tab:59 - Detectado link de PDF. Tentando download direto...
2026-03-10 16:58:13 | WARNING  | __main__:_handle_report_tab:72 - Falha no download direto, tentando via aba: Timeout 15000ms exceeded while waiting for event "download"
=========================== logs ===========================
waiting for event "download"
============================================================
2026-03-10 16:58:14 | INFO     | __main__:_handle_report_tab:84 - Relatório PDF em aba: https://storage.googleapis.com/storagescrapings.appspot.com/ecac/49586312000118/situacao-fiscal-2026-03-10-01086932000161-5808131332858835218.pdf. Baixando via request...
2026-03-10 16:58:14 | INFO     | __main__:_handle_report_tab:103 - Texto extraído (20536 chars). Analisando débitos e omissões...
2026-03-10 16:58:14 | WARNING  | __main__:_handle_report_tab:107 - SiefParser não encontrou pendências no texto. Primeiros 200 chars: MINISTÉRIO DA ECONOMIA Por meio do Integra Contador
SECRETARIA ESPECIAL DA RECEITA FEDERAL DO BRASIL Autor pedido: 49.586.312/0001-18. Contratante: 28.408.293/0001-60
PROCURADORIA-GERAL DA FAZENDA NAC
2026-03-10 16:58:14 | INFO     | __main__:extract_pendencias:183 - [61] Processando: PDK ADMINISTRADORA DE BENS LTDA (08000034000198)
2026-03-10 16:58:14 | INFO     | __main__:_handle_report_tab:42 - Iniciando captura de relatório...
2026-03-10 16:58:14 | DEBUG    | __main__:_handle_report_tab:46 - Verificando botão antes do clique: {'onclick': None, 'href': 'https://storage.googleapis.com/storagescrapings.appspot.com/ecac/49586312000118/situacao-fiscal-2026-03-10-08000034000198-68874188409963147.pdf', 'text': '', 'download': True}
2026-03-10 16:58:16 | INFO     | __main__:_handle_report_tab:59 - Detectado link de PDF. Tentando download direto...
2026-03-10 16:58:31 | WARNING  | __main__:_handle_report_tab:72 - Falha no download direto, tentando via aba: Timeout 15000ms exceeded while waiting for event "download"
=========================== logs ===========================
waiting for event "download"
============================================================
2026-03-10 16:58:31 | INFO     | __main__:_handle_report_tab:84 - Relatório PDF em aba: https://storage.googleapis.com/storagescrapings.appspot.com/ecac/49586312000118/situacao-fiscal-2026-03-10-08000034000198-68874188409963147.pdf. Baixando via request...
2026-03-10 16:58:31 | INFO     | __main__:_handle_report_tab:103 - Texto extraído (3182 chars). Analisando débitos e omissões...
2026-03-10 16:58:31 | INFO     | __main__:extract_pendencias:183 - [62] Processando: PH GESTAO E CONSULTORIA S.A. (25311856000109)
2026-03-10 16:58:31 | INFO     | __main__:_handle_report_tab:42 - Iniciando captura de relatório...
2026-03-10 16:58:31 | DEBUG    | __main__:_handle_report_tab:46 - Verificando botão antes do clique: {'onclick': None, 'href': 'https://storage.googleapis.com/storagescrapings.appspot.com/ecac/49586312000118/situacao-fiscal-2026-03-10-25311856000109-5493267392372148762.pdf', 'text': '', 'download': True}
2026-03-10 16:58:33 | INFO     | __main__:_handle_report_tab:59 - Detectado link de PDF. Tentando download direto...
2026-03-10 16:58:48 | WARNING  | __main__:_handle_report_tab:72 - Falha no download direto, tentando via aba: Timeout 15000ms exceeded while waiting for event "download"
=========================== logs ===========================
waiting for event "download"
============================================================
2026-03-10 16:58:48 | INFO     | __main__:_handle_report_tab:84 - Relatório PDF em aba: https://storage.googleapis.com/storagescrapings.appspot.com/ecac/49586312000118/situacao-fiscal-2026-03-10-25311856000109-5493267392372148762.pdf. Baixando via request...
2026-03-10 16:58:48 | INFO     | __main__:_handle_report_tab:103 - Texto extraído (3955 chars). Analisando débitos e omissões...
2026-03-10 16:58:48 | WARNING  | __main__:_handle_report_tab:107 - SiefParser não encontrou pendências no texto. Primeiros 200 chars: MINISTÉRIO DA ECONOMIA Por meio do Integra Contador
SECRETARIA ESPECIAL DA RECEITA FEDERAL DO BRASIL Autor pedido: 49.586.312/0001-18. Contratante: 28.408.293/0001-60
PROCURADORIA-GERAL DA FAZENDA NAC
2026-03-10 16:58:48 | INFO     | __main__:extract_pendencias:183 - [63] Processando: PML REVESTIMENTOS LTDA (40010011000177)
2026-03-10 16:58:48 | INFO     | __main__:_handle_report_tab:42 - Iniciando captura de relatório...
2026-03-10 16:58:48 | DEBUG    | __main__:_handle_report_tab:46 - Verificando botão antes do clique: {'onclick': None, 'href': 'https://storage.googleapis.com/storagescrapings.appspot.com/ecac/49586312000118/situacao-fiscal-2026-03-10-40010011000177--1310616442582242493.pdf', 'text': '', 'download': True}
2026-03-10 16:58:50 | INFO     | __main__:_handle_report_tab:59 - Detectado link de PDF. Tentando download direto...
2026-03-10 16:59:05 | WARNING  | __main__:_handle_report_tab:72 - Falha no download direto, tentando via aba: Timeout 15000ms exceeded while waiting for event "download"
=========================== logs ===========================
waiting for event "download"
============================================================
2026-03-10 16:59:05 | INFO     | __main__:_handle_report_tab:84 - Relatório PDF em aba: https://storage.googleapis.com/storagescrapings.appspot.com/ecac/49586312000118/situacao-fiscal-2026-03-10-40010011000177--1310616442582242493.pdf. Baixando via request...
2026-03-10 16:59:06 | INFO     | __main__:_handle_report_tab:103 - Texto extraído (22820 chars). Analisando débitos e omissões...
2026-03-10 16:59:06 | INFO     | __main__:extract_pendencias:183 - [64] Processando: PML REVESTIMENTOS LTDA (40010011000258)
2026-03-10 16:59:06 | INFO     | __main__:_handle_report_tab:42 - Iniciando captura de relatório...
2026-03-10 16:59:06 | DEBUG    | __main__:_handle_report_tab:46 - Verificando botão antes do clique: {'onclick': None, 'href': 'https://storage.googleapis.com/storagescrapings.appspot.com/ecac/49586312000118/situacao-fiscal-2026-03-10-40010011000258-6596310596573063701.pdf', 'text': '', 'download': True}
2026-03-10 16:59:07 | INFO     | __main__:_handle_report_tab:59 - Detectado link de PDF. Tentando download direto...
2026-03-10 16:59:22 | WARNING  | __main__:_handle_report_tab:72 - Falha no download direto, tentando via aba: Timeout 15000ms exceeded while waiting for event "download"
=========================== logs ===========================
waiting for event "download"
============================================================
2026-03-10 16:59:22 | INFO     | __main__:_handle_report_tab:84 - Relatório PDF em aba: https://storage.googleapis.com/storagescrapings.appspot.com/ecac/49586312000118/situacao-fiscal-2026-03-10-40010011000258-6596310596573063701.pdf. Baixando via request...
2026-03-10 16:59:23 | INFO     | __main__:_handle_report_tab:103 - Texto extraído (23266 chars). Analisando débitos e omissões...
2026-03-10 16:59:23 | INFO     | __main__:extract_pendencias:183 - [65] Processando: PRIME ALUGUEL DE MAQUINAS LTDA (12620821000100)
2026-03-10 16:59:23 | INFO     | __main__:_handle_report_tab:42 - Iniciando captura de relatório...
2026-03-10 16:59:23 | DEBUG    | __main__:_handle_report_tab:46 - Verificando botão antes do clique: {'onclick': None, 'href': 'https://storage.googleapis.com/storagescrapings.appspot.com/ecac/49586312000118/situacao-fiscal-2026-03-10-12620821000100--8202874389122331106.pdf', 'text': '', 'download': True}
2026-03-10 16:59:25 | INFO     | __main__:_handle_report_tab:59 - Detectado link de PDF. Tentando download direto...
2026-03-10 16:59:40 | WARNING  | __main__:_handle_report_tab:72 - Falha no download direto, tentando via aba: Timeout 15000ms exceeded while waiting for event "download"
=========================== logs ===========================
waiting for event "download"
============================================================
2026-03-10 16:59:40 | INFO     | __main__:_handle_report_tab:84 - Relatório PDF em aba: https://storage.googleapis.com/storagescrapings.appspot.com/ecac/49586312000118/situacao-fiscal-2026-03-10-12620821000100--8202874389122331106.pdf. Baixando via request...
2026-03-10 16:59:40 | INFO     | __main__:_handle_report_tab:103 - Texto extraído (3205 chars). Analisando débitos e omissões...
2026-03-10 16:59:40 | INFO     | __main__:extract_pendencias:183 - [66] Processando: QUANTICO MOLDAVITA LTDA (37250815000139)
2026-03-10 16:59:40 | INFO     | __main__:_handle_report_tab:42 - Iniciando captura de relatório...
2026-03-10 16:59:40 | DEBUG    | __main__:_handle_report_tab:46 - Verificando botão antes do clique: {'onclick': None, 'href': 'https://storage.googleapis.com/storagescrapings.appspot.com/ecac/49586312000118/situacao-fiscal-2026-03-10-37250815000139--3042070610917375247.pdf', 'text': '', 'download': True}
2026-03-10 16:59:42 | INFO     | __main__:_handle_report_tab:59 - Detectado link de PDF. Tentando download direto...
2026-03-10 16:59:57 | WARNING  | __main__:_handle_report_tab:72 - Falha no download direto, tentando via aba: Timeout 15000ms exceeded while waiting for event "download"
=========================== logs ===========================
waiting for event "download"
============================================================
2026-03-10 16:59:57 | INFO     | __main__:_handle_report_tab:84 - Relatório PDF em aba: https://storage.googleapis.com/storagescrapings.appspot.com/ecac/49586312000118/situacao-fiscal-2026-03-10-37250815000139--3042070610917375247.pdf. Baixando via request...
2026-03-10 16:59:57 | INFO     | __main__:_handle_report_tab:103 - Texto extraído (2771 chars). Analisando débitos e omissões...
2026-03-10 16:59:57 | INFO     | __main__:extract_pendencias:183 - [67] Processando: RC COMERCIO DE ALIMENTOS LTDA (31495226000134)
2026-03-10 16:59:57 | INFO     | __main__:_handle_report_tab:42 - Iniciando captura de relatório...
2026-03-10 16:59:57 | DEBUG    | __main__:_handle_report_tab:46 - Verificando botão antes do clique: {'onclick': None, 'href': 'https://storage.googleapis.com/storagescrapings.appspot.com/ecac/49586312000118/situacao-fiscal-2026-03-10-31495226000134--759852541785170364.pdf', 'text': '', 'download': True}
2026-03-10 16:59:59 | INFO     | __main__:_handle_report_tab:59 - Detectado link de PDF. Tentando download direto...
2026-03-10 17:00:14 | WARNING  | __main__:_handle_report_tab:72 - Falha no download direto, tentando via aba: Timeout 15000ms exceeded while waiting for event "download"
=========================== logs ===========================
waiting for event "download"
============================================================
2026-03-10 17:00:14 | INFO     | __main__:_handle_report_tab:84 - Relatório PDF em aba: https://storage.googleapis.com/storagescrapings.appspot.com/ecac/49586312000118/situacao-fiscal-2026-03-10-31495226000134--759852541785170364.pdf. Baixando via request...
2026-03-10 17:00:14 | INFO     | __main__:_handle_report_tab:103 - Texto extraído (6438 chars). Analisando débitos e omissões...
2026-03-10 17:00:14 | INFO     | __main__:extract_pendencias:183 - [68] Processando: REINA PIANO LTDA (52029265000116)
2026-03-10 17:00:14 | INFO     | __main__:_handle_report_tab:42 - Iniciando captura de relatório...
2026-03-10 17:00:14 | DEBUG    | __main__:_handle_report_tab:46 - Verificando botão antes do clique: {'onclick': None, 'href': 'https://storage.googleapis.com/storagescrapings.appspot.com/ecac/49586312000118/situacao-fiscal-2026-03-10-52029265000116-2878048326592333185.pdf', 'text': '', 'download': True}
2026-03-10 17:00:16 | INFO     | __main__:_handle_report_tab:59 - Detectado link de PDF. Tentando download direto...
2026-03-10 17:00:31 | WARNING  | __main__:_handle_report_tab:72 - Falha no download direto, tentando via aba: Timeout 15000ms exceeded while waiting for event "download"
=========================== logs ===========================
waiting for event "download"
============================================================
2026-03-10 17:00:31 | INFO     | __main__:_handle_report_tab:84 - Relatório PDF em aba: https://storage.googleapis.com/storagescrapings.appspot.com/ecac/49586312000118/situacao-fiscal-2026-03-10-52029265000116-2878048326592333185.pdf. Baixando via request...
2026-03-10 17:00:31 | INFO     | __main__:_handle_report_tab:103 - Texto extraído (3100 chars). Analisando débitos e omissões...
2026-03-10 17:00:33 | INFO     | __main__:extract_pendencias:158 - Processando página 5...
2026-03-10 17:00:33 | INFO     | __main__:extract_pendencias:161 - Encontradas 17 empresas com Pendência na página 5
2026-03-10 17:00:33 | INFO     | __main__:extract_pendencias:183 - [69] Processando: ROBERTA COSTA CARDOSO (34243775000100)
2026-03-10 17:00:33 | INFO     | __main__:_handle_report_tab:42 - Iniciando captura de relatório...
2026-03-10 17:00:33 | DEBUG    | __main__:_handle_report_tab:46 - Verificando botão antes do clique: {'onclick': None, 'href': 'https://storage.googleapis.com/storagescrapings.appspot.com/ecac/49586312000118/situacao-fiscal-2026-03-10-34243775000100-4889036326028891915.pdf', 'text': '', 'download': True}
2026-03-10 17:00:35 | INFO     | __main__:_handle_report_tab:59 - Detectado link de PDF. Tentando download direto...
2026-03-10 17:00:50 | WARNING  | __main__:_handle_report_tab:72 - Falha no download direto, tentando via aba: Timeout 15000ms exceeded while waiting for event "download"
=========================== logs ===========================
waiting for event "download"
============================================================
2026-03-10 17:00:50 | INFO     | __main__:_handle_report_tab:84 - Relatório PDF em aba: https://storage.googleapis.com/storagescrapings.appspot.com/ecac/49586312000118/situacao-fiscal-2026-03-10-34243775000100-4889036326028891915.pdf. Baixando via request...
2026-03-10 17:00:50 | INFO     | __main__:_handle_report_tab:103 - Texto extraído (2824 chars). Analisando débitos e omissões...
2026-03-10 17:00:50 | INFO     | __main__:extract_pendencias:183 - [70] Processando: ROSEMERY ALMEIDA MACÊDO (04689608000126)
2026-03-10 17:00:50 | INFO     | __main__:_handle_report_tab:42 - Iniciando captura de relatório...
2026-03-10 17:00:50 | DEBUG    | __main__:_handle_report_tab:46 - Verificando botão antes do clique: {'onclick': None, 'href': 'https://storage.googleapis.com/storagescrapings.appspot.com/ecac/49586312000118/situacao-fiscal-2026-03-10-04689608000126-301946170125122004.pdf', 'text': '', 'download': True}
2026-03-10 17:00:52 | INFO     | __main__:_handle_report_tab:59 - Detectado link de PDF. Tentando download direto...
2026-03-10 17:01:07 | WARNING  | __main__:_handle_report_tab:72 - Falha no download direto, tentando via aba: Timeout 15000ms exceeded while waiting for event "download"
=========================== logs ===========================
waiting for event "download"
============================================================
2026-03-10 17:01:07 | INFO     | __main__:_handle_report_tab:84 - Relatório PDF em aba: https://storage.googleapis.com/storagescrapings.appspot.com/ecac/49586312000118/situacao-fiscal-2026-03-10-04689608000126-301946170125122004.pdf. Baixando via request...
2026-03-10 17:01:08 | INFO     | __main__:_handle_report_tab:103 - Texto extraído (39433 chars). Analisando débitos e omissões...
2026-03-10 17:01:08 | INFO     | __main__:extract_pendencias:183 - [71] Processando: ROSEMERY ALMEIDA MACÊDO (04689608000207)
2026-03-10 17:01:08 | INFO     | __main__:_handle_report_tab:42 - Iniciando captura de relatório...
2026-03-10 17:01:08 | DEBUG    | __main__:_handle_report_tab:46 - Verificando botão antes do clique: {'onclick': None, 'href': 'https://storage.googleapis.com/storagescrapings.appspot.com/ecac/49586312000118/situacao-fiscal-2026-03-10-04689608000207--1940536082388115577.pdf', 'text': '', 'download': True}
2026-03-10 17:01:10 | INFO     | __main__:_handle_report_tab:59 - Detectado link de PDF. Tentando download direto...
2026-03-10 17:01:25 | WARNING  | __main__:_handle_report_tab:72 - Falha no download direto, tentando via aba: Timeout 15000ms exceeded while waiting for event "download"
=========================== logs ===========================
waiting for event "download"
============================================================
2026-03-10 17:01:25 | INFO     | __main__:_handle_report_tab:84 - Relatório PDF em aba: https://storage.googleapis.com/storagescrapings.appspot.com/ecac/49586312000118/situacao-fiscal-2026-03-10-04689608000207--1940536082388115577.pdf. Baixando via request...
2026-03-10 17:01:26 | INFO     | __main__:_handle_report_tab:103 - Texto extraído (39838 chars). Analisando débitos e omissões...
2026-03-10 17:01:26 | INFO     | __main__:extract_pendencias:183 - [72] Processando: ROSEMERY ALMEIDA MACÊDO (04689608000398)
2026-03-10 17:01:26 | INFO     | __main__:_handle_report_tab:42 - Iniciando captura de relatório...
2026-03-10 17:01:27 | DEBUG    | __main__:_handle_report_tab:46 - Verificando botão antes do clique: {'onclick': None, 'href': 'https://storage.googleapis.com/storagescrapings.appspot.com/ecac/49586312000118/situacao-fiscal-2026-03-10-04689608000398--8530276885068725287.pdf', 'text': '', 'download': True}
2026-03-10 17:01:28 | INFO     | __main__:_handle_report_tab:59 - Detectado link de PDF. Tentando download direto...
2026-03-10 17:01:43 | WARNING  | __main__:_handle_report_tab:72 - Falha no download direto, tentando via aba: Timeout 15000ms exceeded while waiting for event "download"
=========================== logs ===========================
waiting for event "download"
============================================================
2026-03-10 17:01:43 | INFO     | __main__:_handle_report_tab:84 - Relatório PDF em aba: https://storage.googleapis.com/storagescrapings.appspot.com/ecac/49586312000118/situacao-fiscal-2026-03-10-04689608000398--8530276885068725287.pdf. Baixando via request...
2026-03-10 17:01:45 | INFO     | __main__:_handle_report_tab:103 - Texto extraído (39826 chars). Analisando débitos e omissões...
2026-03-10 17:01:45 | INFO     | __main__:extract_pendencias:183 - [73] Processando: S A 4 MARKETING EMPRESARIAL LTDA. (09199339000133)
2026-03-10 17:01:45 | INFO     | __main__:_handle_report_tab:42 - Iniciando captura de relatório...
2026-03-10 17:01:45 | DEBUG    | __main__:_handle_report_tab:46 - Verificando botão antes do clique: {'onclick': None, 'href': 'https://storage.googleapis.com/storagescrapings.appspot.com/ecac/49586312000118/situacao-fiscal-2026-03-10-09199339000133-4770438342379837465.pdf', 'text': '', 'download': True}
2026-03-10 17:01:46 | INFO     | __main__:_handle_report_tab:59 - Detectado link de PDF. Tentando download direto...
2026-03-10 17:02:01 | WARNING  | __main__:_handle_report_tab:72 - Falha no download direto, tentando via aba: Timeout 15000ms exceeded while waiting for event "download"
=========================== logs ===========================
waiting for event "download"
============================================================
2026-03-10 17:02:01 | INFO     | __main__:_handle_report_tab:84 - Relatório PDF em aba: https://storage.googleapis.com/storagescrapings.appspot.com/ecac/49586312000118/situacao-fiscal-2026-03-10-09199339000133-4770438342379837465.pdf. Baixando via request...
2026-03-10 17:02:01 | INFO     | __main__:_handle_report_tab:103 - Texto extraído (2318 chars). Analisando débitos e omissões...
2026-03-10 17:02:01 | INFO     | __main__:extract_pendencias:183 - [74] Processando: S N COMERCIAL DE FERRAGENS E FERRAMENTAS LTDA (35798856000139)
2026-03-10 17:02:01 | INFO     | __main__:_handle_report_tab:42 - Iniciando captura de relatório...
2026-03-10 17:02:01 | DEBUG    | __main__:_handle_report_tab:46 - Verificando botão antes do clique: {'onclick': None, 'href': 'https://storage.googleapis.com/storagescrapings.appspot.com/ecac/49586312000118/situacao-fiscal-2026-03-10-35798856000139-7669080239666375128.pdf', 'text': '', 'download': True}
2026-03-10 17:02:03 | INFO     | __main__:_handle_report_tab:59 - Detectado link de PDF. Tentando download direto...
2026-03-10 17:02:18 | WARNING  | __main__:_handle_report_tab:72 - Falha no download direto, tentando via aba: Timeout 15000ms exceeded while waiting for event "download"
=========================== logs ===========================
waiting for event "download"
============================================================
2026-03-10 17:02:18 | INFO     | __main__:_handle_report_tab:84 - Relatório PDF em aba: https://storage.googleapis.com/storagescrapings.appspot.com/ecac/49586312000118/situacao-fiscal-2026-03-10-35798856000139-7669080239666375128.pdf. Baixando via request...
2026-03-10 17:02:18 | INFO     | __main__:_handle_report_tab:103 - Texto extraído (2834 chars). Analisando débitos e omissões...
2026-03-10 17:02:18 | INFO     | __main__:extract_pendencias:183 - [75] Processando: SARAVIMANA PATRIMONIAL LTDA. (04904636000119)
2026-03-10 17:02:18 | INFO     | __main__:_handle_report_tab:42 - Iniciando captura de relatório...
2026-03-10 17:02:18 | DEBUG    | __main__:_handle_report_tab:46 - Verificando botão antes do clique: {'onclick': None, 'href': 'https://storage.googleapis.com/storagescrapings.appspot.com/ecac/49586312000118/situacao-fiscal-2026-03-10-04904636000119--7539829649228640268.pdf', 'text': '', 'download': True}
2026-03-10 17:02:20 | INFO     | __main__:_handle_report_tab:59 - Detectado link de PDF. Tentando download direto...
2026-03-10 17:02:35 | WARNING  | __main__:_handle_report_tab:72 - Falha no download direto, tentando via aba: Timeout 15000ms exceeded while waiting for event "download"
=========================== logs ===========================
waiting for event "download"
============================================================
2026-03-10 17:02:35 | INFO     | __main__:_handle_report_tab:84 - Relatório PDF em aba: https://storage.googleapis.com/storagescrapings.appspot.com/ecac/49586312000118/situacao-fiscal-2026-03-10-04904636000119--7539829649228640268.pdf. Baixando via request...
2026-03-10 17:02:36 | INFO     | __main__:_handle_report_tab:103 - Texto extraído (2572 chars). Analisando débitos e omissões...
2026-03-10 17:02:36 | INFO     | __main__:extract_pendencias:183 - [76] Processando: SERRA DA ESTRELA PATRIMONIAL S/A. (04091558000180)
2026-03-10 17:02:36 | INFO     | __main__:_handle_report_tab:42 - Iniciando captura de relatório...
2026-03-10 17:02:36 | DEBUG    | __main__:_handle_report_tab:46 - Verificando botão antes do clique: {'onclick': None, 'href': 'https://storage.googleapis.com/storagescrapings.appspot.com/ecac/49586312000118/situacao-fiscal-2026-03-10-04091558000180-3538999306115164684.pdf', 'text': '', 'download': True}
2026-03-10 17:02:37 | INFO     | __main__:_handle_report_tab:59 - Detectado link de PDF. Tentando download direto...
2026-03-10 17:02:52 | WARNING  | __main__:_handle_report_tab:72 - Falha no download direto, tentando via aba: Timeout 15000ms exceeded while waiting for event "download"
=========================== logs ===========================
waiting for event "download"
============================================================
2026-03-10 17:02:52 | INFO     | __main__:_handle_report_tab:84 - Relatório PDF em aba: https://storage.googleapis.com/storagescrapings.appspot.com/ecac/49586312000118/situacao-fiscal-2026-03-10-04091558000180-3538999306115164684.pdf. Baixando via request...
2026-03-10 17:02:52 | INFO     | __main__:_handle_report_tab:103 - Texto extraído (3112 chars). Analisando débitos e omissões...
2026-03-10 17:02:52 | INFO     | __main__:extract_pendencias:183 - [77] Processando: SERVIR SEGURANCA E VIGILANCIA LTDA (02642837000160)
2026-03-10 17:02:52 | INFO     | __main__:_handle_report_tab:42 - Iniciando captura de relatório...
2026-03-10 17:02:52 | DEBUG    | __main__:_handle_report_tab:46 - Verificando botão antes do clique: {'onclick': None, 'href': 'https://storage.googleapis.com/storagescrapings.appspot.com/ecac/49586312000118/situacao-fiscal-2026-03-10-02642837000160--7426392162282559318.pdf', 'text': '', 'download': True}
2026-03-10 17:02:54 | INFO     | __main__:_handle_report_tab:59 - Detectado link de PDF. Tentando download direto...
2026-03-10 17:03:09 | WARNING  | __main__:_handle_report_tab:72 - Falha no download direto, tentando via aba: Timeout 15000ms exceeded while waiting for event "download"
=========================== logs ===========================
waiting for event "download"
============================================================
2026-03-10 17:03:09 | INFO     | __main__:_handle_report_tab:84 - Relatório PDF em aba: https://storage.googleapis.com/storagescrapings.appspot.com/ecac/49586312000118/situacao-fiscal-2026-03-10-02642837000160--7426392162282559318.pdf. Baixando via request...
2026-03-10 17:03:10 | INFO     | __main__:_handle_report_tab:103 - Texto extraído (5900 chars). Analisando débitos e omissões...
2026-03-10 17:03:10 | WARNING  | __main__:_handle_report_tab:107 - SiefParser não encontrou pendências no texto. Primeiros 200 chars: MINISTÉRIO DA ECONOMIA Por meio do Integra Contador
SECRETARIA ESPECIAL DA RECEITA FEDERAL DO BRASIL Autor pedido: 49.586.312/0001-18. Contratante: 28.408.293/0001-60
PROCURADORIA-GERAL DA FAZENDA NAC
2026-03-10 17:03:10 | INFO     | __main__:extract_pendencias:183 - [78] Processando: SINLOBA - SINDICATO DOS LOTERICOS E ASSEMELHADOS DO ESTADO DA BAHIA (04964315000100)
2026-03-10 17:03:10 | INFO     | __main__:_handle_report_tab:42 - Iniciando captura de relatório...
2026-03-10 17:03:10 | DEBUG    | __main__:_handle_report_tab:46 - Verificando botão antes do clique: {'onclick': None, 'href': 'https://storage.googleapis.com/storagescrapings.appspot.com/ecac/49586312000118/situacao-fiscal-2026-03-10-04964315000100--4650988005219744818.pdf', 'text': '', 'download': True}
2026-03-10 17:03:11 | INFO     | __main__:_handle_report_tab:59 - Detectado link de PDF. Tentando download direto...
2026-03-10 17:03:26 | WARNING  | __main__:_handle_report_tab:72 - Falha no download direto, tentando via aba: Timeout 15000ms exceeded while waiting for event "download"
=========================== logs ===========================
waiting for event "download"
============================================================
2026-03-10 17:03:26 | INFO     | __main__:_handle_report_tab:84 - Relatório PDF em aba: https://storage.googleapis.com/storagescrapings.appspot.com/ecac/49586312000118/situacao-fiscal-2026-03-10-04964315000100--4650988005219744818.pdf. Baixando via request...
2026-03-10 17:03:27 | INFO     | __main__:_handle_report_tab:103 - Texto extraído (2118 chars). Analisando débitos e omissões...
2026-03-10 17:03:27 | WARNING  | __main__:_handle_report_tab:107 - SiefParser não encontrou pendências no texto. Primeiros 200 chars: MINISTÉRIO DA ECONOMIA Por meio do Integra Contador
SECRETARIA ESPECIAL DA RECEITA FEDERAL DO BRASIL Autor pedido: 49.586.312/0001-18. Contratante: 28.408.293/0001-60
PROCURADORIA-GERAL DA FAZENDA NAC
2026-03-10 17:03:27 | INFO     | __main__:extract_pendencias:183 - [79] Processando: STAUMMAQ SERVICOS TECNICOS AUTOMACAO MOTORES E MAQUINAS LTDA (02370080000100)
2026-03-10 17:03:27 | INFO     | __main__:_handle_report_tab:42 - Iniciando captura de relatório...
2026-03-10 17:03:27 | DEBUG    | __main__:_handle_report_tab:46 - Verificando botão antes do clique: {'onclick': None, 'href': 'https://storage.googleapis.com/storagescrapings.appspot.com/ecac/49586312000118/situacao-fiscal-2026-03-10-02370080000100-4683628906683906302.pdf', 'text': '', 'download': True}
2026-03-10 17:03:28 | INFO     | __main__:_handle_report_tab:59 - Detectado link de PDF. Tentando download direto...
2026-03-10 17:03:43 | WARNING  | __main__:_handle_report_tab:72 - Falha no download direto, tentando via aba: Timeout 15000ms exceeded while waiting for event "download"
=========================== logs ===========================
waiting for event "download"
============================================================
2026-03-10 17:03:43 | INFO     | __main__:_handle_report_tab:84 - Relatório PDF em aba: https://storage.googleapis.com/storagescrapings.appspot.com/ecac/49586312000118/situacao-fiscal-2026-03-10-02370080000100-4683628906683906302.pdf. Baixando via request...
2026-03-10 17:03:44 | INFO     | __main__:_handle_report_tab:103 - Texto extraído (10018 chars). Analisando débitos e omissões...
2026-03-10 17:03:44 | INFO     | __main__:extract_pendencias:183 - [80] Processando: STELU PATRIMONIAL LIMITADA (11501054000157)
2026-03-10 17:03:44 | INFO     | __main__:_handle_report_tab:42 - Iniciando captura de relatório...
2026-03-10 17:03:44 | DEBUG    | __main__:_handle_report_tab:46 - Verificando botão antes do clique: {'onclick': None, 'href': 'https://storage.googleapis.com/storagescrapings.appspot.com/ecac/49586312000118/situacao-fiscal-2026-03-10-11501054000157--7975647453514611855.pdf', 'text': '', 'download': True}
2026-03-10 17:03:45 | INFO     | __main__:_handle_report_tab:59 - Detectado link de PDF. Tentando download direto...
2026-03-10 17:04:00 | WARNING  | __main__:_handle_report_tab:72 - Falha no download direto, tentando via aba: Timeout 15000ms exceeded while waiting for event "download"
=========================== logs ===========================
waiting for event "download"
============================================================
2026-03-10 17:04:00 | INFO     | __main__:_handle_report_tab:84 - Relatório PDF em aba: https://storage.googleapis.com/storagescrapings.appspot.com/ecac/49586312000118/situacao-fiscal-2026-03-10-11501054000157--7975647453514611855.pdf. Baixando via request...
2026-03-10 17:04:01 | INFO     | __main__:_handle_report_tab:103 - Texto extraído (3068 chars). Analisando débitos e omissões...
2026-03-10 17:04:01 | INFO     | __main__:extract_pendencias:183 - [81] Processando: STK - ENSINO MEDIO LTDA. (07007823000198)
2026-03-10 17:04:01 | INFO     | __main__:_handle_report_tab:42 - Iniciando captura de relatório...
2026-03-10 17:04:01 | DEBUG    | __main__:_handle_report_tab:46 - Verificando botão antes do clique: {'onclick': None, 'href': 'https://storage.googleapis.com/storagescrapings.appspot.com/ecac/49586312000118/situacao-fiscal-2026-03-10-07007823000198--2012357875125494208.pdf', 'text': '', 'download': True}
2026-03-10 17:04:02 | INFO     | __main__:_handle_report_tab:59 - Detectado link de PDF. Tentando download direto...
2026-03-10 17:04:17 | WARNING  | __main__:_handle_report_tab:72 - Falha no download direto, tentando via aba: Timeout 15000ms exceeded while waiting for event "download"
=========================== logs ===========================
waiting for event "download"
============================================================
2026-03-10 17:04:17 | INFO     | __main__:_handle_report_tab:84 - Relatório PDF em aba: https://storage.googleapis.com/storagescrapings.appspot.com/ecac/49586312000118/situacao-fiscal-2026-03-10-07007823000198--2012357875125494208.pdf. Baixando via request...
2026-03-10 17:04:18 | INFO     | __main__:_handle_report_tab:103 - Texto extraído (7571 chars). Analisando débitos e omissões...
2026-03-10 17:04:18 | WARNING  | __main__:_handle_report_tab:107 - SiefParser não encontrou pendências no texto. Primeiros 200 chars: MINISTÉRIO DA ECONOMIA Por meio do Integra Contador
SECRETARIA ESPECIAL DA RECEITA FEDERAL DO BRASIL Autor pedido: 49.586.312/0001-18. Contratante: 28.408.293/0001-60
PROCURADORIA-GERAL DA FAZENDA NAC
2026-03-10 17:04:18 | INFO     | __main__:extract_pendencias:183 - [82] Processando: TAMP - ENSINO FUNDAMENTAL LTDA. (04607541000133)
2026-03-10 17:04:18 | INFO     | __main__:_handle_report_tab:42 - Iniciando captura de relatório...
2026-03-10 17:04:18 | DEBUG    | __main__:_handle_report_tab:46 - Verificando botão antes do clique: {'onclick': None, 'href': 'https://storage.googleapis.com/storagescrapings.appspot.com/ecac/49586312000118/situacao-fiscal-2026-03-10-04607541000133--6651989339997511169.pdf', 'text': '', 'download': True}
2026-03-10 17:04:19 | INFO     | __main__:_handle_report_tab:59 - Detectado link de PDF. Tentando download direto...
2026-03-10 17:04:34 | WARNING  | __main__:_handle_report_tab:72 - Falha no download direto, tentando via aba: Timeout 15000ms exceeded while waiting for event "download"
=========================== logs ===========================
waiting for event "download"
============================================================
2026-03-10 17:04:35 | INFO     | __main__:_handle_report_tab:84 - Relatório PDF em aba: https://storage.googleapis.com/storagescrapings.appspot.com/ecac/49586312000118/situacao-fiscal-2026-03-10-04607541000133--6651989339997511169.pdf. Baixando via request...
2026-03-10 17:04:35 | INFO     | __main__:_handle_report_tab:103 - Texto extraído (19094 chars). Analisando débitos e omissões...
2026-03-10 17:04:35 | WARNING  | __main__:_handle_report_tab:107 - SiefParser não encontrou pendências no texto. Primeiros 200 chars: MINISTÉRIO DA ECONOMIA Por meio do Integra Contador
SECRETARIA ESPECIAL DA RECEITA FEDERAL DO BRASIL Autor pedido: 49.586.312/0001-18. Contratante: 28.408.293/0001-60
PROCURADORIA-GERAL DA FAZENDA NAC
2026-03-10 17:04:35 | INFO     | __main__:extract_pendencias:183 - [83] Processando: TECMARQUES ASSOCIADOS LTDA (48772387000120)
2026-03-10 17:04:35 | INFO     | __main__:_handle_report_tab:42 - Iniciando captura de relatório...
2026-03-10 17:04:36 | DEBUG    | __main__:_handle_report_tab:46 - Verificando botão antes do clique: {'onclick': None, 'href': 'https://storage.googleapis.com/storagescrapings.appspot.com/ecac/49586312000118/situacao-fiscal-2026-03-10-48772387000120-3756709464639021943.pdf', 'text': '', 'download': True}
2026-03-10 17:04:37 | INFO     | __main__:_handle_report_tab:59 - Detectado link de PDF. Tentando download direto...
2026-03-10 17:04:52 | WARNING  | __main__:_handle_report_tab:72 - Falha no download direto, tentando via aba: Timeout 15000ms exceeded while waiting for event "download"
=========================== logs ===========================
waiting for event "download"
============================================================
2026-03-10 17:04:52 | INFO     | __main__:_handle_report_tab:84 - Relatório PDF em aba: https://storage.googleapis.com/storagescrapings.appspot.com/ecac/49586312000118/situacao-fiscal-2026-03-10-48772387000120-3756709464639021943.pdf. Baixando via request...
2026-03-10 17:04:53 | INFO     | __main__:_handle_report_tab:103 - Texto extraído (3297 chars). Analisando débitos e omissões...
2026-03-10 17:04:53 | WARNING  | __main__:_handle_report_tab:107 - SiefParser não encontrou pendências no texto. Primeiros 200 chars: MINISTÉRIO DA ECONOMIA Por meio do Integra Contador
SECRETARIA ESPECIAL DA RECEITA FEDERAL DO BRASIL Autor pedido: 49.586.312/0001-18. Contratante: 28.408.293/0001-60
PROCURADORIA-GERAL DA FAZENDA NAC
2026-03-10 17:04:53 | INFO     | __main__:extract_pendencias:183 - [84] Processando: TOK UNIFORMES COMERCIO DE CONFECCOES LTDA (25190228000112)
2026-03-10 17:04:53 | INFO     | __main__:_handle_report_tab:42 - Iniciando captura de relatório...
2026-03-10 17:04:53 | DEBUG    | __main__:_handle_report_tab:46 - Verificando botão antes do clique: {'onclick': None, 'href': 'https://storage.googleapis.com/storagescrapings.appspot.com/ecac/49586312000118/situacao-fiscal-2026-03-10-25190228000112-4910105506099822679.pdf', 'text': '', 'download': True}
2026-03-10 17:04:54 | INFO     | __main__:_handle_report_tab:59 - Detectado link de PDF. Tentando download direto...
2026-03-10 17:05:09 | WARNING  | __main__:_handle_report_tab:72 - Falha no download direto, tentando via aba: Timeout 15000ms exceeded while waiting for event "download"
=========================== logs ===========================
waiting for event "download"
============================================================
2026-03-10 17:05:10 | INFO     | __main__:_handle_report_tab:84 - Relatório PDF em aba: https://storage.googleapis.com/storagescrapings.appspot.com/ecac/49586312000118/situacao-fiscal-2026-03-10-25190228000112-4910105506099822679.pdf. Baixando via request...
2026-03-10 17:05:10 | INFO     | __main__:_handle_report_tab:103 - Texto extraído (2906 chars). Analisando débitos e omissões...
2026-03-10 17:05:10 | INFO     | __main__:extract_pendencias:183 - [85] Processando: TXB INVESTIMENTOS LTDA. (20287189000152)
2026-03-10 17:05:10 | INFO     | __main__:_handle_report_tab:42 - Iniciando captura de relatório...
2026-03-10 17:05:10 | DEBUG    | __main__:_handle_report_tab:46 - Verificando botão antes do clique: {'onclick': None, 'href': 'https://storage.googleapis.com/storagescrapings.appspot.com/ecac/49586312000118/situacao-fiscal-2026-03-10-20287189000152-5802815754118781405.pdf', 'text': '', 'download': True}
2026-03-10 17:05:11 | INFO     | __main__:_handle_report_tab:59 - Detectado link de PDF. Tentando download direto...
2026-03-10 17:05:26 | WARNING  | __main__:_handle_report_tab:72 - Falha no download direto, tentando via aba: Timeout 15000ms exceeded while waiting for event "download"
=========================== logs ===========================
waiting for event "download"
============================================================
2026-03-10 17:05:27 | INFO     | __main__:_handle_report_tab:84 - Relatório PDF em aba: https://storage.googleapis.com/storagescrapings.appspot.com/ecac/49586312000118/situacao-fiscal-2026-03-10-20287189000152-5802815754118781405.pdf. Baixando via request...
2026-03-10 17:05:27 | INFO     | __main__:_handle_report_tab:103 - Texto extraído (3135 chars). Analisando débitos e omissões...
2026-03-10 17:05:28 | INFO     | __main__:extract_pendencias:158 - Processando página 6...
2026-03-10 17:05:29 | INFO     | __main__:extract_pendencias:161 - Encontradas 3 empresas com Pendência na página 6
2026-03-10 17:05:29 | INFO     | __main__:extract_pendencias:183 - [86] Processando: VERTEX SOLUTION EM SERVICOS LTDA (58269983000146)
2026-03-10 17:05:29 | INFO     | __main__:_handle_report_tab:42 - Iniciando captura de relatório...
2026-03-10 17:05:29 | DEBUG    | __main__:_handle_report_tab:46 - Verificando botão antes do clique: {'onclick': None, 'href': 'https://storage.googleapis.com/storagescrapings.appspot.com/ecac/49586312000118/situacao-fiscal-2026-03-10-58269983000146--91426381646707851.pdf', 'text': '', 'download': True}
2026-03-10 17:05:30 | INFO     | __main__:_handle_report_tab:59 - Detectado link de PDF. Tentando download direto...
2026-03-10 17:05:45 | WARNING  | __main__:_handle_report_tab:72 - Falha no download direto, tentando via aba: Timeout 15000ms exceeded while waiting for event "download"
=========================== logs ===========================
waiting for event "download"
============================================================
2026-03-10 17:05:46 | INFO     | __main__:_handle_report_tab:84 - Relatório PDF em aba: https://storage.googleapis.com/storagescrapings.appspot.com/ecac/49586312000118/situacao-fiscal-2026-03-10-58269983000146--91426381646707851.pdf. Baixando via request...
2026-03-10 17:05:46 | INFO     | __main__:_handle_report_tab:103 - Texto extraído (3213 chars). Analisando débitos e omissões...
2026-03-10 17:05:46 | INFO     | __main__:extract_pendencias:183 - [87] Processando: VITRINE DA CERVEJA LTDA (18490365000107)
2026-03-10 17:05:46 | INFO     | __main__:_handle_report_tab:42 - Iniciando captura de relatório...
2026-03-10 17:05:46 | DEBUG    | __main__:_handle_report_tab:46 - Verificando botão antes do clique: {'onclick': None, 'href': 'https://storage.googleapis.com/storagescrapings.appspot.com/ecac/49586312000118/situacao-fiscal-2026-03-10-18490365000107--8643941443916180720.pdf', 'text': '', 'download': True}
2026-03-10 17:05:48 | INFO     | __main__:_handle_report_tab:59 - Detectado link de PDF. Tentando download direto...
2026-03-10 17:06:03 | WARNING  | __main__:_handle_report_tab:72 - Falha no download direto, tentando via aba: Timeout 15000ms exceeded while waiting for event "download"
=========================== logs ===========================
waiting for event "download"
============================================================
2026-03-10 17:06:03 | INFO     | __main__:_handle_report_tab:84 - Relatório PDF em aba: https://storage.googleapis.com/storagescrapings.appspot.com/ecac/49586312000118/situacao-fiscal-2026-03-10-18490365000107--8643941443916180720.pdf. Baixando via request...
2026-03-10 17:06:04 | INFO     | __main__:_handle_report_tab:103 - Texto extraído (29044 chars). Analisando débitos e omissões...
2026-03-10 17:06:04 | INFO     | __main__:extract_pendencias:183 - [88] Processando: VOLTA DO RIO PATRIMONIAL S/A. (04771186000133)
2026-03-10 17:06:04 | INFO     | __main__:_handle_report_tab:42 - Iniciando captura de relatório...
2026-03-10 17:06:04 | DEBUG    | __main__:_handle_report_tab:46 - Verificando botão antes do clique: {'onclick': None, 'href': 'https://storage.googleapis.com/storagescrapings.appspot.com/ecac/49586312000118/situacao-fiscal-2026-03-10-04771186000133--8016301968000518451.pdf', 'text': '', 'download': True}
2026-03-10 17:06:06 | INFO     | __main__:_handle_report_tab:59 - Detectado link de PDF. Tentando download direto...
2026-03-10 17:06:21 | WARNING  | __main__:_handle_report_tab:72 - Falha no download direto, tentando via aba: Timeout 15000ms exceeded while waiting for event "download"
=========================== logs ===========================
waiting for event "download"
============================================================
2026-03-10 17:06:21 | INFO     | __main__:_handle_report_tab:84 - Relatório PDF em aba: https://storage.googleapis.com/storagescrapings.appspot.com/ecac/49586312000118/situacao-fiscal-2026-03-10-04771186000133--8016301968000518451.pdf. Baixando via request...
2026-03-10 17:06:21 | INFO     | __main__:_handle_report_tab:103 - Texto extraído (7662 chars). Analisando débitos e omissões...
2026-03-10 17:06:21 | WARNING  | __main__:_handle_report_tab:107 - SiefParser não encontrou pendências no texto. Primeiros 200 chars: MINISTÉRIO DA ECONOMIA Por meio do Integra Contador
SECRETARIA ESPECIAL DA RECEITA FEDERAL DO BRASIL Autor pedido: 49.586.312/0001-18. Contratante: 28.408.293/0001-60
PROCURADORIA-GERAL DA FAZENDA NAC
2026-03-10 17:06:34 | SUCCESS  | __main__:extract_pendencias:234 - Relatório consolidado final gerado.
2026-03-19 08:41:24 | INFO     | __main__:extract_pendencias:123 - --- INICIANDO SESSÃO (Batch 1, Página 1) ---
2026-03-19 08:41:27 | INFO     | __main__:_login:21 - Navegando para o login em https://49586312000118.veri.com.br//login
2026-03-19 08:41:30 | INFO     | __main__:_login:24 - Inserindo credenciais...
2026-03-19 08:41:31 | INFO     | __main__:_login:34 - Aguardando carregamento da área restrita...
2026-03-19 08:41:35 | SUCCESS  | __main__:_login:37 - Logado com sucesso (aparentemente).
2026-03-19 08:41:35 | INFO     | __main__:extract_pendencias:145 - Navegando para lista geral (Resumo na pág 1)...
2026-03-19 08:41:37 | INFO     | __main__:extract_pendencias:158 - Processando página 1...
2026-03-19 08:41:37 | INFO     | __main__:extract_pendencias:161 - Encontradas 12 empresas com Pendência na página 1
2026-03-19 08:41:37 | INFO     | __main__:extract_pendencias:183 - [1] Processando: AG VINHOS E GASTRONOMIA LTDA (62652792000136)
2026-03-19 08:41:37 | INFO     | __main__:_handle_report_tab:42 - Iniciando captura de relatório...
2026-03-19 08:41:37 | DEBUG    | __main__:_handle_report_tab:46 - Verificando botão antes do clique: {'onclick': None, 'href': 'https://storage.googleapis.com/storagescrapings.appspot.com/ecac/49586312000118/situacao-fiscal-2026-03-16-62652792000136-9114705552301900211.pdf', 'text': '', 'download': True}
2026-03-19 08:41:37 | INFO     | __main__:_handle_report_tab:59 - Detectado link de PDF. Tentando download direto...
2026-03-19 08:41:52 | WARNING  | __main__:_handle_report_tab:72 - Falha no download direto, tentando via aba: Timeout 15000ms exceeded while waiting for event "download"
=========================== logs ===========================
waiting for event "download"
============================================================
2026-03-19 08:41:52 | INFO     | __main__:_handle_report_tab:84 - Relatório PDF em aba: https://storage.googleapis.com/storagescrapings.appspot.com/ecac/49586312000118/situacao-fiscal-2026-03-16-62652792000136-9114705552301900211.pdf. Baixando via request...
2026-03-19 08:41:54 | INFO     | __main__:_handle_report_tab:103 - Texto extraído (4109 chars). Analisando débitos e omissões...
2026-03-19 08:41:54 | INFO     | __main__:extract_pendencias:183 - [2] Processando: ANJU PARICIPACOES LIMITADA (11233811000159)
2026-03-19 08:41:54 | INFO     | __main__:_handle_report_tab:42 - Iniciando captura de relatório...
2026-03-19 08:41:54 | DEBUG    | __main__:_handle_report_tab:46 - Verificando botão antes do clique: {'onclick': None, 'href': 'https://storage.googleapis.com/storagescrapings.appspot.com/ecac/49586312000118/situacao-fiscal-2026-03-16-11233811000159--1155728024043269974.pdf', 'text': '', 'download': True}
2026-03-19 08:41:56 | INFO     | __main__:_handle_report_tab:59 - Detectado link de PDF. Tentando download direto...
2026-03-19 08:42:11 | WARNING  | __main__:_handle_report_tab:72 - Falha no download direto, tentando via aba: Timeout 15000ms exceeded while waiting for event "download"
=========================== logs ===========================
waiting for event "download"
============================================================
2026-03-19 08:42:11 | INFO     | __main__:_handle_report_tab:84 - Relatório PDF em aba: https://storage.googleapis.com/storagescrapings.appspot.com/ecac/49586312000118/situacao-fiscal-2026-03-16-11233811000159--1155728024043269974.pdf. Baixando via request...
2026-03-19 08:42:11 | INFO     | __main__:_handle_report_tab:103 - Texto extraído (3191 chars). Analisando débitos e omissões...
2026-03-19 08:42:11 | INFO     | __main__:extract_pendencias:183 - [3] Processando: ARCO APOIO RODOVIARIO COLETIVO SA (16199705000110)
2026-03-19 08:42:11 | INFO     | __main__:_handle_report_tab:42 - Iniciando captura de relatório...
2026-03-19 08:42:11 | DEBUG    | __main__:_handle_report_tab:46 - Verificando botão antes do clique: {'onclick': None, 'href': 'https://storage.googleapis.com/storagescrapings.appspot.com/ecac/49586312000118/situacao-fiscal-2026-03-18-16199705000110--5934259246952748260.pdf', 'text': '', 'download': True}
2026-03-19 08:42:13 | INFO     | __main__:_handle_report_tab:59 - Detectado link de PDF. Tentando download direto...
2026-03-19 08:42:28 | WARNING  | __main__:_handle_report_tab:72 - Falha no download direto, tentando via aba: Timeout 15000ms exceeded while waiting for event "download"
=========================== logs ===========================
waiting for event "download"
============================================================
2026-03-19 08:42:28 | INFO     | __main__:_handle_report_tab:84 - Relatório PDF em aba: https://storage.googleapis.com/storagescrapings.appspot.com/ecac/49586312000118/situacao-fiscal-2026-03-18-16199705000110--5934259246952748260.pdf. Baixando via request...
2026-03-19 08:42:28 | INFO     | __main__:_handle_report_tab:103 - Texto extraído (2215 chars). Analisando débitos e omissões...
2026-03-19 08:42:28 | WARNING  | __main__:_handle_report_tab:107 - SiefParser não encontrou pendências no texto. Primeiros 200 chars: MINISTÉRIO DA ECONOMIA Por meio do Integra Contador
SECRETARIA ESPECIAL DA RECEITA FEDERAL DO BRASIL Autor pedido: 49.586.312/0001-18. Contratante: 28.408.293/0001-60
PROCURADORIA-GERAL DA FAZENDA NAC
2026-03-19 08:42:28 | INFO     | __main__:extract_pendencias:183 - [4] Processando: BAHIA FARMS INVESTIMENTOS AGRICOLAS LTDA (09106487000166)
2026-03-19 08:42:28 | INFO     | __main__:_handle_report_tab:42 - Iniciando captura de relatório...
2026-03-19 08:42:28 | DEBUG    | __main__:_handle_report_tab:46 - Verificando botão antes do clique: {'onclick': None, 'href': 'https://storage.googleapis.com/storagescrapings.appspot.com/ecac/49586312000118/situacao-fiscal-2026-03-10-09106487000166-5359464979467263675.pdf', 'text': '', 'download': True}
2026-03-19 08:42:30 | INFO     | __main__:_handle_report_tab:59 - Detectado link de PDF. Tentando download direto...
2026-03-19 08:42:45 | WARNING  | __main__:_handle_report_tab:72 - Falha no download direto, tentando via aba: Timeout 15000ms exceeded while waiting for event "download"
=========================== logs ===========================
waiting for event "download"
============================================================
2026-03-19 08:42:45 | INFO     | __main__:_handle_report_tab:84 - Relatório PDF em aba: https://storage.googleapis.com/storagescrapings.appspot.com/ecac/49586312000118/situacao-fiscal-2026-03-10-09106487000166-5359464979467263675.pdf. Baixando via request...
2026-03-19 08:42:46 | INFO     | __main__:_handle_report_tab:103 - Texto extraído (16952 chars). Analisando débitos e omissões...
2026-03-19 08:42:46 | INFO     | __main__:extract_pendencias:183 - [5] Processando: BAHIA LAND CONSULTORIA DE NEGOCIOS E INVESTIMENTOS LTDA (09023277000104)
2026-03-19 08:42:46 | INFO     | __main__:_handle_report_tab:42 - Iniciando captura de relatório...
2026-03-19 08:42:46 | DEBUG    | __main__:_handle_report_tab:46 - Verificando botão antes do clique: {'onclick': None, 'href': 'https://storage.googleapis.com/storagescrapings.appspot.com/ecac/49586312000118/situacao-fiscal-2026-03-10-09023277000104-8160357367426442283.pdf', 'text': '', 'download': True}
2026-03-19 08:42:48 | INFO     | __main__:_handle_report_tab:59 - Detectado link de PDF. Tentando download direto...
2026-03-19 08:43:03 | WARNING  | __main__:_handle_report_tab:72 - Falha no download direto, tentando via aba: Timeout 15000ms exceeded while waiting for event "download"
=========================== logs ===========================
waiting for event "download"
============================================================
2026-03-19 08:43:03 | INFO     | __main__:_handle_report_tab:84 - Relatório PDF em aba: https://storage.googleapis.com/storagescrapings.appspot.com/ecac/49586312000118/situacao-fiscal-2026-03-10-09023277000104-8160357367426442283.pdf. Baixando via request...
2026-03-19 08:43:03 | INFO     | __main__:_handle_report_tab:103 - Texto extraído (2385 chars). Analisando débitos e omissões...
2026-03-19 08:43:03 | INFO     | __main__:extract_pendencias:183 - [6] Processando: BLANCO IMOBILIARIA E ADMINISTRADORA LTDA (06915315000145)
2026-03-19 08:43:03 | INFO     | __main__:_handle_report_tab:42 - Iniciando captura de relatório...
2026-03-19 08:43:03 | DEBUG    | __main__:_handle_report_tab:46 - Verificando botão antes do clique: {'onclick': None, 'href': 'https://storage.googleapis.com/storagescrapings.appspot.com/ecac/49586312000118/situacao-fiscal-2026-03-10-06915315000145-4069201878538756051.pdf', 'text': '', 'download': True}
2026-03-19 08:43:05 | INFO     | __main__:_handle_report_tab:59 - Detectado link de PDF. Tentando download direto...
2026-03-19 08:43:20 | WARNING  | __main__:_handle_report_tab:72 - Falha no download direto, tentando via aba: Timeout 15000ms exceeded while waiting for event "download"
=========================== logs ===========================
waiting for event "download"
============================================================
2026-03-19 08:43:20 | INFO     | __main__:_handle_report_tab:84 - Relatório PDF em aba: https://storage.googleapis.com/storagescrapings.appspot.com/ecac/49586312000118/situacao-fiscal-2026-03-10-06915315000145-4069201878538756051.pdf. Baixando via request...
2026-03-19 08:43:21 | INFO     | __main__:_handle_report_tab:103 - Texto extraído (11145 chars). Analisando débitos e omissões...
2026-03-19 08:43:21 | INFO     | __main__:extract_pendencias:183 - [7] Processando: CAMILLA PINON ALPHONSE KARR (25196780000118)
2026-03-19 08:43:21 | INFO     | __main__:_handle_report_tab:42 - Iniciando captura de relatório...
2026-03-19 08:43:21 | DEBUG    | __main__:_handle_report_tab:46 - Verificando botão antes do clique: {'onclick': None, 'href': 'https://storage.googleapis.com/storagescrapings.appspot.com/ecac/49586312000118/situacao-fiscal-2026-03-18-25196780000118--8177952638774925688.pdf', 'text': '', 'download': True}
2026-03-19 08:43:22 | INFO     | __main__:_handle_report_tab:59 - Detectado link de PDF. Tentando download direto...
2026-03-19 08:43:37 | WARNING  | __main__:_handle_report_tab:72 - Falha no download direto, tentando via aba: Timeout 15000ms exceeded while waiting for event "download"
=========================== logs ===========================
waiting for event "download"
============================================================
2026-03-19 08:43:37 | INFO     | __main__:_handle_report_tab:84 - Relatório PDF em aba: https://storage.googleapis.com/storagescrapings.appspot.com/ecac/49586312000118/situacao-fiscal-2026-03-18-25196780000118--8177952638774925688.pdf. Baixando via request...
2026-03-19 08:43:38 | INFO     | __main__:_handle_report_tab:103 - Texto extraído (3324 chars). Analisando débitos e omissões...
2026-03-19 08:43:38 | INFO     | __main__:extract_pendencias:183 - [8] Processando: CCA REPARACAO DE CALCADOS E BOLSAS LTDA (04778322000117)
2026-03-19 08:43:38 | INFO     | __main__:_handle_report_tab:42 - Iniciando captura de relatório...
2026-03-19 08:43:38 | DEBUG    | __main__:_handle_report_tab:46 - Verificando botão antes do clique: {'onclick': None, 'href': 'https://storage.googleapis.com/storagescrapings.appspot.com/ecac/49586312000118/situacao-fiscal-2026-03-10-04778322000117-4399378195667265436.pdf', 'text': '', 'download': True}
2026-03-19 08:43:39 | INFO     | __main__:_handle_report_tab:59 - Detectado link de PDF. Tentando download direto...
2026-03-19 08:43:54 | WARNING  | __main__:_handle_report_tab:72 - Falha no download direto, tentando via aba: Timeout 15000ms exceeded while waiting for event "download"
=========================== logs ===========================
waiting for event "download"
============================================================
2026-03-19 08:43:54 | INFO     | __main__:_handle_report_tab:84 - Relatório PDF em aba: https://storage.googleapis.com/storagescrapings.appspot.com/ecac/49586312000118/situacao-fiscal-2026-03-10-04778322000117-4399378195667265436.pdf. Baixando via request...
2026-03-19 08:43:55 | INFO     | __main__:_handle_report_tab:103 - Texto extraído (10490 chars). Analisando débitos e omissões...
2026-03-19 08:43:55 | INFO     | __main__:extract_pendencias:183 - [9] Processando: CEMECOR CENTRO MEDICO CARDIOLOGICO S/C LTDA (00807080000191)
2026-03-19 08:43:55 | INFO     | __main__:_handle_report_tab:42 - Iniciando captura de relatório...
2026-03-19 08:43:55 | DEBUG    | __main__:_handle_report_tab:46 - Verificando botão antes do clique: {'onclick': None, 'href': 'https://storage.googleapis.com/storagescrapings.appspot.com/ecac/49586312000118/situacao-fiscal-2026-03-10-00807080000191-4093500059623742596.pdf', 'text': '', 'download': True}
2026-03-19 08:43:57 | INFO     | __main__:_handle_report_tab:59 - Detectado link de PDF. Tentando download direto...
2026-03-19 08:44:12 | WARNING  | __main__:_handle_report_tab:72 - Falha no download direto, tentando via aba: Timeout 15000ms exceeded while waiting for event "download"
=========================== logs ===========================
waiting for event "download"
============================================================
2026-03-19 08:44:12 | INFO     | __main__:_handle_report_tab:84 - Relatório PDF em aba: https://storage.googleapis.com/storagescrapings.appspot.com/ecac/49586312000118/situacao-fiscal-2026-03-10-00807080000191-4093500059623742596.pdf. Baixando via request...
2026-03-19 08:44:13 | INFO     | __main__:_handle_report_tab:103 - Texto extraído (6475 chars). Analisando débitos e omissões...
2026-03-19 08:44:13 | INFO     | __main__:extract_pendencias:183 - [10] Processando: CENTRAL DO DENTE - CLINICA ODONTOLOGICA LTDA (08154181000112)
2026-03-19 08:44:13 | INFO     | __main__:_handle_report_tab:42 - Iniciando captura de relatório...
2026-03-19 08:44:13 | DEBUG    | __main__:_handle_report_tab:46 - Verificando botão antes do clique: {'onclick': None, 'href': 'https://storage.googleapis.com/storagescrapings.appspot.com/ecac/49586312000118/situacao-fiscal-2026-03-10-08154181000112--148977977699984578.pdf', 'text': '', 'download': True}
2026-03-19 08:44:14 | INFO     | __main__:_handle_report_tab:59 - Detectado link de PDF. Tentando download direto...
2026-03-19 08:44:29 | WARNING  | __main__:_handle_report_tab:72 - Falha no download direto, tentando via aba: Timeout 15000ms exceeded while waiting for event "download"
=========================== logs ===========================
waiting for event "download"
============================================================
2026-03-19 08:44:29 | INFO     | __main__:_handle_report_tab:84 - Relatório PDF em aba: https://storage.googleapis.com/storagescrapings.appspot.com/ecac/49586312000118/situacao-fiscal-2026-03-10-08154181000112--148977977699984578.pdf. Baixando via request...
2026-03-19 08:44:31 | INFO     | __main__:_handle_report_tab:103 - Texto extraído (34978 chars). Analisando débitos e omissões...
2026-03-19 08:44:31 | INFO     | __main__:extract_pendencias:183 - [11] Processando: CERAMICA REAL LTDA (14757660000126)
2026-03-19 08:44:31 | INFO     | __main__:_handle_report_tab:42 - Iniciando captura de relatório...
2026-03-19 08:44:31 | DEBUG    | __main__:_handle_report_tab:46 - Verificando botão antes do clique: {'onclick': None, 'href': 'https://storage.googleapis.com/storagescrapings.appspot.com/ecac/49586312000118/situacao-fiscal-2026-03-18-14757660000126--3083116825014177271.pdf', 'text': '', 'download': True}
2026-03-19 08:44:32 | INFO     | __main__:_handle_report_tab:59 - Detectado link de PDF. Tentando download direto...
2026-03-19 08:44:47 | WARNING  | __main__:_handle_report_tab:72 - Falha no download direto, tentando via aba: Timeout 15000ms exceeded while waiting for event "download"
=========================== logs ===========================
waiting for event "download"
============================================================
2026-03-19 08:44:47 | INFO     | __main__:_handle_report_tab:84 - Relatório PDF em aba: https://storage.googleapis.com/storagescrapings.appspot.com/ecac/49586312000118/situacao-fiscal-2026-03-18-14757660000126--3083116825014177271.pdf. Baixando via request...
2026-03-19 08:44:48 | INFO     | __main__:_handle_report_tab:103 - Texto extraído (2751 chars). Analisando débitos e omissões...
2026-03-19 08:44:48 | INFO     | __main__:extract_pendencias:183 - [12] Processando: CLIMACONTTROL AR CONDICIONADOS LTDA (42159055000199)
2026-03-19 08:44:48 | INFO     | __main__:_handle_report_tab:42 - Iniciando captura de relatório...
2026-03-19 08:44:48 | DEBUG    | __main__:_handle_report_tab:46 - Verificando botão antes do clique: {'onclick': None, 'href': 'https://storage.googleapis.com/storagescrapings.appspot.com/ecac/49586312000118/situacao-fiscal-2026-03-10-42159055000199--6470727640077017110.pdf', 'text': '', 'download': True}
2026-03-19 08:44:49 | INFO     | __main__:_handle_report_tab:59 - Detectado link de PDF. Tentando download direto...
2026-03-19 08:45:04 | WARNING  | __main__:_handle_report_tab:72 - Falha no download direto, tentando via aba: Timeout 15000ms exceeded while waiting for event "download"
=========================== logs ===========================
waiting for event "download"
============================================================
2026-03-19 08:45:04 | INFO     | __main__:_handle_report_tab:84 - Relatório PDF em aba: https://storage.googleapis.com/storagescrapings.appspot.com/ecac/49586312000118/situacao-fiscal-2026-03-10-42159055000199--6470727640077017110.pdf. Baixando via request...
2026-03-19 08:45:05 | INFO     | __main__:_handle_report_tab:103 - Texto extraído (3316 chars). Analisando débitos e omissões...
2026-03-19 08:45:06 | INFO     | __main__:extract_pendencias:158 - Processando página 2...
2026-03-19 08:45:06 | INFO     | __main__:extract_pendencias:161 - Encontradas 12 empresas com Pendência na página 2
2026-03-19 08:45:06 | INFO     | __main__:extract_pendencias:183 - [13] Processando: CMNR PATRIMONIAL LTDA. (14429350000182)
2026-03-19 08:45:06 | INFO     | __main__:_handle_report_tab:42 - Iniciando captura de relatório...
2026-03-19 08:45:06 | DEBUG    | __main__:_handle_report_tab:46 - Verificando botão antes do clique: {'onclick': None, 'href': 'https://storage.googleapis.com/storagescrapings.appspot.com/ecac/49586312000118/situacao-fiscal-2026-03-18-14429350000182-4319455848996022556.pdf', 'text': '', 'download': True}
2026-03-19 08:45:08 | INFO     | __main__:_handle_report_tab:59 - Detectado link de PDF. Tentando download direto...
2026-03-19 08:45:23 | WARNING  | __main__:_handle_report_tab:72 - Falha no download direto, tentando via aba: Timeout 15000ms exceeded while waiting for event "download"
=========================== logs ===========================
waiting for event "download"
============================================================
2026-03-19 08:45:23 | INFO     | __main__:_handle_report_tab:84 - Relatório PDF em aba: https://storage.googleapis.com/storagescrapings.appspot.com/ecac/49586312000118/situacao-fiscal-2026-03-18-14429350000182-4319455848996022556.pdf. Baixando via request...
2026-03-19 08:45:24 | INFO     | __main__:_handle_report_tab:103 - Texto extraído (3182 chars). Analisando débitos e omissões...
2026-03-19 08:45:24 | INFO     | __main__:extract_pendencias:183 - [14] Processando: CORPORATIVA REVESTIMENTOS METALICOS LTDA (44573989000106)
2026-03-19 08:45:24 | INFO     | __main__:_handle_report_tab:42 - Iniciando captura de relatório...
2026-03-19 08:45:24 | DEBUG    | __main__:_handle_report_tab:46 - Verificando botão antes do clique: {'onclick': None, 'href': 'https://storage.googleapis.com/storagescrapings.appspot.com/ecac/49586312000118/situacao-fiscal-2026-03-10-44573989000106--7177454262988630277.pdf', 'text': '', 'download': True}
2026-03-19 08:45:25 | INFO     | __main__:_handle_report_tab:59 - Detectado link de PDF. Tentando download direto...
2026-03-19 08:45:40 | WARNING  | __main__:_handle_report_tab:72 - Falha no download direto, tentando via aba: Timeout 15000ms exceeded while waiting for event "download"
=========================== logs ===========================
waiting for event "download"
============================================================
2026-03-19 08:45:40 | INFO     | __main__:_handle_report_tab:84 - Relatório PDF em aba: https://storage.googleapis.com/storagescrapings.appspot.com/ecac/49586312000118/situacao-fiscal-2026-03-10-44573989000106--7177454262988630277.pdf. Baixando via request...
2026-03-19 08:45:41 | INFO     | __main__:_handle_report_tab:103 - Texto extraído (7991 chars). Analisando débitos e omissões...
2026-03-19 08:45:41 | INFO     | __main__:extract_pendencias:183 - [15] Processando: D L COMERCIO DE ALIMENTOS LTDA (28590601000110)
2026-03-19 08:45:41 | INFO     | __main__:_handle_report_tab:42 - Iniciando captura de relatório...
2026-03-19 08:45:41 | DEBUG    | __main__:_handle_report_tab:46 - Verificando botão antes do clique: {'onclick': None, 'href': 'https://storage.googleapis.com/storagescrapings.appspot.com/ecac/49586312000118/situacao-fiscal-2026-03-10-28590601000110-5233552800627528238.pdf', 'text': '', 'download': True}
2026-03-19 08:45:42 | INFO     | __main__:_handle_report_tab:59 - Detectado link de PDF. Tentando download direto...
2026-03-19 08:45:57 | WARNING  | __main__:_handle_report_tab:72 - Falha no download direto, tentando via aba: Timeout 15000ms exceeded while waiting for event "download"
=========================== logs ===========================
waiting for event "download"
============================================================
2026-03-19 08:45:58 | INFO     | __main__:_handle_report_tab:84 - Relatório PDF em aba: https://storage.googleapis.com/storagescrapings.appspot.com/ecac/49586312000118/situacao-fiscal-2026-03-10-28590601000110-5233552800627528238.pdf. Baixando via request...
2026-03-19 08:45:59 | INFO     | __main__:_handle_report_tab:103 - Texto extraído (23288 chars). Analisando débitos e omissões...
2026-03-19 08:45:59 | INFO     | __main__:extract_pendencias:183 - [16] Processando: D. A. MACEDO (15360279000272)
2026-03-19 08:45:59 | INFO     | __main__:_handle_report_tab:42 - Iniciando captura de relatório...
2026-03-19 08:45:59 | DEBUG    | __main__:_handle_report_tab:46 - Verificando botão antes do clique: {'onclick': None, 'href': 'https://storage.googleapis.com/storagescrapings.appspot.com/ecac/49586312000118/situacao-fiscal-2026-03-10-15360279000272--7191671351169571868.pdf', 'text': '', 'download': True}
2026-03-19 08:46:00 | INFO     | __main__:_handle_report_tab:59 - Detectado link de PDF. Tentando download direto...
2026-03-19 08:46:15 | WARNING  | __main__:_handle_report_tab:72 - Falha no download direto, tentando via aba: Timeout 15000ms exceeded while waiting for event "download"
=========================== logs ===========================
waiting for event "download"
============================================================
2026-03-19 08:46:16 | INFO     | __main__:_handle_report_tab:84 - Relatório PDF em aba: https://storage.googleapis.com/storagescrapings.appspot.com/ecac/49586312000118/situacao-fiscal-2026-03-10-15360279000272--7191671351169571868.pdf. Baixando via request...
2026-03-19 08:46:16 | INFO     | __main__:_handle_report_tab:103 - Texto extraído (5835 chars). Analisando débitos e omissões...
2026-03-19 08:46:16 | INFO     | __main__:extract_pendencias:183 - [17] Processando: DARCYDIAS REPRESENTACOES LTDA MICRO EMPRESA (13709910000190)
2026-03-19 08:46:16 | INFO     | __main__:_handle_report_tab:42 - Iniciando captura de relatório...
2026-03-19 08:46:16 | DEBUG    | __main__:_handle_report_tab:46 - Verificando botão antes do clique: {'onclick': None, 'href': 'https://storage.googleapis.com/storagescrapings.appspot.com/ecac/49586312000118/situacao-fiscal-2026-03-10-13709910000190--8485762134540802554.pdf', 'text': '', 'download': True}
2026-03-19 08:46:17 | INFO     | __main__:_handle_report_tab:59 - Detectado link de PDF. Tentando download direto...
2026-03-19 08:46:32 | WARNING  | __main__:_handle_report_tab:72 - Falha no download direto, tentando via aba: Timeout 15000ms exceeded while waiting for event "download"
=========================== logs ===========================
waiting for event "download"
============================================================
2026-03-19 08:46:33 | INFO     | __main__:_handle_report_tab:84 - Relatório PDF em aba: https://storage.googleapis.com/storagescrapings.appspot.com/ecac/49586312000118/situacao-fiscal-2026-03-10-13709910000190--8485762134540802554.pdf. Baixando via request...
2026-03-19 08:46:34 | INFO     | __main__:_handle_report_tab:103 - Texto extraído (17493 chars). Analisando débitos e omissões...
2026-03-19 08:46:34 | INFO     | __main__:extract_pendencias:183 - [18] Processando: DELTALINE SERVICOS LTDA. (01813680000125)
2026-03-19 08:46:34 | INFO     | __main__:_handle_report_tab:42 - Iniciando captura de relatório...
2026-03-19 08:46:34 | DEBUG    | __main__:_handle_report_tab:46 - Verificando botão antes do clique: {'onclick': None, 'href': 'https://storage.googleapis.com/storagescrapings.appspot.com/ecac/49586312000118/situacao-fiscal-2026-03-16-01813680000125-8924129730390391923.pdf', 'text': '', 'download': True}
2026-03-19 08:46:36 | INFO     | __main__:_handle_report_tab:59 - Detectado link de PDF. Tentando download direto...
2026-03-19 08:46:51 | WARNING  | __main__:_handle_report_tab:72 - Falha no download direto, tentando via aba: Timeout 15000ms exceeded while waiting for event "download"
=========================== logs ===========================
waiting for event "download"
============================================================
2026-03-19 08:46:51 | INFO     | __main__:_handle_report_tab:84 - Relatório PDF em aba: https://storage.googleapis.com/storagescrapings.appspot.com/ecac/49586312000118/situacao-fiscal-2026-03-16-01813680000125-8924129730390391923.pdf. Baixando via request...
2026-03-19 08:46:51 | INFO     | __main__:_handle_report_tab:103 - Texto extraído (3238 chars). Analisando débitos e omissões...
2026-03-19 08:46:51 | WARNING  | __main__:_handle_report_tab:107 - SiefParser não encontrou pendências no texto. Primeiros 200 chars: MINISTÉRIO DA ECONOMIA Por meio do Integra Contador
SECRETARIA ESPECIAL DA RECEITA FEDERAL DO BRASIL Autor pedido: 49.586.312/0001-18. Contratante: 28.408.293/0001-60
PROCURADORIA-GERAL DA FAZENDA NAC
2026-03-19 08:46:51 | INFO     | __main__:extract_pendencias:183 - [19] Processando: EMPORIO ESSENCE COMERCIO LTDA (53077162000194)
2026-03-19 08:46:51 | INFO     | __main__:_handle_report_tab:42 - Iniciando captura de relatório...
2026-03-19 08:46:51 | DEBUG    | __main__:_handle_report_tab:46 - Verificando botão antes do clique: {'onclick': None, 'href': 'https://storage.googleapis.com/storagescrapings.appspot.com/ecac/49586312000118/situacao-fiscal-2026-03-10-53077162000194-719201574073775394.pdf', 'text': '', 'download': True}
2026-03-19 08:46:53 | INFO     | __main__:_handle_report_tab:59 - Detectado link de PDF. Tentando download direto...
2026-03-19 08:47:08 | WARNING  | __main__:_handle_report_tab:72 - Falha no download direto, tentando via aba: Timeout 15000ms exceeded while waiting for event "download"
=========================== logs ===========================
waiting for event "download"
============================================================
2026-03-19 08:47:08 | INFO     | __main__:_handle_report_tab:84 - Relatório PDF em aba: https://storage.googleapis.com/storagescrapings.appspot.com/ecac/49586312000118/situacao-fiscal-2026-03-10-53077162000194-719201574073775394.pdf. Baixando via request...
2026-03-19 08:47:08 | INFO     | __main__:_handle_report_tab:103 - Texto extraído (3008 chars). Analisando débitos e omissões...
2026-03-19 08:47:08 | INFO     | __main__:extract_pendencias:183 - [20] Processando: EXTERNATO MATER ET MAGISTRA E COM DE MAT DIDATICO LTDA (13064209000160)
2026-03-19 08:47:08 | INFO     | __main__:_handle_report_tab:42 - Iniciando captura de relatório...
2026-03-19 08:47:08 | DEBUG    | __main__:_handle_report_tab:46 - Verificando botão antes do clique: {'onclick': None, 'href': 'https://storage.googleapis.com/storagescrapings.appspot.com/ecac/49586312000118/situacao-fiscal-2026-03-10-13064209000160-9033764321059801937.pdf', 'text': '', 'download': True}
2026-03-19 08:47:10 | INFO     | __main__:_handle_report_tab:59 - Detectado link de PDF. Tentando download direto...
2026-03-19 08:47:25 | WARNING  | __main__:_handle_report_tab:72 - Falha no download direto, tentando via aba: Timeout 15000ms exceeded while waiting for event "download"
=========================== logs ===========================
waiting for event "download"
============================================================
2026-03-19 08:47:25 | INFO     | __main__:_handle_report_tab:84 - Relatório PDF em aba: https://storage.googleapis.com/storagescrapings.appspot.com/ecac/49586312000118/situacao-fiscal-2026-03-10-13064209000160-9033764321059801937.pdf. Baixando via request...
2026-03-19 08:47:27 | INFO     | __main__:_handle_report_tab:103 - Texto extraído (28382 chars). Analisando débitos e omissões...
2026-03-19 08:47:27 | INFO     | __main__:extract_pendencias:183 - [21] Processando: GUARAJUBAIMOB NEGOCIOS IMOBILIARIOS LTDA (27371776000174)
2026-03-19 08:47:27 | INFO     | __main__:_handle_report_tab:42 - Iniciando captura de relatório...
2026-03-19 08:47:27 | DEBUG    | __main__:_handle_report_tab:46 - Verificando botão antes do clique: {'onclick': None, 'href': 'https://storage.googleapis.com/storagescrapings.appspot.com/ecac/49586312000118/situacao-fiscal-2026-03-16-27371776000174--2486763849292354722.pdf', 'text': '', 'download': True}
2026-03-19 08:47:28 | INFO     | __main__:_handle_report_tab:59 - Detectado link de PDF. Tentando download direto...
2026-03-19 08:47:43 | WARNING  | __main__:_handle_report_tab:72 - Falha no download direto, tentando via aba: Timeout 15000ms exceeded while waiting for event "download"
=========================== logs ===========================
waiting for event "download"
============================================================
2026-03-19 08:47:43 | INFO     | __main__:_handle_report_tab:84 - Relatório PDF em aba: https://storage.googleapis.com/storagescrapings.appspot.com/ecac/49586312000118/situacao-fiscal-2026-03-16-27371776000174--2486763849292354722.pdf. Baixando via request...
2026-03-19 08:47:43 | INFO     | __main__:_handle_report_tab:103 - Texto extraído (3978 chars). Analisando débitos e omissões...
2026-03-19 08:47:43 | INFO     | __main__:extract_pendencias:183 - [22] Processando: HOTEIS E TURISMO ITAPOAN LTDA. (14309694000158)
2026-03-19 08:47:43 | INFO     | __main__:_handle_report_tab:42 - Iniciando captura de relatório...
2026-03-19 08:47:44 | DEBUG    | __main__:_handle_report_tab:46 - Verificando botão antes do clique: {'onclick': None, 'href': 'https://storage.googleapis.com/storagescrapings.appspot.com/ecac/49586312000118/situacao-fiscal-2026-03-10-14309694000158--3051862370828887515.pdf', 'text': '', 'download': True}
2026-03-19 08:47:45 | INFO     | __main__:_handle_report_tab:59 - Detectado link de PDF. Tentando download direto...
2026-03-19 08:48:00 | WARNING  | __main__:_handle_report_tab:72 - Falha no download direto, tentando via aba: Timeout 15000ms exceeded while waiting for event "download"
=========================== logs ===========================
waiting for event "download"
============================================================
2026-03-19 08:48:00 | INFO     | __main__:_handle_report_tab:84 - Relatório PDF em aba: https://storage.googleapis.com/storagescrapings.appspot.com/ecac/49586312000118/situacao-fiscal-2026-03-10-14309694000158--3051862370828887515.pdf. Baixando via request...
2026-03-19 08:48:03 | INFO     | __main__:_handle_report_tab:103 - Texto extraído (23783 chars). Analisando débitos e omissões...
2026-03-19 08:48:03 | INFO     | __main__:extract_pendencias:183 - [23] Processando: IMPACT SERVICES INTEGRADOS EM SOLUCOES INDUSTRIAIS LTDA (18953881000120)
2026-03-19 08:48:03 | INFO     | __main__:_handle_report_tab:42 - Iniciando captura de relatório...
2026-03-19 08:48:03 | DEBUG    | __main__:_handle_report_tab:46 - Verificando botão antes do clique: {'onclick': None, 'href': 'https://storage.googleapis.com/storagescrapings.appspot.com/ecac/49586312000118/situacao-fiscal-2026-03-10-18953881000120-4204661046928822989.pdf', 'text': '', 'download': True}
2026-03-19 08:48:04 | INFO     | __main__:_handle_report_tab:59 - Detectado link de PDF. Tentando download direto...
2026-03-19 08:48:19 | WARNING  | __main__:_handle_report_tab:72 - Falha no download direto, tentando via aba: Timeout 15000ms exceeded while waiting for event "download"
=========================== logs ===========================
waiting for event "download"
============================================================
2026-03-19 08:48:20 | INFO     | __main__:_handle_report_tab:84 - Relatório PDF em aba: https://storage.googleapis.com/storagescrapings.appspot.com/ecac/49586312000118/situacao-fiscal-2026-03-10-18953881000120-4204661046928822989.pdf. Baixando via request...
2026-03-19 08:48:21 | INFO     | __main__:_handle_report_tab:103 - Texto extraído (4731 chars). Analisando débitos e omissões...
2026-03-19 08:48:21 | INFO     | __main__:extract_pendencias:183 - [24] Processando: INSTITUTO MULHER LTDA (55147736000189)
2026-03-19 08:48:21 | INFO     | __main__:_handle_report_tab:42 - Iniciando captura de relatório...
2026-03-19 08:48:21 | DEBUG    | __main__:_handle_report_tab:46 - Verificando botão antes do clique: {'onclick': None, 'href': 'https://storage.googleapis.com/storagescrapings.appspot.com/ecac/49586312000118/situacao-fiscal-2026-03-10-55147736000189--3684094752955401983.pdf', 'text': '', 'download': True}
2026-03-19 08:48:22 | INFO     | __main__:_handle_report_tab:59 - Detectado link de PDF. Tentando download direto...
2026-03-19 08:48:38 | WARNING  | __main__:_handle_report_tab:72 - Falha no download direto, tentando via aba: Timeout 15000ms exceeded while waiting for event "download"
=========================== logs ===========================
waiting for event "download"
============================================================
2026-03-19 08:48:38 | INFO     | __main__:_handle_report_tab:84 - Relatório PDF em aba: https://storage.googleapis.com/storagescrapings.appspot.com/ecac/49586312000118/situacao-fiscal-2026-03-10-55147736000189--3684094752955401983.pdf. Baixando via request...
2026-03-19 08:48:38 | INFO     | __main__:_handle_report_tab:103 - Texto extraído (3434 chars). Analisando débitos e omissões...
2026-03-19 08:48:40 | INFO     | __main__:extract_pendencias:158 - Processando página 3...
2026-03-19 08:48:40 | INFO     | __main__:extract_pendencias:161 - Encontradas 17 empresas com Pendência na página 3
2026-03-19 08:48:40 | INFO     | __main__:extract_pendencias:183 - [25] Processando: J R J - SERVICOS MEDICOS E CIRURGICOS LTDA. (12756985000169)
2026-03-19 08:48:40 | INFO     | __main__:_handle_report_tab:42 - Iniciando captura de relatório...
2026-03-19 08:48:40 | DEBUG    | __main__:_handle_report_tab:46 - Verificando botão antes do clique: {'onclick': None, 'href': 'https://storage.googleapis.com/storagescrapings.appspot.com/ecac/49586312000118/situacao-fiscal-2026-03-10-12756985000169--9215023218627312563.pdf', 'text': '', 'download': True}
2026-03-19 08:48:42 | INFO     | __main__:_handle_report_tab:59 - Detectado link de PDF. Tentando download direto...
2026-03-19 08:48:57 | WARNING  | __main__:_handle_report_tab:72 - Falha no download direto, tentando via aba: Timeout 15000ms exceeded while waiting for event "download"
=========================== logs ===========================
waiting for event "download"
============================================================
2026-03-19 08:48:57 | INFO     | __main__:_handle_report_tab:84 - Relatório PDF em aba: https://storage.googleapis.com/storagescrapings.appspot.com/ecac/49586312000118/situacao-fiscal-2026-03-10-12756985000169--9215023218627312563.pdf. Baixando via request...
2026-03-19 08:48:58 | INFO     | __main__:_handle_report_tab:103 - Texto extraído (10509 chars). Analisando débitos e omissões...
2026-03-19 08:48:58 | INFO     | __main__:extract_pendencias:183 - [26] Processando: JEAR ENSINO MEDIO LTDA. (04607567000181)
2026-03-19 08:48:58 | INFO     | __main__:_handle_report_tab:42 - Iniciando captura de relatório...
2026-03-19 08:48:58 | DEBUG    | __main__:_handle_report_tab:46 - Verificando botão antes do clique: {'onclick': None, 'href': 'https://storage.googleapis.com/storagescrapings.appspot.com/ecac/49586312000118/situacao-fiscal-2026-03-10-04607567000181--4594092279673891863.pdf', 'text': '', 'download': True}
2026-03-19 08:49:00 | INFO     | __main__:_handle_report_tab:59 - Detectado link de PDF. Tentando download direto...
2026-03-19 08:49:15 | WARNING  | __main__:_handle_report_tab:72 - Falha no download direto, tentando via aba: Timeout 15000ms exceeded while waiting for event "download"
=========================== logs ===========================
waiting for event "download"
============================================================
2026-03-19 08:49:15 | INFO     | __main__:_handle_report_tab:84 - Relatório PDF em aba: https://storage.googleapis.com/storagescrapings.appspot.com/ecac/49586312000118/situacao-fiscal-2026-03-10-04607567000181--4594092279673891863.pdf. Baixando via request...
2026-03-19 08:49:17 | INFO     | __main__:_handle_report_tab:103 - Texto extraído (33535 chars). Analisando débitos e omissões...
2026-03-19 08:49:17 | INFO     | __main__:extract_pendencias:183 - [27] Processando: K T - ENSINO FUNDAMENTAL LTDA. (07008842000139)
2026-03-19 08:49:17 | INFO     | __main__:_handle_report_tab:42 - Iniciando captura de relatório...
2026-03-19 08:49:17 | DEBUG    | __main__:_handle_report_tab:46 - Verificando botão antes do clique: {'onclick': None, 'href': 'https://storage.googleapis.com/storagescrapings.appspot.com/ecac/49586312000118/situacao-fiscal-2026-03-10-07008842000139-143221830842184948.pdf', 'text': '', 'download': True}
2026-03-19 08:49:18 | INFO     | __main__:_handle_report_tab:59 - Detectado link de PDF. Tentando download direto...
2026-03-19 08:49:33 | WARNING  | __main__:_handle_report_tab:72 - Falha no download direto, tentando via aba: Timeout 15000ms exceeded while waiting for event "download"
=========================== logs ===========================
waiting for event "download"
============================================================
2026-03-19 08:49:33 | INFO     | __main__:_handle_report_tab:84 - Relatório PDF em aba: https://storage.googleapis.com/storagescrapings.appspot.com/ecac/49586312000118/situacao-fiscal-2026-03-10-07008842000139-143221830842184948.pdf. Baixando via request...
2026-03-19 08:49:34 | INFO     | __main__:_handle_report_tab:103 - Texto extraído (11646 chars). Analisando débitos e omissões...
2026-03-19 08:49:34 | INFO     | __main__:extract_pendencias:183 - [28] Processando: L F PATRIMONIAL EMPREENDIMENTOS LTDA (13341532000134)
2026-03-19 08:49:34 | INFO     | __main__:_handle_report_tab:42 - Iniciando captura de relatório...
2026-03-19 08:49:34 | DEBUG    | __main__:_handle_report_tab:46 - Verificando botão antes do clique: {'onclick': None, 'href': 'https://storage.googleapis.com/storagescrapings.appspot.com/ecac/49586312000118/situacao-fiscal-2026-03-10-13341532000134--9057564880433225874.pdf', 'text': '', 'download': True}
2026-03-19 08:49:36 | INFO     | __main__:_handle_report_tab:59 - Detectado link de PDF. Tentando download direto...
2026-03-19 08:49:51 | WARNING  | __main__:_handle_report_tab:72 - Falha no download direto, tentando via aba: Timeout 15000ms exceeded while waiting for event "download"
=========================== logs ===========================
waiting for event "download"
============================================================
2026-03-19 08:49:51 | INFO     | __main__:_handle_report_tab:84 - Relatório PDF em aba: https://storage.googleapis.com/storagescrapings.appspot.com/ecac/49586312000118/situacao-fiscal-2026-03-10-13341532000134--9057564880433225874.pdf. Baixando via request...
2026-03-19 08:49:52 | INFO     | __main__:_handle_report_tab:103 - Texto extraído (4026 chars). Analisando débitos e omissões...
2026-03-19 08:49:52 | INFO     | __main__:extract_pendencias:183 - [29] Processando: LACERDA PATRIMONIAL LTDA. (06314992000108)
2026-03-19 08:49:52 | INFO     | __main__:_handle_report_tab:42 - Iniciando captura de relatório...
2026-03-19 08:49:52 | DEBUG    | __main__:_handle_report_tab:46 - Verificando botão antes do clique: {'onclick': None, 'href': 'https://storage.googleapis.com/storagescrapings.appspot.com/ecac/49586312000118/situacao-fiscal-2026-03-10-06314992000108-7122542634515293754.pdf', 'text': '', 'download': True}
2026-03-19 08:49:54 | INFO     | __main__:_handle_report_tab:59 - Detectado link de PDF. Tentando download direto...
2026-03-19 08:50:09 | WARNING  | __main__:_handle_report_tab:72 - Falha no download direto, tentando via aba: Timeout 15000ms exceeded while waiting for event "download"
=========================== logs ===========================
waiting for event "download"
============================================================
2026-03-19 08:50:09 | INFO     | __main__:_handle_report_tab:84 - Relatório PDF em aba: https://storage.googleapis.com/storagescrapings.appspot.com/ecac/49586312000118/situacao-fiscal-2026-03-10-06314992000108-7122542634515293754.pdf. Baixando via request...
2026-03-19 08:50:11 | INFO     | __main__:_handle_report_tab:103 - Texto extraído (14519 chars). Analisando débitos e omissões...
2026-03-19 08:50:11 | INFO     | __main__:extract_pendencias:183 - [30] Processando: LAURINDO FREIRE TELES LIMA (38005116000196)
2026-03-19 08:50:11 | INFO     | __main__:_handle_report_tab:42 - Iniciando captura de relatório...
2026-03-19 08:50:11 | DEBUG    | __main__:_handle_report_tab:46 - Verificando botão antes do clique: {'onclick': None, 'href': 'https://storage.googleapis.com/storagescrapings.appspot.com/ecac/49586312000118/situacao-fiscal-2026-03-10-38005116000196-4313020037022786564.pdf', 'text': '', 'download': True}
2026-03-19 08:50:12 | INFO     | __main__:_handle_report_tab:59 - Detectado link de PDF. Tentando download direto...
2026-03-19 08:50:27 | WARNING  | __main__:_handle_report_tab:72 - Falha no download direto, tentando via aba: Timeout 15000ms exceeded while waiting for event "download"
=========================== logs ===========================
waiting for event "download"
============================================================
2026-03-19 08:50:27 | INFO     | __main__:_handle_report_tab:84 - Relatório PDF em aba: https://storage.googleapis.com/storagescrapings.appspot.com/ecac/49586312000118/situacao-fiscal-2026-03-10-38005116000196-4313020037022786564.pdf. Baixando via request...
2026-03-19 08:50:28 | INFO     | __main__:_handle_report_tab:103 - Texto extraído (2233 chars). Analisando débitos e omissões...
2026-03-19 08:50:28 | INFO     | __main__:extract_pendencias:183 - [31] Processando: LILIAN DIAS RIGAUD DE JESUS LTDA (10632502000199)
2026-03-19 08:50:28 | INFO     | __main__:_handle_report_tab:42 - Iniciando captura de relatório...
2026-03-19 08:50:28 | DEBUG    | __main__:_handle_report_tab:46 - Verificando botão antes do clique: {'onclick': None, 'href': 'https://storage.googleapis.com/storagescrapings.appspot.com/ecac/49586312000118/situacao-fiscal-2026-03-10-10632502000199--5004206784848674847.pdf', 'text': '', 'download': True}
2026-03-19 08:50:29 | INFO     | __main__:_handle_report_tab:59 - Detectado link de PDF. Tentando download direto...
2026-03-19 08:50:44 | WARNING  | __main__:_handle_report_tab:72 - Falha no download direto, tentando via aba: Timeout 15000ms exceeded while waiting for event "download"
=========================== logs ===========================
waiting for event "download"
============================================================
2026-03-19 08:50:45 | INFO     | __main__:_handle_report_tab:84 - Relatório PDF em aba: https://storage.googleapis.com/storagescrapings.appspot.com/ecac/49586312000118/situacao-fiscal-2026-03-10-10632502000199--5004206784848674847.pdf. Baixando via request...
2026-03-19 08:50:45 | INFO     | __main__:_handle_report_tab:103 - Texto extraído (2394 chars). Analisando débitos e omissões...
2026-03-19 08:50:45 | INFO     | __main__:extract_pendencias:183 - [32] Processando: MACEDO COMERCIAL DE CALCADOS LTDA (04074648000163)
2026-03-19 08:50:45 | INFO     | __main__:_handle_report_tab:42 - Iniciando captura de relatório...
2026-03-19 08:50:45 | DEBUG    | __main__:_handle_report_tab:46 - Verificando botão antes do clique: {'onclick': None, 'href': 'https://storage.googleapis.com/storagescrapings.appspot.com/ecac/49586312000118/situacao-fiscal-2026-03-10-04074648000163-1901401639797313343.pdf', 'text': '', 'download': True}
2026-03-19 08:50:46 | INFO     | __main__:_handle_report_tab:59 - Detectado link de PDF. Tentando download direto...
2026-03-19 08:51:01 | WARNING  | __main__:_handle_report_tab:72 - Falha no download direto, tentando via aba: Timeout 15000ms exceeded while waiting for event "download"
=========================== logs ===========================
waiting for event "download"
============================================================
2026-03-19 08:51:02 | INFO     | __main__:_handle_report_tab:84 - Relatório PDF em aba: https://storage.googleapis.com/storagescrapings.appspot.com/ecac/49586312000118/situacao-fiscal-2026-03-10-04074648000163-1901401639797313343.pdf. Baixando via request...
2026-03-19 08:51:04 | INFO     | __main__:_handle_report_tab:103 - Texto extraído (36339 chars). Analisando débitos e omissões...
2026-03-19 08:51:04 | INFO     | __main__:extract_pendencias:183 - [33] Processando: MACEDO COMERCIAL DE CALCADOS LTDA (04074648000244)
2026-03-19 08:51:04 | INFO     | __main__:_handle_report_tab:42 - Iniciando captura de relatório...
2026-03-19 08:51:04 | DEBUG    | __main__:_handle_report_tab:46 - Verificando botão antes do clique: {'onclick': None, 'href': 'https://storage.googleapis.com/storagescrapings.appspot.com/ecac/49586312000118/situacao-fiscal-2026-03-10-04074648000244--1854371671782504086.pdf', 'text': '', 'download': True}
2026-03-19 08:51:05 | INFO     | __main__:_handle_report_tab:59 - Detectado link de PDF. Tentando download direto...
2026-03-19 08:51:20 | WARNING  | __main__:_handle_report_tab:72 - Falha no download direto, tentando via aba: Timeout 15000ms exceeded while waiting for event "download"
=========================== logs ===========================
waiting for event "download"
============================================================
2026-03-19 08:51:20 | INFO     | __main__:_handle_report_tab:84 - Relatório PDF em aba: https://storage.googleapis.com/storagescrapings.appspot.com/ecac/49586312000118/situacao-fiscal-2026-03-10-04074648000244--1854371671782504086.pdf. Baixando via request...
2026-03-19 08:51:22 | INFO     | __main__:_handle_report_tab:103 - Texto extraído (36807 chars). Analisando débitos e omissões...
2026-03-19 08:51:22 | INFO     | __main__:extract_pendencias:183 - [34] Processando: MACEDO COMERCIAL DE CALCADOS LTDA (04074648000325)
2026-03-19 08:51:22 | INFO     | __main__:_handle_report_tab:42 - Iniciando captura de relatório...
2026-03-19 08:51:22 | DEBUG    | __main__:_handle_report_tab:46 - Verificando botão antes do clique: {'onclick': None, 'href': 'https://storage.googleapis.com/storagescrapings.appspot.com/ecac/49586312000118/situacao-fiscal-2026-03-10-04074648000325--508004804331458282.pdf', 'text': '', 'download': True}
2026-03-19 08:51:23 | INFO     | __main__:_handle_report_tab:59 - Detectado link de PDF. Tentando download direto...
2026-03-19 08:51:38 | WARNING  | __main__:_handle_report_tab:72 - Falha no download direto, tentando via aba: Timeout 15000ms exceeded while waiting for event "download"
=========================== logs ===========================
waiting for event "download"
============================================================
2026-03-19 08:51:39 | INFO     | __main__:_handle_report_tab:84 - Relatório PDF em aba: https://storage.googleapis.com/storagescrapings.appspot.com/ecac/49586312000118/situacao-fiscal-2026-03-10-04074648000325--508004804331458282.pdf. Baixando via request...
2026-03-19 08:51:41 | INFO     | __main__:_handle_report_tab:103 - Texto extraído (36764 chars). Analisando débitos e omissões...
2026-03-19 08:51:41 | INFO     | __main__:extract_pendencias:183 - [35] Processando: MACEDO COMERCIAL DE CALCADOS LTDA (04074648000406)
2026-03-19 08:51:41 | INFO     | __main__:_handle_report_tab:42 - Iniciando captura de relatório...
2026-03-19 08:51:41 | DEBUG    | __main__:_handle_report_tab:46 - Verificando botão antes do clique: {'onclick': None, 'href': 'https://storage.googleapis.com/storagescrapings.appspot.com/ecac/49586312000118/situacao-fiscal-2026-03-10-04074648000406--6524163024750497280.pdf', 'text': '', 'download': True}
2026-03-19 08:51:42 | INFO     | __main__:_handle_report_tab:59 - Detectado link de PDF. Tentando download direto...
2026-03-19 08:51:57 | WARNING  | __main__:_handle_report_tab:72 - Falha no download direto, tentando via aba: Timeout 15000ms exceeded while waiting for event "download"
=========================== logs ===========================
waiting for event "download"
============================================================
2026-03-19 08:51:57 | INFO     | __main__:_handle_report_tab:84 - Relatório PDF em aba: https://storage.googleapis.com/storagescrapings.appspot.com/ecac/49586312000118/situacao-fiscal-2026-03-10-04074648000406--6524163024750497280.pdf. Baixando via request...
2026-03-19 08:52:00 | INFO     | __main__:_handle_report_tab:103 - Texto extraído (36799 chars). Analisando débitos e omissões...
2026-03-19 08:52:00 | INFO     | __main__:extract_pendencias:183 - [36] Processando: MASSA ALIMENTAÇÃO E SERVIÇOS S/A (09033381000180)
2026-03-19 08:52:00 | INFO     | __main__:_handle_report_tab:42 - Iniciando captura de relatório...
2026-03-19 08:52:00 | DEBUG    | __main__:_handle_report_tab:46 - Verificando botão antes do clique: {'onclick': None, 'href': 'https://storage.googleapis.com/storagescrapings.appspot.com/ecac/49586312000118/situacao-fiscal-2026-03-10-09033381000180-3538167797215995791.pdf', 'text': '', 'download': True}
2026-03-19 08:52:01 | INFO     | __main__:_handle_report_tab:59 - Detectado link de PDF. Tentando download direto...
2026-03-19 08:52:16 | WARNING  | __main__:_handle_report_tab:72 - Falha no download direto, tentando via aba: Timeout 15000ms exceeded while waiting for event "download"
=========================== logs ===========================
waiting for event "download"
============================================================
2026-03-19 08:52:16 | INFO     | __main__:_handle_report_tab:84 - Relatório PDF em aba: https://storage.googleapis.com/storagescrapings.appspot.com/ecac/49586312000118/situacao-fiscal-2026-03-10-09033381000180-3538167797215995791.pdf. Baixando via request...
2026-03-19 08:52:18 | INFO     | __main__:_handle_report_tab:103 - Texto extraído (30830 chars). Analisando débitos e omissões...
2026-03-19 08:52:18 | INFO     | __main__:extract_pendencias:183 - [37] Processando: MASSA ALIMENTAÇÃO E SERVIÇOS S/A (09033381000937)
2026-03-19 08:52:18 | INFO     | __main__:_handle_report_tab:42 - Iniciando captura de relatório...
2026-03-19 08:52:18 | DEBUG    | __main__:_handle_report_tab:46 - Verificando botão antes do clique: {'onclick': None, 'href': 'https://storage.googleapis.com/storagescrapings.appspot.com/ecac/49586312000118/situacao-fiscal-2026-03-10-09033381000937--8914474224969463170.pdf', 'text': '', 'download': True}
2026-03-19 08:52:19 | INFO     | __main__:_handle_report_tab:59 - Detectado link de PDF. Tentando download direto...
2026-03-19 08:52:34 | WARNING  | __main__:_handle_report_tab:72 - Falha no download direto, tentando via aba: Timeout 15000ms exceeded while waiting for event "download"
=========================== logs ===========================
waiting for event "download"
============================================================
2026-03-19 08:52:34 | INFO     | __main__:_handle_report_tab:84 - Relatório PDF em aba: https://storage.googleapis.com/storagescrapings.appspot.com/ecac/49586312000118/situacao-fiscal-2026-03-10-09033381000937--8914474224969463170.pdf. Baixando via request...
2026-03-19 08:52:36 | INFO     | __main__:_handle_report_tab:103 - Texto extraído (31624 chars). Analisando débitos e omissões...
2026-03-19 08:52:36 | INFO     | __main__:extract_pendencias:183 - [38] Processando: MASSA ALIMENTAÇÃO E SERVIÇOS S/A (09033381001402)
2026-03-19 08:52:36 | INFO     | __main__:_handle_report_tab:42 - Iniciando captura de relatório...
2026-03-19 08:52:36 | DEBUG    | __main__:_handle_report_tab:46 - Verificando botão antes do clique: {'onclick': None, 'href': 'https://storage.googleapis.com/storagescrapings.appspot.com/ecac/49586312000118/situacao-fiscal-2026-03-10-09033381001402--989878315579345274.pdf', 'text': '', 'download': True}
2026-03-19 08:52:37 | INFO     | __main__:_handle_report_tab:59 - Detectado link de PDF. Tentando download direto...
2026-03-19 08:52:52 | WARNING  | __main__:_handle_report_tab:72 - Falha no download direto, tentando via aba: Timeout 15000ms exceeded while waiting for event "download"
=========================== logs ===========================
waiting for event "download"
============================================================
2026-03-19 08:52:52 | INFO     | __main__:_handle_report_tab:84 - Relatório PDF em aba: https://storage.googleapis.com/storagescrapings.appspot.com/ecac/49586312000118/situacao-fiscal-2026-03-10-09033381001402--989878315579345274.pdf. Baixando via request...
2026-03-19 08:52:54 | INFO     | __main__:_handle_report_tab:103 - Texto extraído (31640 chars). Analisando débitos e omissões...
2026-03-19 08:52:54 | INFO     | __main__:extract_pendencias:183 - [39] Processando: MASSA ALIMENTAÇÃO E SERVIÇOS S/A (09033381000503)
2026-03-19 08:52:54 | INFO     | __main__:_handle_report_tab:42 - Iniciando captura de relatório...
2026-03-19 08:52:55 | DEBUG    | __main__:_handle_report_tab:46 - Verificando botão antes do clique: {'onclick': None, 'href': 'https://storage.googleapis.com/storagescrapings.appspot.com/ecac/49586312000118/situacao-fiscal-2026-03-10-09033381000503-872557732952327831.pdf', 'text': '', 'download': True}
2026-03-19 08:52:56 | INFO     | __main__:_handle_report_tab:59 - Detectado link de PDF. Tentando download direto...
2026-03-19 08:53:11 | WARNING  | __main__:_handle_report_tab:72 - Falha no download direto, tentando via aba: Timeout 15000ms exceeded while waiting for event "download"
=========================== logs ===========================
waiting for event "download"
============================================================
2026-03-19 08:53:11 | INFO     | __main__:_handle_report_tab:84 - Relatório PDF em aba: https://storage.googleapis.com/storagescrapings.appspot.com/ecac/49586312000118/situacao-fiscal-2026-03-10-09033381000503-872557732952327831.pdf. Baixando via request...
2026-03-19 08:53:13 | INFO     | __main__:_handle_report_tab:103 - Texto extraído (31592 chars). Analisando débitos e omissões...
2026-03-19 08:53:13 | INFO     | __main__:extract_pendencias:183 - [40] Processando: MASSA ALIMENTAÇÃO E SERVIÇOS S/A (09033381001232)
2026-03-19 08:53:13 | INFO     | __main__:_handle_report_tab:42 - Iniciando captura de relatório...
2026-03-19 08:53:13 | DEBUG    | __main__:_handle_report_tab:46 - Verificando botão antes do clique: {'onclick': None, 'href': 'https://storage.googleapis.com/storagescrapings.appspot.com/ecac/49586312000118/situacao-fiscal-2026-03-10-09033381001232-2467767129515765189.pdf', 'text': '', 'download': True}
2026-03-19 08:53:15 | INFO     | __main__:_handle_report_tab:59 - Detectado link de PDF. Tentando download direto...
2026-03-19 08:53:30 | WARNING  | __main__:_handle_report_tab:72 - Falha no download direto, tentando via aba: Timeout 15000ms exceeded while waiting for event "download"
=========================== logs ===========================
waiting for event "download"
============================================================
2026-03-19 08:53:30 | INFO     | __main__:_handle_report_tab:84 - Relatório PDF em aba: https://storage.googleapis.com/storagescrapings.appspot.com/ecac/49586312000118/situacao-fiscal-2026-03-10-09033381001232-2467767129515765189.pdf. Baixando via request...
2026-03-19 08:53:32 | INFO     | __main__:_handle_report_tab:103 - Texto extraído (31634 chars). Analisando débitos e omissões...
2026-03-19 08:53:32 | INFO     | __main__:extract_pendencias:183 - [41] Processando: MAX CALCADOS DA BAHIA LTDA. (22331256000114)
2026-03-19 08:53:32 | INFO     | __main__:_handle_report_tab:42 - Iniciando captura de relatório...
2026-03-19 08:53:32 | DEBUG    | __main__:_handle_report_tab:46 - Verificando botão antes do clique: {'onclick': None, 'href': 'https://storage.googleapis.com/storagescrapings.appspot.com/ecac/49586312000118/situacao-fiscal-2026-03-10-22331256000114-8881860330563621271.pdf', 'text': '', 'download': True}
2026-03-19 08:53:34 | INFO     | __main__:_handle_report_tab:59 - Detectado link de PDF. Tentando download direto...
2026-03-19 08:53:49 | WARNING  | __main__:_handle_report_tab:72 - Falha no download direto, tentando via aba: Timeout 15000ms exceeded while waiting for event "download"
=========================== logs ===========================
waiting for event "download"
============================================================
2026-03-19 08:53:49 | INFO     | __main__:_handle_report_tab:84 - Relatório PDF em aba: https://storage.googleapis.com/storagescrapings.appspot.com/ecac/49586312000118/situacao-fiscal-2026-03-10-22331256000114-8881860330563621271.pdf. Baixando via request...
2026-03-19 08:53:52 | INFO     | __main__:_handle_report_tab:103 - Texto extraído (33457 chars). Analisando débitos e omissões...
2026-03-19 08:53:53 | INFO     | __main__:extract_pendencias:158 - Processando página 4...
2026-03-19 08:53:53 | INFO     | __main__:extract_pendencias:161 - Encontradas 18 empresas com Pendência na página 4
2026-03-19 08:53:53 | INFO     | __main__:extract_pendencias:183 - [42] Processando: MIRANDA E ROCHA LIMA LTDA (13959382000127)
2026-03-19 08:53:53 | INFO     | __main__:_handle_report_tab:42 - Iniciando captura de relatório...
2026-03-19 08:53:53 | DEBUG    | __main__:_handle_report_tab:46 - Verificando botão antes do clique: {'onclick': None, 'href': 'https://storage.googleapis.com/storagescrapings.appspot.com/ecac/49586312000118/situacao-fiscal-2026-03-10-13959382000127--6462515089312017991.pdf', 'text': '', 'download': True}
2026-03-19 08:53:55 | INFO     | __main__:_handle_report_tab:59 - Detectado link de PDF. Tentando download direto...
2026-03-19 08:54:10 | WARNING  | __main__:_handle_report_tab:72 - Falha no download direto, tentando via aba: Timeout 15000ms exceeded while waiting for event "download"
=========================== logs ===========================
waiting for event "download"
============================================================
2026-03-19 08:54:10 | INFO     | __main__:_handle_report_tab:84 - Relatório PDF em aba: https://storage.googleapis.com/storagescrapings.appspot.com/ecac/49586312000118/situacao-fiscal-2026-03-10-13959382000127--6462515089312017991.pdf. Baixando via request...
2026-03-19 08:54:11 | INFO     | __main__:_handle_report_tab:103 - Texto extraído (2995 chars). Analisando débitos e omissões...
2026-03-19 08:54:11 | INFO     | __main__:extract_pendencias:183 - [43] Processando: MONUMENTAL DO BRASIL LTDA. (18783002000160)
2026-03-19 08:54:11 | INFO     | __main__:_handle_report_tab:42 - Iniciando captura de relatório...
2026-03-19 08:54:11 | DEBUG    | __main__:_handle_report_tab:46 - Verificando botão antes do clique: {'onclick': None, 'href': 'https://storage.googleapis.com/storagescrapings.appspot.com/ecac/49586312000118/situacao-fiscal-2026-03-10-18783002000160-1708363807041399341.pdf', 'text': '', 'download': True}
2026-03-19 08:54:12 | INFO     | __main__:_handle_report_tab:59 - Detectado link de PDF. Tentando download direto...
2026-03-19 08:54:27 | WARNING  | __main__:_handle_report_tab:72 - Falha no download direto, tentando via aba: Timeout 15000ms exceeded while waiting for event "download"
=========================== logs ===========================
waiting for event "download"
============================================================
2026-03-19 08:54:27 | INFO     | __main__:_handle_report_tab:84 - Relatório PDF em aba: https://storage.googleapis.com/storagescrapings.appspot.com/ecac/49586312000118/situacao-fiscal-2026-03-10-18783002000160-1708363807041399341.pdf. Baixando via request...
2026-03-19 08:54:28 | INFO     | __main__:_handle_report_tab:103 - Texto extraído (2423 chars). Analisando débitos e omissões...
2026-03-19 08:54:28 | INFO     | __main__:extract_pendencias:183 - [44] Processando: NACIONAL PARTICIPACOES S. A (24605630000158)
2026-03-19 08:54:28 | INFO     | __main__:_handle_report_tab:42 - Iniciando captura de relatório...
2026-03-19 08:54:28 | DEBUG    | __main__:_handle_report_tab:46 - Verificando botão antes do clique: {'onclick': None, 'href': 'https://storage.googleapis.com/storagescrapings.appspot.com/ecac/49586312000118/situacao-fiscal-2026-03-10-24605630000158-8543386902544958357.pdf', 'text': '', 'download': True}
2026-03-19 08:54:29 | INFO     | __main__:_handle_report_tab:59 - Detectado link de PDF. Tentando download direto...
2026-03-19 08:54:44 | WARNING  | __main__:_handle_report_tab:72 - Falha no download direto, tentando via aba: Timeout 15000ms exceeded while waiting for event "download"
=========================== logs ===========================
waiting for event "download"
============================================================
2026-03-19 08:54:44 | INFO     | __main__:_handle_report_tab:84 - Relatório PDF em aba: https://storage.googleapis.com/storagescrapings.appspot.com/ecac/49586312000118/situacao-fiscal-2026-03-10-24605630000158-8543386902544958357.pdf. Baixando via request...
2026-03-19 08:54:45 | INFO     | __main__:_handle_report_tab:103 - Texto extraído (2231 chars). Analisando débitos e omissões...
2026-03-19 08:54:45 | WARNING  | __main__:_handle_report_tab:107 - SiefParser não encontrou pendências no texto. Primeiros 200 chars: MINISTÉRIO DA ECONOMIA Por meio do Integra Contador
SECRETARIA ESPECIAL DA RECEITA FEDERAL DO BRASIL Autor pedido: 49.586.312/0001-18. Contratante: 28.408.293/0001-60
PROCURADORIA-GERAL DA FAZENDA NAC
2026-03-19 08:54:45 | INFO     | __main__:extract_pendencias:183 - [45] Processando: NORSAN CONSULTORIA EM GESTAO EMPRESARIAL LTDA (40626350000182)
2026-03-19 08:54:45 | INFO     | __main__:_handle_report_tab:42 - Iniciando captura de relatório...
2026-03-19 08:54:45 | DEBUG    | __main__:_handle_report_tab:46 - Verificando botão antes do clique: {'onclick': None, 'href': 'https://storage.googleapis.com/storagescrapings.appspot.com/ecac/49586312000118/situacao-fiscal-2026-03-10-40626350000182-6437919497293341938.pdf', 'text': '', 'download': True}
2026-03-19 08:54:46 | INFO     | __main__:_handle_report_tab:59 - Detectado link de PDF. Tentando download direto...
2026-03-19 08:55:01 | WARNING  | __main__:_handle_report_tab:72 - Falha no download direto, tentando via aba: Timeout 15000ms exceeded while waiting for event "download"
=========================== logs ===========================
waiting for event "download"
============================================================
2026-03-19 08:55:02 | INFO     | __main__:_handle_report_tab:84 - Relatório PDF em aba: https://storage.googleapis.com/storagescrapings.appspot.com/ecac/49586312000118/situacao-fiscal-2026-03-10-40626350000182-6437919497293341938.pdf. Baixando via request...
2026-03-19 08:55:02 | INFO     | __main__:_handle_report_tab:103 - Texto extraído (8777 chars). Analisando débitos e omissões...
2026-03-19 08:55:02 | INFO     | __main__:extract_pendencias:183 - [46] Processando: NOVE PATRIMONIAL LTDA (08894711000169)
2026-03-19 08:55:02 | INFO     | __main__:_handle_report_tab:42 - Iniciando captura de relatório...
2026-03-19 08:55:03 | DEBUG    | __main__:_handle_report_tab:46 - Verificando botão antes do clique: {'onclick': None, 'href': 'https://storage.googleapis.com/storagescrapings.appspot.com/ecac/49586312000118/situacao-fiscal-2026-03-10-08894711000169--5634585627244407610.pdf', 'text': '', 'download': True}
2026-03-19 08:55:04 | INFO     | __main__:_handle_report_tab:59 - Detectado link de PDF. Tentando download direto...
2026-03-19 08:55:19 | WARNING  | __main__:_handle_report_tab:72 - Falha no download direto, tentando via aba: Timeout 15000ms exceeded while waiting for event "download"
=========================== logs ===========================
waiting for event "download"
============================================================
2026-03-19 08:55:20 | INFO     | __main__:_handle_report_tab:84 - Relatório PDF em aba: https://storage.googleapis.com/storagescrapings.appspot.com/ecac/49586312000118/situacao-fiscal-2026-03-10-08894711000169--5634585627244407610.pdf. Baixando via request...
2026-03-19 08:55:20 | INFO     | __main__:_handle_report_tab:103 - Texto extraído (2979 chars). Analisando débitos e omissões...
2026-03-19 08:55:20 | WARNING  | __main__:_handle_report_tab:107 - SiefParser não encontrou pendências no texto. Primeiros 200 chars: MINISTÉRIO DA ECONOMIA Por meio do Integra Contador
SECRETARIA ESPECIAL DA RECEITA FEDERAL DO BRASIL Autor pedido: 49.586.312/0001-18. Contratante: 28.408.293/0001-60
PROCURADORIA-GERAL DA FAZENDA NAC
2026-03-19 08:55:20 | INFO     | __main__:extract_pendencias:183 - [47] Processando: PARAISO EMPREENDIMENTOS LTDA (34099622000130)
2026-03-19 08:55:20 | INFO     | __main__:_handle_report_tab:42 - Iniciando captura de relatório...
2026-03-19 08:55:20 | DEBUG    | __main__:_handle_report_tab:46 - Verificando botão antes do clique: {'onclick': None, 'href': 'https://storage.googleapis.com/storagescrapings.appspot.com/ecac/49586312000118/situacao-fiscal-2026-03-10-34099622000130-229679267243065769.pdf', 'text': '', 'download': True}
2026-03-19 08:55:21 | INFO     | __main__:_handle_report_tab:59 - Detectado link de PDF. Tentando download direto...
2026-03-19 08:55:36 | WARNING  | __main__:_handle_report_tab:72 - Falha no download direto, tentando via aba: Timeout 15000ms exceeded while waiting for event "download"
=========================== logs ===========================
waiting for event "download"
============================================================
2026-03-19 08:55:37 | INFO     | __main__:_handle_report_tab:84 - Relatório PDF em aba: https://storage.googleapis.com/storagescrapings.appspot.com/ecac/49586312000118/situacao-fiscal-2026-03-10-34099622000130-229679267243065769.pdf. Baixando via request...
2026-03-19 08:55:37 | INFO     | __main__:_handle_report_tab:103 - Texto extraído (7600 chars). Analisando débitos e omissões...
2026-03-19 08:55:37 | INFO     | __main__:extract_pendencias:183 - [48] Processando: PATRIMONIAL LIBERDADE LTDA (04872981000118)
2026-03-19 08:55:37 | INFO     | __main__:_handle_report_tab:42 - Iniciando captura de relatório...
2026-03-19 08:55:37 | DEBUG    | __main__:_handle_report_tab:46 - Verificando botão antes do clique: {'onclick': None, 'href': 'https://storage.googleapis.com/storagescrapings.appspot.com/ecac/49586312000118/situacao-fiscal-2026-03-10-04872981000118-604067404890326631.pdf', 'text': '', 'download': True}
2026-03-19 08:55:39 | INFO     | __main__:_handle_report_tab:59 - Detectado link de PDF. Tentando download direto...
2026-03-19 08:55:54 | WARNING  | __main__:_handle_report_tab:72 - Falha no download direto, tentando via aba: Timeout 15000ms exceeded while waiting for event "download"
=========================== logs ===========================
waiting for event "download"
============================================================
2026-03-19 08:55:54 | INFO     | __main__:_handle_report_tab:84 - Relatório PDF em aba: https://storage.googleapis.com/storagescrapings.appspot.com/ecac/49586312000118/situacao-fiscal-2026-03-10-04872981000118-604067404890326631.pdf. Baixando via request...
2026-03-19 08:55:54 | INFO     | __main__:_handle_report_tab:103 - Texto extraído (2278 chars). Analisando débitos e omissões...
2026-03-19 08:55:54 | INFO     | __main__:extract_pendencias:183 - [49] Processando: PATRIMONIAL PELICANO LTDA (05288708000103)
2026-03-19 08:55:54 | INFO     | __main__:_handle_report_tab:42 - Iniciando captura de relatório...
2026-03-19 08:55:54 | DEBUG    | __main__:_handle_report_tab:46 - Verificando botão antes do clique: {'onclick': None, 'href': 'https://storage.googleapis.com/storagescrapings.appspot.com/ecac/49586312000118/situacao-fiscal-2026-03-10-05288708000103-2340029031477551287.pdf', 'text': '', 'download': True}
2026-03-19 08:55:56 | INFO     | __main__:_handle_report_tab:59 - Detectado link de PDF. Tentando download direto...
2026-03-19 08:56:11 | WARNING  | __main__:_handle_report_tab:72 - Falha no download direto, tentando via aba: Timeout 15000ms exceeded while waiting for event "download"
=========================== logs ===========================
waiting for event "download"
============================================================
2026-03-19 08:56:11 | INFO     | __main__:_handle_report_tab:84 - Relatório PDF em aba: https://storage.googleapis.com/storagescrapings.appspot.com/ecac/49586312000118/situacao-fiscal-2026-03-10-05288708000103-2340029031477551287.pdf. Baixando via request...
2026-03-19 08:56:11 | INFO     | __main__:_handle_report_tab:103 - Texto extraído (3267 chars). Analisando débitos e omissões...
2026-03-19 08:56:11 | INFO     | __main__:extract_pendencias:183 - [50] Processando: PATRIMONIAL SAO GONCALO LTDA. (07224478000144)
2026-03-19 08:56:11 | INFO     | __main__:_handle_report_tab:42 - Iniciando captura de relatório...
2026-03-19 08:56:11 | DEBUG    | __main__:_handle_report_tab:46 - Verificando botão antes do clique: {'onclick': None, 'href': 'https://storage.googleapis.com/storagescrapings.appspot.com/ecac/49586312000118/situacao-fiscal-2026-03-10-07224478000144--5953423903806422052.pdf', 'text': '', 'download': True}
2026-03-19 08:56:13 | INFO     | __main__:_handle_report_tab:59 - Detectado link de PDF. Tentando download direto...
2026-03-19 08:56:28 | WARNING  | __main__:_handle_report_tab:72 - Falha no download direto, tentando via aba: Timeout 15000ms exceeded while waiting for event "download"
=========================== logs ===========================
waiting for event "download"
============================================================
2026-03-19 08:56:28 | INFO     | __main__:_handle_report_tab:84 - Relatório PDF em aba: https://storage.googleapis.com/storagescrapings.appspot.com/ecac/49586312000118/situacao-fiscal-2026-03-10-07224478000144--5953423903806422052.pdf. Baixando via request...
2026-03-19 08:56:28 | INFO     | __main__:_handle_report_tab:103 - Texto extraído (3182 chars). Analisando débitos e omissões...
2026-03-19 08:56:28 | WARNING  | __main__:_handle_report_tab:107 - SiefParser não encontrou pendências no texto. Primeiros 200 chars: MINISTÉRIO DA ECONOMIA Por meio do Integra Contador
SECRETARIA ESPECIAL DA RECEITA FEDERAL DO BRASIL Autor pedido: 49.586.312/0001-18. Contratante: 28.408.293/0001-60
PROCURADORIA-GERAL DA FAZENDA NAC
2026-03-19 08:56:28 | WARNING  | __main__:extract_pendencias:201 - Lote de 50 atingido. Reiniciando sessão...
2026-03-19 08:56:30 | INFO     | __main__:extract_pendencias:123 - --- INICIANDO SESSÃO (Batch 2, Página 4) ---
2026-03-19 08:56:33 | INFO     | __main__:_login:21 - Navegando para o login em https://49586312000118.veri.com.br//login
2026-03-19 08:56:34 | INFO     | __main__:_login:24 - Inserindo credenciais...
2026-03-19 08:56:35 | INFO     | __main__:_login:34 - Aguardando carregamento da área restrita...
2026-03-19 08:56:41 | SUCCESS  | __main__:_login:37 - Logado com sucesso (aparentemente).
2026-03-19 08:56:41 | INFO     | __main__:extract_pendencias:145 - Navegando para lista geral (Resumo na pág 4)...
2026-03-19 08:56:43 | INFO     | __main__:extract_pendencias:151 - Avançando para página 2 para retomar...
2026-03-19 08:56:44 | INFO     | __main__:extract_pendencias:151 - Avançando para página 3 para retomar...
2026-03-19 08:56:46 | INFO     | __main__:extract_pendencias:151 - Avançando para página 4 para retomar...
2026-03-19 08:56:47 | INFO     | __main__:extract_pendencias:158 - Processando página 4...
2026-03-19 08:56:47 | INFO     | __main__:extract_pendencias:161 - Encontradas 18 empresas com Pendência na página 4
2026-03-19 08:56:47 | INFO     | __main__:extract_pendencias:183 - [51] Processando: MIRANDA E ROCHA LIMA LTDA (13959382000127)
2026-03-19 08:56:47 | INFO     | __main__:_handle_report_tab:42 - Iniciando captura de relatório...
2026-03-19 08:56:47 | DEBUG    | __main__:_handle_report_tab:46 - Verificando botão antes do clique: {'onclick': None, 'href': 'https://storage.googleapis.com/storagescrapings.appspot.com/ecac/49586312000118/situacao-fiscal-2026-03-10-13959382000127--6462515089312017991.pdf', 'text': '', 'download': True}
2026-03-19 08:56:47 | INFO     | __main__:_handle_report_tab:59 - Detectado link de PDF. Tentando download direto...
2026-03-19 08:57:02 | WARNING  | __main__:_handle_report_tab:72 - Falha no download direto, tentando via aba: Timeout 15000ms exceeded while waiting for event "download"
=========================== logs ===========================
waiting for event "download"
============================================================
2026-03-19 08:57:02 | INFO     | __main__:_handle_report_tab:84 - Relatório PDF em aba: https://storage.googleapis.com/storagescrapings.appspot.com/ecac/49586312000118/situacao-fiscal-2026-03-10-13959382000127--6462515089312017991.pdf. Baixando via request...
2026-03-19 08:57:03 | INFO     | __main__:_handle_report_tab:103 - Texto extraído (2995 chars). Analisando débitos e omissões...
2026-03-19 08:57:03 | INFO     | __main__:extract_pendencias:183 - [52] Processando: MONUMENTAL DO BRASIL LTDA. (18783002000160)
2026-03-19 08:57:03 | INFO     | __main__:_handle_report_tab:42 - Iniciando captura de relatório...
2026-03-19 08:57:03 | DEBUG    | __main__:_handle_report_tab:46 - Verificando botão antes do clique: {'onclick': None, 'href': 'https://storage.googleapis.com/storagescrapings.appspot.com/ecac/49586312000118/situacao-fiscal-2026-03-10-18783002000160-1708363807041399341.pdf', 'text': '', 'download': True}
2026-03-19 08:57:04 | INFO     | __main__:_handle_report_tab:59 - Detectado link de PDF. Tentando download direto...
2026-03-19 08:57:19 | WARNING  | __main__:_handle_report_tab:72 - Falha no download direto, tentando via aba: Timeout 15000ms exceeded while waiting for event "download"
=========================== logs ===========================
waiting for event "download"
============================================================
2026-03-19 08:57:19 | INFO     | __main__:_handle_report_tab:84 - Relatório PDF em aba: https://storage.googleapis.com/storagescrapings.appspot.com/ecac/49586312000118/situacao-fiscal-2026-03-10-18783002000160-1708363807041399341.pdf. Baixando via request...
2026-03-19 08:57:19 | INFO     | __main__:_handle_report_tab:103 - Texto extraído (2423 chars). Analisando débitos e omissões...
2026-03-19 08:57:19 | INFO     | __main__:extract_pendencias:183 - [53] Processando: NACIONAL PARTICIPACOES S. A (24605630000158)
2026-03-19 08:57:19 | INFO     | __main__:_handle_report_tab:42 - Iniciando captura de relatório...
2026-03-19 08:57:19 | DEBUG    | __main__:_handle_report_tab:46 - Verificando botão antes do clique: {'onclick': None, 'href': 'https://storage.googleapis.com/storagescrapings.appspot.com/ecac/49586312000118/situacao-fiscal-2026-03-10-24605630000158-8543386902544958357.pdf', 'text': '', 'download': True}
2026-03-19 08:57:21 | INFO     | __main__:_handle_report_tab:59 - Detectado link de PDF. Tentando download direto...
2026-03-19 08:57:36 | WARNING  | __main__:_handle_report_tab:72 - Falha no download direto, tentando via aba: Timeout 15000ms exceeded while waiting for event "download"
=========================== logs ===========================
waiting for event "download"
============================================================
2026-03-19 08:57:36 | INFO     | __main__:_handle_report_tab:84 - Relatório PDF em aba: https://storage.googleapis.com/storagescrapings.appspot.com/ecac/49586312000118/situacao-fiscal-2026-03-10-24605630000158-8543386902544958357.pdf. Baixando via request...
2026-03-19 08:57:36 | INFO     | __main__:_handle_report_tab:103 - Texto extraído (2231 chars). Analisando débitos e omissões...
2026-03-19 08:57:36 | WARNING  | __main__:_handle_report_tab:107 - SiefParser não encontrou pendências no texto. Primeiros 200 chars: MINISTÉRIO DA ECONOMIA Por meio do Integra Contador
SECRETARIA ESPECIAL DA RECEITA FEDERAL DO BRASIL Autor pedido: 49.586.312/0001-18. Contratante: 28.408.293/0001-60
PROCURADORIA-GERAL DA FAZENDA NAC
2026-03-19 08:57:36 | INFO     | __main__:extract_pendencias:183 - [54] Processando: NORSAN CONSULTORIA EM GESTAO EMPRESARIAL LTDA (40626350000182)
2026-03-19 08:57:36 | INFO     | __main__:_handle_report_tab:42 - Iniciando captura de relatório...
2026-03-19 08:57:37 | DEBUG    | __main__:_handle_report_tab:46 - Verificando botão antes do clique: {'onclick': None, 'href': 'https://storage.googleapis.com/storagescrapings.appspot.com/ecac/49586312000118/situacao-fiscal-2026-03-10-40626350000182-6437919497293341938.pdf', 'text': '', 'download': True}
2026-03-19 08:57:38 | INFO     | __main__:_handle_report_tab:59 - Detectado link de PDF. Tentando download direto...
2026-03-19 08:57:53 | WARNING  | __main__:_handle_report_tab:72 - Falha no download direto, tentando via aba: Timeout 15000ms exceeded while waiting for event "download"
=========================== logs ===========================
waiting for event "download"
============================================================
2026-03-19 08:57:53 | INFO     | __main__:_handle_report_tab:84 - Relatório PDF em aba: https://storage.googleapis.com/storagescrapings.appspot.com/ecac/49586312000118/situacao-fiscal-2026-03-10-40626350000182-6437919497293341938.pdf. Baixando via request...
2026-03-19 08:57:54 | INFO     | __main__:_handle_report_tab:103 - Texto extraído (8777 chars). Analisando débitos e omissões...
2026-03-19 08:57:54 | INFO     | __main__:extract_pendencias:183 - [55] Processando: NOVE PATRIMONIAL LTDA (08894711000169)
2026-03-19 08:57:54 | INFO     | __main__:_handle_report_tab:42 - Iniciando captura de relatório...
2026-03-19 08:57:54 | DEBUG    | __main__:_handle_report_tab:46 - Verificando botão antes do clique: {'onclick': None, 'href': 'https://storage.googleapis.com/storagescrapings.appspot.com/ecac/49586312000118/situacao-fiscal-2026-03-10-08894711000169--5634585627244407610.pdf', 'text': '', 'download': True}
2026-03-19 08:57:55 | INFO     | __main__:_handle_report_tab:59 - Detectado link de PDF. Tentando download direto...
2026-03-19 08:58:10 | WARNING  | __main__:_handle_report_tab:72 - Falha no download direto, tentando via aba: Timeout 15000ms exceeded while waiting for event "download"
=========================== logs ===========================
waiting for event "download"
============================================================
2026-03-19 08:58:10 | INFO     | __main__:_handle_report_tab:84 - Relatório PDF em aba: https://storage.googleapis.com/storagescrapings.appspot.com/ecac/49586312000118/situacao-fiscal-2026-03-10-08894711000169--5634585627244407610.pdf. Baixando via request...
2026-03-19 08:58:11 | INFO     | __main__:_handle_report_tab:103 - Texto extraído (2979 chars). Analisando débitos e omissões...
2026-03-19 08:58:11 | WARNING  | __main__:_handle_report_tab:107 - SiefParser não encontrou pendências no texto. Primeiros 200 chars: MINISTÉRIO DA ECONOMIA Por meio do Integra Contador
SECRETARIA ESPECIAL DA RECEITA FEDERAL DO BRASIL Autor pedido: 49.586.312/0001-18. Contratante: 28.408.293/0001-60
PROCURADORIA-GERAL DA FAZENDA NAC
2026-03-19 08:58:11 | INFO     | __main__:extract_pendencias:183 - [56] Processando: PARAISO EMPREENDIMENTOS LTDA (34099622000130)
2026-03-19 08:58:11 | INFO     | __main__:_handle_report_tab:42 - Iniciando captura de relatório...
2026-03-19 08:58:11 | DEBUG    | __main__:_handle_report_tab:46 - Verificando botão antes do clique: {'onclick': None, 'href': 'https://storage.googleapis.com/storagescrapings.appspot.com/ecac/49586312000118/situacao-fiscal-2026-03-10-34099622000130-229679267243065769.pdf', 'text': '', 'download': True}
2026-03-19 08:58:12 | INFO     | __main__:_handle_report_tab:59 - Detectado link de PDF. Tentando download direto...
2026-03-19 08:58:27 | WARNING  | __main__:_handle_report_tab:72 - Falha no download direto, tentando via aba: Timeout 15000ms exceeded while waiting for event "download"
=========================== logs ===========================
waiting for event "download"
============================================================
2026-03-19 08:58:27 | INFO     | __main__:_handle_report_tab:84 - Relatório PDF em aba: https://storage.googleapis.com/storagescrapings.appspot.com/ecac/49586312000118/situacao-fiscal-2026-03-10-34099622000130-229679267243065769.pdf. Baixando via request...
2026-03-19 08:58:28 | INFO     | __main__:_handle_report_tab:103 - Texto extraído (7600 chars). Analisando débitos e omissões...
2026-03-19 08:58:28 | INFO     | __main__:extract_pendencias:183 - [57] Processando: PATRIMONIAL LIBERDADE LTDA (04872981000118)
2026-03-19 08:58:28 | INFO     | __main__:_handle_report_tab:42 - Iniciando captura de relatório...
2026-03-19 08:58:28 | DEBUG    | __main__:_handle_report_tab:46 - Verificando botão antes do clique: {'onclick': None, 'href': 'https://storage.googleapis.com/storagescrapings.appspot.com/ecac/49586312000118/situacao-fiscal-2026-03-10-04872981000118-604067404890326631.pdf', 'text': '', 'download': True}
2026-03-19 08:58:29 | INFO     | __main__:_handle_report_tab:59 - Detectado link de PDF. Tentando download direto...
2026-03-19 08:58:44 | WARNING  | __main__:_handle_report_tab:72 - Falha no download direto, tentando via aba: Timeout 15000ms exceeded while waiting for event "download"
=========================== logs ===========================
waiting for event "download"
============================================================
2026-03-19 08:58:44 | INFO     | __main__:_handle_report_tab:84 - Relatório PDF em aba: https://storage.googleapis.com/storagescrapings.appspot.com/ecac/49586312000118/situacao-fiscal-2026-03-10-04872981000118-604067404890326631.pdf. Baixando via request...
2026-03-19 08:58:45 | INFO     | __main__:_handle_report_tab:103 - Texto extraído (2278 chars). Analisando débitos e omissões...
2026-03-19 08:58:45 | INFO     | __main__:extract_pendencias:183 - [58] Processando: PATRIMONIAL PELICANO LTDA (05288708000103)
2026-03-19 08:58:45 | INFO     | __main__:_handle_report_tab:42 - Iniciando captura de relatório...
2026-03-19 08:58:45 | DEBUG    | __main__:_handle_report_tab:46 - Verificando botão antes do clique: {'onclick': None, 'href': 'https://storage.googleapis.com/storagescrapings.appspot.com/ecac/49586312000118/situacao-fiscal-2026-03-10-05288708000103-2340029031477551287.pdf', 'text': '', 'download': True}
2026-03-19 08:58:46 | INFO     | __main__:_handle_report_tab:59 - Detectado link de PDF. Tentando download direto...
2026-03-19 08:59:01 | WARNING  | __main__:_handle_report_tab:72 - Falha no download direto, tentando via aba: Timeout 15000ms exceeded while waiting for event "download"
=========================== logs ===========================
waiting for event "download"
============================================================
2026-03-19 08:59:02 | INFO     | __main__:_handle_report_tab:84 - Relatório PDF em aba: https://storage.googleapis.com/storagescrapings.appspot.com/ecac/49586312000118/situacao-fiscal-2026-03-10-05288708000103-2340029031477551287.pdf. Baixando via request...
2026-03-19 08:59:02 | INFO     | __main__:_handle_report_tab:103 - Texto extraído (3267 chars). Analisando débitos e omissões...
2026-03-19 08:59:02 | INFO     | __main__:extract_pendencias:183 - [59] Processando: PATRIMONIAL SAO GONCALO LTDA. (07224478000144)
2026-03-19 08:59:02 | INFO     | __main__:_handle_report_tab:42 - Iniciando captura de relatório...
2026-03-19 08:59:02 | DEBUG    | __main__:_handle_report_tab:46 - Verificando botão antes do clique: {'onclick': None, 'href': 'https://storage.googleapis.com/storagescrapings.appspot.com/ecac/49586312000118/situacao-fiscal-2026-03-10-07224478000144--5953423903806422052.pdf', 'text': '', 'download': True}
2026-03-19 08:59:03 | INFO     | __main__:_handle_report_tab:59 - Detectado link de PDF. Tentando download direto...
2026-03-19 08:59:18 | WARNING  | __main__:_handle_report_tab:72 - Falha no download direto, tentando via aba: Timeout 15000ms exceeded while waiting for event "download"
=========================== logs ===========================
waiting for event "download"
============================================================
2026-03-19 08:59:19 | INFO     | __main__:_handle_report_tab:84 - Relatório PDF em aba: https://storage.googleapis.com/storagescrapings.appspot.com/ecac/49586312000118/situacao-fiscal-2026-03-10-07224478000144--5953423903806422052.pdf. Baixando via request...
2026-03-19 08:59:19 | INFO     | __main__:_handle_report_tab:103 - Texto extraído (3182 chars). Analisando débitos e omissões...
2026-03-19 08:59:19 | WARNING  | __main__:_handle_report_tab:107 - SiefParser não encontrou pendências no texto. Primeiros 200 chars: MINISTÉRIO DA ECONOMIA Por meio do Integra Contador
SECRETARIA ESPECIAL DA RECEITA FEDERAL DO BRASIL Autor pedido: 49.586.312/0001-18. Contratante: 28.408.293/0001-60
PROCURADORIA-GERAL DA FAZENDA NAC
2026-03-19 08:59:19 | INFO     | __main__:extract_pendencias:183 - [60] Processando: PATROL CONSTRUCOES LTDA (01086932000161)
2026-03-19 08:59:19 | INFO     | __main__:_handle_report_tab:42 - Iniciando captura de relatório...
2026-03-19 08:59:19 | DEBUG    | __main__:_handle_report_tab:46 - Verificando botão antes do clique: {'onclick': None, 'href': 'https://storage.googleapis.com/storagescrapings.appspot.com/ecac/49586312000118/situacao-fiscal-2026-03-10-01086932000161-5808131332858835218.pdf', 'text': '', 'download': True}
2026-03-19 08:59:21 | INFO     | __main__:_handle_report_tab:59 - Detectado link de PDF. Tentando download direto...
2026-03-19 08:59:36 | WARNING  | __main__:_handle_report_tab:72 - Falha no download direto, tentando via aba: Timeout 15000ms exceeded while waiting for event "download"
=========================== logs ===========================
waiting for event "download"
============================================================
2026-03-19 08:59:36 | INFO     | __main__:_handle_report_tab:84 - Relatório PDF em aba: https://storage.googleapis.com/storagescrapings.appspot.com/ecac/49586312000118/situacao-fiscal-2026-03-10-01086932000161-5808131332858835218.pdf. Baixando via request...
2026-03-19 08:59:37 | INFO     | __main__:_handle_report_tab:103 - Texto extraído (20536 chars). Analisando débitos e omissões...
2026-03-19 08:59:37 | WARNING  | __main__:_handle_report_tab:107 - SiefParser não encontrou pendências no texto. Primeiros 200 chars: MINISTÉRIO DA ECONOMIA Por meio do Integra Contador
SECRETARIA ESPECIAL DA RECEITA FEDERAL DO BRASIL Autor pedido: 49.586.312/0001-18. Contratante: 28.408.293/0001-60
PROCURADORIA-GERAL DA FAZENDA NAC
2026-03-19 08:59:37 | INFO     | __main__:extract_pendencias:183 - [61] Processando: PDK ADMINISTRADORA DE BENS LTDA (08000034000198)
2026-03-19 08:59:37 | INFO     | __main__:_handle_report_tab:42 - Iniciando captura de relatório...
2026-03-19 08:59:37 | DEBUG    | __main__:_handle_report_tab:46 - Verificando botão antes do clique: {'onclick': None, 'href': 'https://storage.googleapis.com/storagescrapings.appspot.com/ecac/49586312000118/situacao-fiscal-2026-03-10-08000034000198-68874188409963147.pdf', 'text': '', 'download': True}
2026-03-19 08:59:39 | INFO     | __main__:_handle_report_tab:59 - Detectado link de PDF. Tentando download direto...
2026-03-19 08:59:54 | WARNING  | __main__:_handle_report_tab:72 - Falha no download direto, tentando via aba: Timeout 15000ms exceeded while waiting for event "download"
=========================== logs ===========================
waiting for event "download"
============================================================
2026-03-19 08:59:54 | INFO     | __main__:_handle_report_tab:84 - Relatório PDF em aba: https://storage.googleapis.com/storagescrapings.appspot.com/ecac/49586312000118/situacao-fiscal-2026-03-10-08000034000198-68874188409963147.pdf. Baixando via request...
2026-03-19 08:59:54 | INFO     | __main__:_handle_report_tab:103 - Texto extraído (3182 chars). Analisando débitos e omissões...
2026-03-19 08:59:54 | INFO     | __main__:extract_pendencias:183 - [62] Processando: PH GESTAO E CONSULTORIA S.A. (25311856000109)
2026-03-19 08:59:54 | INFO     | __main__:_handle_report_tab:42 - Iniciando captura de relatório...
2026-03-19 08:59:54 | DEBUG    | __main__:_handle_report_tab:46 - Verificando botão antes do clique: {'onclick': None, 'href': 'https://storage.googleapis.com/storagescrapings.appspot.com/ecac/49586312000118/situacao-fiscal-2026-03-10-25311856000109-5493267392372148762.pdf', 'text': '', 'download': True}
2026-03-19 08:59:56 | INFO     | __main__:_handle_report_tab:59 - Detectado link de PDF. Tentando download direto...
2026-03-19 09:00:11 | WARNING  | __main__:_handle_report_tab:72 - Falha no download direto, tentando via aba: Timeout 15000ms exceeded while waiting for event "download"
=========================== logs ===========================
waiting for event "download"
============================================================
2026-03-19 09:00:11 | INFO     | __main__:_handle_report_tab:84 - Relatório PDF em aba: https://storage.googleapis.com/storagescrapings.appspot.com/ecac/49586312000118/situacao-fiscal-2026-03-10-25311856000109-5493267392372148762.pdf. Baixando via request...
2026-03-19 09:00:11 | INFO     | __main__:_handle_report_tab:103 - Texto extraído (3955 chars). Analisando débitos e omissões...
2026-03-19 09:00:11 | WARNING  | __main__:_handle_report_tab:107 - SiefParser não encontrou pendências no texto. Primeiros 200 chars: MINISTÉRIO DA ECONOMIA Por meio do Integra Contador
SECRETARIA ESPECIAL DA RECEITA FEDERAL DO BRASIL Autor pedido: 49.586.312/0001-18. Contratante: 28.408.293/0001-60
PROCURADORIA-GERAL DA FAZENDA NAC
2026-03-19 09:00:11 | INFO     | __main__:extract_pendencias:183 - [63] Processando: PML REVESTIMENTOS LTDA (40010011000177)
2026-03-19 09:00:11 | INFO     | __main__:_handle_report_tab:42 - Iniciando captura de relatório...
2026-03-19 09:00:11 | DEBUG    | __main__:_handle_report_tab:46 - Verificando botão antes do clique: {'onclick': None, 'href': 'https://storage.googleapis.com/storagescrapings.appspot.com/ecac/49586312000118/situacao-fiscal-2026-03-10-40010011000177--1310616442582242493.pdf', 'text': '', 'download': True}
2026-03-19 09:00:13 | INFO     | __main__:_handle_report_tab:59 - Detectado link de PDF. Tentando download direto...
2026-03-19 09:00:28 | WARNING  | __main__:_handle_report_tab:72 - Falha no download direto, tentando via aba: Timeout 15000ms exceeded while waiting for event "download"
=========================== logs ===========================
waiting for event "download"
============================================================
2026-03-19 09:00:28 | INFO     | __main__:_handle_report_tab:84 - Relatório PDF em aba: https://storage.googleapis.com/storagescrapings.appspot.com/ecac/49586312000118/situacao-fiscal-2026-03-10-40010011000177--1310616442582242493.pdf. Baixando via request...
2026-03-19 09:00:29 | INFO     | __main__:_handle_report_tab:103 - Texto extraído (22820 chars). Analisando débitos e omissões...
2026-03-19 09:00:30 | INFO     | __main__:extract_pendencias:183 - [64] Processando: PML REVESTIMENTOS LTDA (40010011000258)
2026-03-19 09:00:30 | INFO     | __main__:_handle_report_tab:42 - Iniciando captura de relatório...
2026-03-19 09:00:30 | DEBUG    | __main__:_handle_report_tab:46 - Verificando botão antes do clique: {'onclick': None, 'href': 'https://storage.googleapis.com/storagescrapings.appspot.com/ecac/49586312000118/situacao-fiscal-2026-03-10-40010011000258-6596310596573063701.pdf', 'text': '', 'download': True}
2026-03-19 09:00:31 | INFO     | __main__:_handle_report_tab:59 - Detectado link de PDF. Tentando download direto...
2026-03-19 09:00:46 | WARNING  | __main__:_handle_report_tab:72 - Falha no download direto, tentando via aba: Timeout 15000ms exceeded while waiting for event "download"
=========================== logs ===========================
waiting for event "download"
============================================================
2026-03-19 09:00:46 | INFO     | __main__:_handle_report_tab:84 - Relatório PDF em aba: https://storage.googleapis.com/storagescrapings.appspot.com/ecac/49586312000118/situacao-fiscal-2026-03-10-40010011000258-6596310596573063701.pdf. Baixando via request...
2026-03-19 09:00:48 | INFO     | __main__:_handle_report_tab:103 - Texto extraído (23266 chars). Analisando débitos e omissões...
2026-03-19 09:00:48 | INFO     | __main__:extract_pendencias:183 - [65] Processando: PRIME ALUGUEL DE MAQUINAS LTDA (12620821000100)
2026-03-19 09:00:48 | INFO     | __main__:_handle_report_tab:42 - Iniciando captura de relatório...
2026-03-19 09:00:48 | DEBUG    | __main__:_handle_report_tab:46 - Verificando botão antes do clique: {'onclick': None, 'href': 'https://storage.googleapis.com/storagescrapings.appspot.com/ecac/49586312000118/situacao-fiscal-2026-03-10-12620821000100--8202874389122331106.pdf', 'text': '', 'download': True}
2026-03-19 09:00:49 | INFO     | __main__:_handle_report_tab:59 - Detectado link de PDF. Tentando download direto...
2026-03-19 09:01:04 | WARNING  | __main__:_handle_report_tab:72 - Falha no download direto, tentando via aba: Timeout 15000ms exceeded while waiting for event "download"
=========================== logs ===========================
waiting for event "download"
============================================================
2026-03-19 09:01:04 | INFO     | __main__:_handle_report_tab:84 - Relatório PDF em aba: https://storage.googleapis.com/storagescrapings.appspot.com/ecac/49586312000118/situacao-fiscal-2026-03-10-12620821000100--8202874389122331106.pdf. Baixando via request...
2026-03-19 09:01:04 | INFO     | __main__:_handle_report_tab:103 - Texto extraído (3205 chars). Analisando débitos e omissões...
2026-03-19 09:01:04 | INFO     | __main__:extract_pendencias:183 - [66] Processando: QUANTICO MOLDAVITA LTDA (37250815000139)
2026-03-19 09:01:04 | INFO     | __main__:_handle_report_tab:42 - Iniciando captura de relatório...
2026-03-19 09:01:05 | DEBUG    | __main__:_handle_report_tab:46 - Verificando botão antes do clique: {'onclick': None, 'href': 'https://storage.googleapis.com/storagescrapings.appspot.com/ecac/49586312000118/situacao-fiscal-2026-03-10-37250815000139--3042070610917375247.pdf', 'text': '', 'download': True}
2026-03-19 09:01:06 | INFO     | __main__:_handle_report_tab:59 - Detectado link de PDF. Tentando download direto...
2026-03-19 09:01:21 | WARNING  | __main__:_handle_report_tab:72 - Falha no download direto, tentando via aba: Timeout 15000ms exceeded while waiting for event "download"
=========================== logs ===========================
waiting for event "download"
============================================================
2026-03-19 09:01:21 | INFO     | __main__:_handle_report_tab:84 - Relatório PDF em aba: https://storage.googleapis.com/storagescrapings.appspot.com/ecac/49586312000118/situacao-fiscal-2026-03-10-37250815000139--3042070610917375247.pdf. Baixando via request...
2026-03-19 09:01:21 | INFO     | __main__:_handle_report_tab:103 - Texto extraído (2771 chars). Analisando débitos e omissões...
2026-03-19 09:01:21 | INFO     | __main__:extract_pendencias:183 - [67] Processando: RC COMERCIO DE ALIMENTOS LTDA (31495226000134)
2026-03-19 09:01:21 | INFO     | __main__:_handle_report_tab:42 - Iniciando captura de relatório...
2026-03-19 09:01:22 | DEBUG    | __main__:_handle_report_tab:46 - Verificando botão antes do clique: {'onclick': None, 'href': 'https://storage.googleapis.com/storagescrapings.appspot.com/ecac/49586312000118/situacao-fiscal-2026-03-10-31495226000134--759852541785170364.pdf', 'text': '', 'download': True}
2026-03-19 09:01:23 | INFO     | __main__:_handle_report_tab:59 - Detectado link de PDF. Tentando download direto...
2026-03-19 09:01:38 | WARNING  | __main__:_handle_report_tab:72 - Falha no download direto, tentando via aba: Timeout 15000ms exceeded while waiting for event "download"
=========================== logs ===========================
waiting for event "download"
============================================================
2026-03-19 09:01:38 | INFO     | __main__:_handle_report_tab:84 - Relatório PDF em aba: https://storage.googleapis.com/storagescrapings.appspot.com/ecac/49586312000118/situacao-fiscal-2026-03-10-31495226000134--759852541785170364.pdf. Baixando via request...
2026-03-19 09:01:39 | INFO     | __main__:_handle_report_tab:103 - Texto extraído (6438 chars). Analisando débitos e omissões...
2026-03-19 09:01:39 | INFO     | __main__:extract_pendencias:183 - [68] Processando: REINA PIANO LTDA (52029265000116)
2026-03-19 09:01:39 | INFO     | __main__:_handle_report_tab:42 - Iniciando captura de relatório...
2026-03-19 09:01:39 | DEBUG    | __main__:_handle_report_tab:46 - Verificando botão antes do clique: {'onclick': None, 'href': 'https://storage.googleapis.com/storagescrapings.appspot.com/ecac/49586312000118/situacao-fiscal-2026-03-10-52029265000116-2878048326592333185.pdf', 'text': '', 'download': True}
2026-03-19 09:01:41 | INFO     | __main__:_handle_report_tab:59 - Detectado link de PDF. Tentando download direto...
2026-03-19 09:01:56 | WARNING  | __main__:_handle_report_tab:72 - Falha no download direto, tentando via aba: Timeout 15000ms exceeded while waiting for event "download"
=========================== logs ===========================
waiting for event "download"
============================================================
2026-03-19 09:01:56 | INFO     | __main__:_handle_report_tab:84 - Relatório PDF em aba: https://storage.googleapis.com/storagescrapings.appspot.com/ecac/49586312000118/situacao-fiscal-2026-03-10-52029265000116-2878048326592333185.pdf. Baixando via request...
2026-03-19 09:01:57 | INFO     | __main__:_handle_report_tab:103 - Texto extraído (3100 chars). Analisando débitos e omissões...
2026-03-19 09:01:58 | INFO     | __main__:extract_pendencias:158 - Processando página 5...
2026-03-19 09:01:58 | INFO     | __main__:extract_pendencias:161 - Encontradas 17 empresas com Pendência na página 5
2026-03-19 09:01:58 | INFO     | __main__:extract_pendencias:183 - [69] Processando: ROBERTA COSTA CARDOSO (34243775000100)
2026-03-19 09:01:58 | INFO     | __main__:_handle_report_tab:42 - Iniciando captura de relatório...
2026-03-19 09:01:58 | DEBUG    | __main__:_handle_report_tab:46 - Verificando botão antes do clique: {'onclick': None, 'href': 'https://storage.googleapis.com/storagescrapings.appspot.com/ecac/49586312000118/situacao-fiscal-2026-03-10-34243775000100-4889036326028891915.pdf', 'text': '', 'download': True}
2026-03-19 09:02:00 | INFO     | __main__:_handle_report_tab:59 - Detectado link de PDF. Tentando download direto...
2026-03-19 09:02:15 | WARNING  | __main__:_handle_report_tab:72 - Falha no download direto, tentando via aba: Timeout 15000ms exceeded while waiting for event "download"
=========================== logs ===========================
waiting for event "download"
============================================================
2026-03-19 09:02:15 | INFO     | __main__:_handle_report_tab:84 - Relatório PDF em aba: https://storage.googleapis.com/storagescrapings.appspot.com/ecac/49586312000118/situacao-fiscal-2026-03-10-34243775000100-4889036326028891915.pdf. Baixando via request...
2026-03-19 09:02:16 | INFO     | __main__:_handle_report_tab:103 - Texto extraído (2824 chars). Analisando débitos e omissões...
2026-03-19 09:02:16 | INFO     | __main__:extract_pendencias:183 - [70] Processando: ROSEMERY ALMEIDA MACÊDO (04689608000126)
2026-03-19 09:02:16 | INFO     | __main__:_handle_report_tab:42 - Iniciando captura de relatório...
2026-03-19 09:02:16 | DEBUG    | __main__:_handle_report_tab:46 - Verificando botão antes do clique: {'onclick': None, 'href': 'https://storage.googleapis.com/storagescrapings.appspot.com/ecac/49586312000118/situacao-fiscal-2026-03-10-04689608000126-301946170125122004.pdf', 'text': '', 'download': True}
2026-03-19 09:02:17 | INFO     | __main__:_handle_report_tab:59 - Detectado link de PDF. Tentando download direto...
2026-03-19 09:02:32 | WARNING  | __main__:_handle_report_tab:72 - Falha no download direto, tentando via aba: Timeout 15000ms exceeded while waiting for event "download"
=========================== logs ===========================
waiting for event "download"
============================================================
2026-03-19 09:02:32 | INFO     | __main__:_handle_report_tab:84 - Relatório PDF em aba: https://storage.googleapis.com/storagescrapings.appspot.com/ecac/49586312000118/situacao-fiscal-2026-03-10-04689608000126-301946170125122004.pdf. Baixando via request...
2026-03-19 09:02:34 | INFO     | __main__:_handle_report_tab:103 - Texto extraído (39433 chars). Analisando débitos e omissões...
2026-03-19 09:02:34 | INFO     | __main__:extract_pendencias:183 - [71] Processando: ROSEMERY ALMEIDA MACÊDO (04689608000207)
2026-03-19 09:02:34 | INFO     | __main__:_handle_report_tab:42 - Iniciando captura de relatório...
2026-03-19 09:02:35 | DEBUG    | __main__:_handle_report_tab:46 - Verificando botão antes do clique: {'onclick': None, 'href': 'https://storage.googleapis.com/storagescrapings.appspot.com/ecac/49586312000118/situacao-fiscal-2026-03-10-04689608000207--1940536082388115577.pdf', 'text': '', 'download': True}
2026-03-19 09:02:36 | INFO     | __main__:_handle_report_tab:59 - Detectado link de PDF. Tentando download direto...
2026-03-19 09:02:51 | WARNING  | __main__:_handle_report_tab:72 - Falha no download direto, tentando via aba: Timeout 15000ms exceeded while waiting for event "download"
=========================== logs ===========================
waiting for event "download"
============================================================
2026-03-19 09:02:51 | INFO     | __main__:_handle_report_tab:84 - Relatório PDF em aba: https://storage.googleapis.com/storagescrapings.appspot.com/ecac/49586312000118/situacao-fiscal-2026-03-10-04689608000207--1940536082388115577.pdf. Baixando via request...
2026-03-19 09:02:53 | INFO     | __main__:_handle_report_tab:103 - Texto extraído (39838 chars). Analisando débitos e omissões...
2026-03-19 09:02:53 | INFO     | __main__:extract_pendencias:183 - [72] Processando: ROSEMERY ALMEIDA MACÊDO (04689608000398)
2026-03-19 09:02:53 | INFO     | __main__:_handle_report_tab:42 - Iniciando captura de relatório...
2026-03-19 09:02:53 | DEBUG    | __main__:_handle_report_tab:46 - Verificando botão antes do clique: {'onclick': None, 'href': 'https://storage.googleapis.com/storagescrapings.appspot.com/ecac/49586312000118/situacao-fiscal-2026-03-10-04689608000398--8530276885068725287.pdf', 'text': '', 'download': True}
2026-03-19 09:02:55 | INFO     | __main__:_handle_report_tab:59 - Detectado link de PDF. Tentando download direto...
2026-03-19 09:03:10 | WARNING  | __main__:_handle_report_tab:72 - Falha no download direto, tentando via aba: Timeout 15000ms exceeded while waiting for event "download"
=========================== logs ===========================
waiting for event "download"
============================================================
2026-03-19 09:03:10 | INFO     | __main__:_handle_report_tab:84 - Relatório PDF em aba: https://storage.googleapis.com/storagescrapings.appspot.com/ecac/49586312000118/situacao-fiscal-2026-03-10-04689608000398--8530276885068725287.pdf. Baixando via request...
2026-03-19 09:03:12 | INFO     | __main__:_handle_report_tab:103 - Texto extraído (39826 chars). Analisando débitos e omissões...
2026-03-19 09:03:12 | INFO     | __main__:extract_pendencias:183 - [73] Processando: S A 4 MARKETING EMPRESARIAL LTDA. (09199339000133)
2026-03-19 09:03:12 | INFO     | __main__:_handle_report_tab:42 - Iniciando captura de relatório...
2026-03-19 09:03:12 | DEBUG    | __main__:_handle_report_tab:46 - Verificando botão antes do clique: {'onclick': None, 'href': 'https://storage.googleapis.com/storagescrapings.appspot.com/ecac/49586312000118/situacao-fiscal-2026-03-10-09199339000133-4770438342379837465.pdf', 'text': '', 'download': True}
2026-03-19 09:03:13 | INFO     | __main__:_handle_report_tab:59 - Detectado link de PDF. Tentando download direto...
2026-03-19 09:03:28 | WARNING  | __main__:_handle_report_tab:72 - Falha no download direto, tentando via aba: Timeout 15000ms exceeded while waiting for event "download"
=========================== logs ===========================
waiting for event "download"
============================================================
2026-03-19 09:03:29 | INFO     | __main__:_handle_report_tab:84 - Relatório PDF em aba: https://storage.googleapis.com/storagescrapings.appspot.com/ecac/49586312000118/situacao-fiscal-2026-03-10-09199339000133-4770438342379837465.pdf. Baixando via request...
2026-03-19 09:03:29 | INFO     | __main__:_handle_report_tab:103 - Texto extraído (2318 chars). Analisando débitos e omissões...
2026-03-19 09:03:29 | INFO     | __main__:extract_pendencias:183 - [74] Processando: S N COMERCIAL DE FERRAGENS E FERRAMENTAS LTDA (35798856000139)
2026-03-19 09:03:29 | INFO     | __main__:_handle_report_tab:42 - Iniciando captura de relatório...
2026-03-19 09:03:29 | DEBUG    | __main__:_handle_report_tab:46 - Verificando botão antes do clique: {'onclick': None, 'href': 'https://storage.googleapis.com/storagescrapings.appspot.com/ecac/49586312000118/situacao-fiscal-2026-03-10-35798856000139-7669080239666375128.pdf', 'text': '', 'download': True}
2026-03-19 09:03:30 | INFO     | __main__:_handle_report_tab:59 - Detectado link de PDF. Tentando download direto...
2026-03-19 09:03:45 | WARNING  | __main__:_handle_report_tab:72 - Falha no download direto, tentando via aba: Timeout 15000ms exceeded while waiting for event "download"
=========================== logs ===========================
waiting for event "download"
============================================================
2026-03-19 09:03:46 | INFO     | __main__:_handle_report_tab:84 - Relatório PDF em aba: https://storage.googleapis.com/storagescrapings.appspot.com/ecac/49586312000118/situacao-fiscal-2026-03-10-35798856000139-7669080239666375128.pdf. Baixando via request...
2026-03-19 09:03:46 | INFO     | __main__:_handle_report_tab:103 - Texto extraído (2834 chars). Analisando débitos e omissões...
2026-03-19 09:03:46 | INFO     | __main__:extract_pendencias:183 - [75] Processando: SARAVIMANA PATRIMONIAL LTDA. (04904636000119)
2026-03-19 09:03:46 | INFO     | __main__:_handle_report_tab:42 - Iniciando captura de relatório...
2026-03-19 09:03:46 | DEBUG    | __main__:_handle_report_tab:46 - Verificando botão antes do clique: {'onclick': None, 'href': 'https://storage.googleapis.com/storagescrapings.appspot.com/ecac/49586312000118/situacao-fiscal-2026-03-10-04904636000119--7539829649228640268.pdf', 'text': '', 'download': True}
2026-03-19 09:03:48 | INFO     | __main__:_handle_report_tab:59 - Detectado link de PDF. Tentando download direto...
2026-03-19 09:04:03 | WARNING  | __main__:_handle_report_tab:72 - Falha no download direto, tentando via aba: Timeout 15000ms exceeded while waiting for event "download"
=========================== logs ===========================
waiting for event "download"
============================================================
2026-03-19 09:04:03 | INFO     | __main__:_handle_report_tab:84 - Relatório PDF em aba: https://storage.googleapis.com/storagescrapings.appspot.com/ecac/49586312000118/situacao-fiscal-2026-03-10-04904636000119--7539829649228640268.pdf. Baixando via request...
2026-03-19 09:04:03 | INFO     | __main__:_handle_report_tab:103 - Texto extraído (2572 chars). Analisando débitos e omissões...
2026-03-19 09:04:03 | INFO     | __main__:extract_pendencias:183 - [76] Processando: SERRA DA ESTRELA PATRIMONIAL S/A. (04091558000180)
2026-03-19 09:04:03 | INFO     | __main__:_handle_report_tab:42 - Iniciando captura de relatório...
2026-03-19 09:04:03 | DEBUG    | __main__:_handle_report_tab:46 - Verificando botão antes do clique: {'onclick': None, 'href': 'https://storage.googleapis.com/storagescrapings.appspot.com/ecac/49586312000118/situacao-fiscal-2026-03-10-04091558000180-3538999306115164684.pdf', 'text': '', 'download': True}
2026-03-19 09:04:05 | INFO     | __main__:_handle_report_tab:59 - Detectado link de PDF. Tentando download direto...
2026-03-19 09:04:20 | WARNING  | __main__:_handle_report_tab:72 - Falha no download direto, tentando via aba: Timeout 15000ms exceeded while waiting for event "download"
=========================== logs ===========================
waiting for event "download"
============================================================
2026-03-19 09:04:20 | INFO     | __main__:_handle_report_tab:84 - Relatório PDF em aba: https://storage.googleapis.com/storagescrapings.appspot.com/ecac/49586312000118/situacao-fiscal-2026-03-10-04091558000180-3538999306115164684.pdf. Baixando via request...
2026-03-19 09:04:20 | INFO     | __main__:_handle_report_tab:103 - Texto extraído (3112 chars). Analisando débitos e omissões...
2026-03-19 09:04:20 | INFO     | __main__:extract_pendencias:183 - [77] Processando: SERVIR SEGURANCA E VIGILANCIA LTDA (02642837000160)
2026-03-19 09:04:20 | INFO     | __main__:_handle_report_tab:42 - Iniciando captura de relatório...
2026-03-19 09:04:20 | DEBUG    | __main__:_handle_report_tab:46 - Verificando botão antes do clique: {'onclick': None, 'href': 'https://storage.googleapis.com/storagescrapings.appspot.com/ecac/49586312000118/situacao-fiscal-2026-03-10-02642837000160--7426392162282559318.pdf', 'text': '', 'download': True}
2026-03-19 09:04:22 | INFO     | __main__:_handle_report_tab:59 - Detectado link de PDF. Tentando download direto...
2026-03-19 09:04:37 | WARNING  | __main__:_handle_report_tab:72 - Falha no download direto, tentando via aba: Timeout 15000ms exceeded while waiting for event "download"
=========================== logs ===========================
waiting for event "download"
============================================================
2026-03-19 09:04:37 | INFO     | __main__:_handle_report_tab:84 - Relatório PDF em aba: https://storage.googleapis.com/storagescrapings.appspot.com/ecac/49586312000118/situacao-fiscal-2026-03-10-02642837000160--7426392162282559318.pdf. Baixando via request...
2026-03-19 09:04:38 | INFO     | __main__:_handle_report_tab:103 - Texto extraído (5900 chars). Analisando débitos e omissões...
2026-03-19 09:04:38 | WARNING  | __main__:_handle_report_tab:107 - SiefParser não encontrou pendências no texto. Primeiros 200 chars: MINISTÉRIO DA ECONOMIA Por meio do Integra Contador
SECRETARIA ESPECIAL DA RECEITA FEDERAL DO BRASIL Autor pedido: 49.586.312/0001-18. Contratante: 28.408.293/0001-60
PROCURADORIA-GERAL DA FAZENDA NAC
2026-03-19 09:04:38 | INFO     | __main__:extract_pendencias:183 - [78] Processando: SINLOBA - SINDICATO DOS LOTERICOS E ASSEMELHADOS DO ESTADO DA BAHIA (04964315000100)
2026-03-19 09:04:38 | INFO     | __main__:_handle_report_tab:42 - Iniciando captura de relatório...
2026-03-19 09:04:38 | DEBUG    | __main__:_handle_report_tab:46 - Verificando botão antes do clique: {'onclick': None, 'href': 'https://storage.googleapis.com/storagescrapings.appspot.com/ecac/49586312000118/situacao-fiscal-2026-03-10-04964315000100--4650988005219744818.pdf', 'text': '', 'download': True}
2026-03-19 09:04:39 | INFO     | __main__:_handle_report_tab:59 - Detectado link de PDF. Tentando download direto...
2026-03-19 09:04:54 | WARNING  | __main__:_handle_report_tab:72 - Falha no download direto, tentando via aba: Timeout 15000ms exceeded while waiting for event "download"
=========================== logs ===========================
waiting for event "download"
============================================================
2026-03-19 09:04:54 | INFO     | __main__:_handle_report_tab:84 - Relatório PDF em aba: https://storage.googleapis.com/storagescrapings.appspot.com/ecac/49586312000118/situacao-fiscal-2026-03-10-04964315000100--4650988005219744818.pdf. Baixando via request...
2026-03-19 09:04:55 | INFO     | __main__:_handle_report_tab:103 - Texto extraído (2118 chars). Analisando débitos e omissões...
2026-03-19 09:04:55 | WARNING  | __main__:_handle_report_tab:107 - SiefParser não encontrou pendências no texto. Primeiros 200 chars: MINISTÉRIO DA ECONOMIA Por meio do Integra Contador
SECRETARIA ESPECIAL DA RECEITA FEDERAL DO BRASIL Autor pedido: 49.586.312/0001-18. Contratante: 28.408.293/0001-60
PROCURADORIA-GERAL DA FAZENDA NAC
2026-03-19 09:04:55 | INFO     | __main__:extract_pendencias:183 - [79] Processando: STAUMMAQ SERVICOS TECNICOS AUTOMACAO MOTORES E MAQUINAS LTDA (02370080000100)
2026-03-19 09:04:55 | INFO     | __main__:_handle_report_tab:42 - Iniciando captura de relatório...
2026-03-19 09:04:55 | DEBUG    | __main__:_handle_report_tab:46 - Verificando botão antes do clique: {'onclick': None, 'href': 'https://storage.googleapis.com/storagescrapings.appspot.com/ecac/49586312000118/situacao-fiscal-2026-03-10-02370080000100-4683628906683906302.pdf', 'text': '', 'download': True}
2026-03-19 09:04:56 | INFO     | __main__:_handle_report_tab:59 - Detectado link de PDF. Tentando download direto...
2026-03-19 09:05:11 | WARNING  | __main__:_handle_report_tab:72 - Falha no download direto, tentando via aba: Timeout 15000ms exceeded while waiting for event "download"
=========================== logs ===========================
waiting for event "download"
============================================================
2026-03-19 09:05:11 | INFO     | __main__:_handle_report_tab:84 - Relatório PDF em aba: https://storage.googleapis.com/storagescrapings.appspot.com/ecac/49586312000118/situacao-fiscal-2026-03-10-02370080000100-4683628906683906302.pdf. Baixando via request...
2026-03-19 09:05:12 | INFO     | __main__:_handle_report_tab:103 - Texto extraído (10018 chars). Analisando débitos e omissões...
2026-03-19 09:05:12 | INFO     | __main__:extract_pendencias:183 - [80] Processando: STELU PATRIMONIAL LIMITADA (11501054000157)
2026-03-19 09:05:12 | INFO     | __main__:_handle_report_tab:42 - Iniciando captura de relatório...
2026-03-19 09:05:12 | DEBUG    | __main__:_handle_report_tab:46 - Verificando botão antes do clique: {'onclick': None, 'href': 'https://storage.googleapis.com/storagescrapings.appspot.com/ecac/49586312000118/situacao-fiscal-2026-03-10-11501054000157--7975647453514611855.pdf', 'text': '', 'download': True}
2026-03-19 09:05:14 | INFO     | __main__:_handle_report_tab:59 - Detectado link de PDF. Tentando download direto...
2026-03-19 09:05:29 | WARNING  | __main__:_handle_report_tab:72 - Falha no download direto, tentando via aba: Timeout 15000ms exceeded while waiting for event "download"
=========================== logs ===========================
waiting for event "download"
============================================================
2026-03-19 09:05:30 | INFO     | __main__:_handle_report_tab:84 - Relatório PDF em aba: https://storage.googleapis.com/storagescrapings.appspot.com/ecac/49586312000118/situacao-fiscal-2026-03-10-11501054000157--7975647453514611855.pdf. Baixando via request...
2026-03-19 09:05:30 | INFO     | __main__:_handle_report_tab:103 - Texto extraído (3068 chars). Analisando débitos e omissões...
2026-03-19 09:05:30 | INFO     | __main__:extract_pendencias:183 - [81] Processando: STK - ENSINO MEDIO LTDA. (07007823000198)
2026-03-19 09:05:30 | INFO     | __main__:_handle_report_tab:42 - Iniciando captura de relatório...
2026-03-19 09:05:30 | DEBUG    | __main__:_handle_report_tab:46 - Verificando botão antes do clique: {'onclick': None, 'href': 'https://storage.googleapis.com/storagescrapings.appspot.com/ecac/49586312000118/situacao-fiscal-2026-03-10-07007823000198--2012357875125494208.pdf', 'text': '', 'download': True}
2026-03-19 09:05:32 | INFO     | __main__:_handle_report_tab:59 - Detectado link de PDF. Tentando download direto...
2026-03-19 09:05:47 | WARNING  | __main__:_handle_report_tab:72 - Falha no download direto, tentando via aba: Timeout 15000ms exceeded while waiting for event "download"
=========================== logs ===========================
waiting for event "download"
============================================================
2026-03-19 09:05:47 | INFO     | __main__:_handle_report_tab:84 - Relatório PDF em aba: https://storage.googleapis.com/storagescrapings.appspot.com/ecac/49586312000118/situacao-fiscal-2026-03-10-07007823000198--2012357875125494208.pdf. Baixando via request...
2026-03-19 09:05:47 | INFO     | __main__:_handle_report_tab:103 - Texto extraído (7571 chars). Analisando débitos e omissões...
2026-03-19 09:05:47 | WARNING  | __main__:_handle_report_tab:107 - SiefParser não encontrou pendências no texto. Primeiros 200 chars: MINISTÉRIO DA ECONOMIA Por meio do Integra Contador
SECRETARIA ESPECIAL DA RECEITA FEDERAL DO BRASIL Autor pedido: 49.586.312/0001-18. Contratante: 28.408.293/0001-60
PROCURADORIA-GERAL DA FAZENDA NAC
2026-03-19 09:05:48 | INFO     | __main__:extract_pendencias:183 - [82] Processando: TAMP - ENSINO FUNDAMENTAL LTDA. (04607541000133)
2026-03-19 09:05:48 | INFO     | __main__:_handle_report_tab:42 - Iniciando captura de relatório...
2026-03-19 09:05:48 | DEBUG    | __main__:_handle_report_tab:46 - Verificando botão antes do clique: {'onclick': None, 'href': 'https://storage.googleapis.com/storagescrapings.appspot.com/ecac/49586312000118/situacao-fiscal-2026-03-10-04607541000133--6651989339997511169.pdf', 'text': '', 'download': True}
2026-03-19 09:05:49 | INFO     | __main__:_handle_report_tab:59 - Detectado link de PDF. Tentando download direto...
2026-03-19 09:06:04 | WARNING  | __main__:_handle_report_tab:72 - Falha no download direto, tentando via aba: Timeout 15000ms exceeded while waiting for event "download"
=========================== logs ===========================
waiting for event "download"
============================================================
2026-03-19 09:06:04 | INFO     | __main__:_handle_report_tab:84 - Relatório PDF em aba: https://storage.googleapis.com/storagescrapings.appspot.com/ecac/49586312000118/situacao-fiscal-2026-03-10-04607541000133--6651989339997511169.pdf. Baixando via request...
2026-03-19 09:06:05 | INFO     | __main__:_handle_report_tab:103 - Texto extraído (19094 chars). Analisando débitos e omissões...
2026-03-19 09:06:05 | WARNING  | __main__:_handle_report_tab:107 - SiefParser não encontrou pendências no texto. Primeiros 200 chars: MINISTÉRIO DA ECONOMIA Por meio do Integra Contador
SECRETARIA ESPECIAL DA RECEITA FEDERAL DO BRASIL Autor pedido: 49.586.312/0001-18. Contratante: 28.408.293/0001-60
PROCURADORIA-GERAL DA FAZENDA NAC
2026-03-19 09:06:05 | INFO     | __main__:extract_pendencias:183 - [83] Processando: TECMARQUES ASSOCIADOS LTDA (48772387000120)
2026-03-19 09:06:05 | INFO     | __main__:_handle_report_tab:42 - Iniciando captura de relatório...
2026-03-19 09:06:05 | DEBUG    | __main__:_handle_report_tab:46 - Verificando botão antes do clique: {'onclick': None, 'href': 'https://storage.googleapis.com/storagescrapings.appspot.com/ecac/49586312000118/situacao-fiscal-2026-03-10-48772387000120-3756709464639021943.pdf', 'text': '', 'download': True}
2026-03-19 09:06:07 | INFO     | __main__:_handle_report_tab:59 - Detectado link de PDF. Tentando download direto...
2026-03-19 09:06:22 | WARNING  | __main__:_handle_report_tab:72 - Falha no download direto, tentando via aba: Timeout 15000ms exceeded while waiting for event "download"
=========================== logs ===========================
waiting for event "download"
============================================================
2026-03-19 09:06:22 | INFO     | __main__:_handle_report_tab:84 - Relatório PDF em aba: https://storage.googleapis.com/storagescrapings.appspot.com/ecac/49586312000118/situacao-fiscal-2026-03-10-48772387000120-3756709464639021943.pdf. Baixando via request...
2026-03-19 09:06:23 | INFO     | __main__:_handle_report_tab:103 - Texto extraído (3297 chars). Analisando débitos e omissões...
2026-03-19 09:06:23 | WARNING  | __main__:_handle_report_tab:107 - SiefParser não encontrou pendências no texto. Primeiros 200 chars: MINISTÉRIO DA ECONOMIA Por meio do Integra Contador
SECRETARIA ESPECIAL DA RECEITA FEDERAL DO BRASIL Autor pedido: 49.586.312/0001-18. Contratante: 28.408.293/0001-60
PROCURADORIA-GERAL DA FAZENDA NAC
2026-03-19 09:06:23 | INFO     | __main__:extract_pendencias:183 - [84] Processando: TOK UNIFORMES COMERCIO DE CONFECCOES LTDA (25190228000112)
2026-03-19 09:06:23 | INFO     | __main__:_handle_report_tab:42 - Iniciando captura de relatório...
2026-03-19 09:06:23 | DEBUG    | __main__:_handle_report_tab:46 - Verificando botão antes do clique: {'onclick': None, 'href': 'https://storage.googleapis.com/storagescrapings.appspot.com/ecac/49586312000118/situacao-fiscal-2026-03-10-25190228000112-4910105506099822679.pdf', 'text': '', 'download': True}
2026-03-19 09:06:24 | INFO     | __main__:_handle_report_tab:59 - Detectado link de PDF. Tentando download direto...
2026-03-19 09:06:39 | WARNING  | __main__:_handle_report_tab:72 - Falha no download direto, tentando via aba: Timeout 15000ms exceeded while waiting for event "download"
=========================== logs ===========================
waiting for event "download"
============================================================
2026-03-19 09:06:39 | INFO     | __main__:_handle_report_tab:84 - Relatório PDF em aba: https://storage.googleapis.com/storagescrapings.appspot.com/ecac/49586312000118/situacao-fiscal-2026-03-10-25190228000112-4910105506099822679.pdf. Baixando via request...
2026-03-19 09:06:40 | INFO     | __main__:_handle_report_tab:103 - Texto extraído (2906 chars). Analisando débitos e omissões...
2026-03-19 09:06:40 | INFO     | __main__:extract_pendencias:183 - [85] Processando: TXB INVESTIMENTOS LTDA. (20287189000152)
2026-03-19 09:06:40 | INFO     | __main__:_handle_report_tab:42 - Iniciando captura de relatório...
2026-03-19 09:06:40 | DEBUG    | __main__:_handle_report_tab:46 - Verificando botão antes do clique: {'onclick': None, 'href': 'https://storage.googleapis.com/storagescrapings.appspot.com/ecac/49586312000118/situacao-fiscal-2026-03-10-20287189000152-5802815754118781405.pdf', 'text': '', 'download': True}
2026-03-19 09:06:41 | INFO     | __main__:_handle_report_tab:59 - Detectado link de PDF. Tentando download direto...
2026-03-19 09:06:56 | WARNING  | __main__:_handle_report_tab:72 - Falha no download direto, tentando via aba: Timeout 15000ms exceeded while waiting for event "download"
=========================== logs ===========================
waiting for event "download"
============================================================
2026-03-19 09:06:56 | INFO     | __main__:_handle_report_tab:84 - Relatório PDF em aba: https://storage.googleapis.com/storagescrapings.appspot.com/ecac/49586312000118/situacao-fiscal-2026-03-10-20287189000152-5802815754118781405.pdf. Baixando via request...
2026-03-19 09:06:57 | INFO     | __main__:_handle_report_tab:103 - Texto extraído (3135 chars). Analisando débitos e omissões...
2026-03-19 09:06:58 | INFO     | __main__:extract_pendencias:158 - Processando página 6...
2026-03-19 09:06:58 | INFO     | __main__:extract_pendencias:161 - Encontradas 3 empresas com Pendência na página 6
2026-03-19 09:06:58 | INFO     | __main__:extract_pendencias:183 - [86] Processando: VERTEX SOLUTION EM SERVICOS LTDA (58269983000146)
2026-03-19 09:06:58 | INFO     | __main__:_handle_report_tab:42 - Iniciando captura de relatório...
2026-03-19 09:06:58 | DEBUG    | __main__:_handle_report_tab:46 - Verificando botão antes do clique: {'onclick': None, 'href': 'https://storage.googleapis.com/storagescrapings.appspot.com/ecac/49586312000118/situacao-fiscal-2026-03-10-58269983000146--91426381646707851.pdf', 'text': '', 'download': True}
2026-03-19 09:07:00 | INFO     | __main__:_handle_report_tab:59 - Detectado link de PDF. Tentando download direto...
2026-03-19 09:07:15 | WARNING  | __main__:_handle_report_tab:72 - Falha no download direto, tentando via aba: Timeout 15000ms exceeded while waiting for event "download"
=========================== logs ===========================
waiting for event "download"
============================================================
2026-03-19 09:07:15 | INFO     | __main__:_handle_report_tab:84 - Relatório PDF em aba: https://storage.googleapis.com/storagescrapings.appspot.com/ecac/49586312000118/situacao-fiscal-2026-03-10-58269983000146--91426381646707851.pdf. Baixando via request...
2026-03-19 09:07:16 | INFO     | __main__:_handle_report_tab:103 - Texto extraído (3213 chars). Analisando débitos e omissões...
2026-03-19 09:07:16 | INFO     | __main__:extract_pendencias:183 - [87] Processando: VITRINE DA CERVEJA LTDA (18490365000107)
2026-03-19 09:07:16 | INFO     | __main__:_handle_report_tab:42 - Iniciando captura de relatório...
2026-03-19 09:07:16 | DEBUG    | __main__:_handle_report_tab:46 - Verificando botão antes do clique: {'onclick': None, 'href': 'https://storage.googleapis.com/storagescrapings.appspot.com/ecac/49586312000118/situacao-fiscal-2026-03-10-18490365000107--8643941443916180720.pdf', 'text': '', 'download': True}
2026-03-19 09:07:17 | INFO     | __main__:_handle_report_tab:59 - Detectado link de PDF. Tentando download direto...
2026-03-19 09:07:32 | WARNING  | __main__:_handle_report_tab:72 - Falha no download direto, tentando via aba: Timeout 15000ms exceeded while waiting for event "download"
=========================== logs ===========================
waiting for event "download"
============================================================
2026-03-19 09:07:33 | INFO     | __main__:_handle_report_tab:84 - Relatório PDF em aba: https://storage.googleapis.com/storagescrapings.appspot.com/ecac/49586312000118/situacao-fiscal-2026-03-10-18490365000107--8643941443916180720.pdf. Baixando via request...
2026-03-19 09:07:35 | INFO     | __main__:_handle_report_tab:103 - Texto extraído (29044 chars). Analisando débitos e omissões...
2026-03-19 09:07:35 | INFO     | __main__:extract_pendencias:183 - [88] Processando: VOLTA DO RIO PATRIMONIAL S/A. (04771186000133)
2026-03-19 09:07:35 | INFO     | __main__:_handle_report_tab:42 - Iniciando captura de relatório...
2026-03-19 09:07:35 | DEBUG    | __main__:_handle_report_tab:46 - Verificando botão antes do clique: {'onclick': None, 'href': 'https://storage.googleapis.com/storagescrapings.appspot.com/ecac/49586312000118/situacao-fiscal-2026-03-10-04771186000133--8016301968000518451.pdf', 'text': '', 'download': True}
2026-03-19 09:07:36 | INFO     | __main__:_handle_report_tab:59 - Detectado link de PDF. Tentando download direto...
2026-03-19 09:07:51 | WARNING  | __main__:_handle_report_tab:72 - Falha no download direto, tentando via aba: Timeout 15000ms exceeded while waiting for event "download"
=========================== logs ===========================
waiting for event "download"
============================================================
2026-03-19 09:07:51 | INFO     | __main__:_handle_report_tab:84 - Relatório PDF em aba: https://storage.googleapis.com/storagescrapings.appspot.com/ecac/49586312000118/situacao-fiscal-2026-03-10-04771186000133--8016301968000518451.pdf. Baixando via request...
2026-03-19 09:07:52 | INFO     | __main__:_handle_report_tab:103 - Texto extraído (7662 chars). Analisando débitos e omissões...
2026-03-19 09:07:52 | WARNING  | __main__:_handle_report_tab:107 - SiefParser não encontrou pendências no texto. Primeiros 200 chars: MINISTÉRIO DA ECONOMIA Por meio do Integra Contador
SECRETARIA ESPECIAL DA RECEITA FEDERAL DO BRASIL Autor pedido: 49.586.312/0001-18. Contratante: 28.408.293/0001-60
PROCURADORIA-GERAL DA FAZENDA NAC
2026-03-19 09:08:06 | SUCCESS  | __main__:extract_pendencias:258 - Relatórios separados gerados com sucesso na pasta logs/.
2026-03-19 09:46:48 | INFO     | __main__:test_clear_logs_directory:18 - Arquivos dummy criados.
2026-03-19 09:46:48 | INFO     | src.core.utils:clear_logs_directory:15 - Limpando diretório de saída: logs...
2026-03-19 09:46:48 | SUCCESS  | src.core.utils:clear_logs_directory:31 - Limpeza concluída com sucesso.
2026-03-19 09:46:48 | INFO     | __main__:test_clear_logs_directory:32 - OK: Arquivo logs/test1.pdf deletado.
2026-03-19 09:46:48 | INFO     | __main__:test_clear_logs_directory:32 - OK: Arquivo logs/test2.json deletado.
2026-03-19 09:46:48 | INFO     | __main__:test_clear_logs_directory:32 - OK: Arquivo logs/temp_123.pdf deletado.
2026-03-19 09:49:34 | INFO     | src.core.utils:clear_logs_directory:15 - Limpando diretório de saída: logs...
2026-03-19 09:49:34 | SUCCESS  | src.core.utils:clear_logs_directory:31 - Limpeza concluída com sucesso.
2026-03-19 09:49:34 | INFO     | __main__:extract_pendencias:127 - --- INICIANDO SESSÃO (Batch 1, Página 1) ---
2026-03-19 09:49:36 | INFO     | __main__:_login:22 - Navegando para o login em https://49586312000118.veri.com.br//login
2026-03-19 09:49:38 | INFO     | __main__:_login:25 - Inserindo credenciais...
2026-03-19 09:49:39 | INFO     | __main__:_login:35 - Aguardando carregamento da área restrita...
2026-03-19 09:49:42 | SUCCESS  | __main__:_login:38 - Logado com sucesso (aparentemente).
2026-03-19 09:49:42 | INFO     | __main__:extract_pendencias:149 - Navegando para lista geral (Resumo na pág 1)...
2026-03-19 09:49:44 | INFO     | __main__:extract_pendencias:162 - Processando página 1...
2026-03-19 09:49:44 | INFO     | __main__:extract_pendencias:165 - Encontradas 12 empresas com Pendência na página 1
2026-03-19 09:49:44 | INFO     | __main__:extract_pendencias:187 - [1] Processando: AG VINHOS E GASTRONOMIA LTDA (62652792000136)
2026-03-19 09:49:44 | INFO     | __main__:_handle_report_tab:43 - Iniciando captura de relatório...
2026-03-19 09:49:44 | DEBUG    | __main__:_handle_report_tab:47 - Verificando botão antes do clique: {'onclick': None, 'href': 'https://storage.googleapis.com/storagescrapings.appspot.com/ecac/49586312000118/situacao-fiscal-2026-03-16-62652792000136-9114705552301900211.pdf', 'text': '', 'download': True}
2026-03-19 09:49:44 | INFO     | __main__:_handle_report_tab:60 - Detectado link de PDF. Tentando download direto...
2026-03-19 09:49:59 | WARNING  | __main__:_handle_report_tab:73 - Falha no download direto, tentando via aba: Timeout 15000ms exceeded while waiting for event "download"
=========================== logs ===========================
waiting for event "download"
============================================================
2026-03-19 09:49:59 | INFO     | __main__:_handle_report_tab:85 - Relatório PDF em aba: https://storage.googleapis.com/storagescrapings.appspot.com/ecac/49586312000118/situacao-fiscal-2026-03-16-62652792000136-9114705552301900211.pdf. Baixando via request...
2026-03-19 09:50:00 | INFO     | __main__:_handle_report_tab:104 - Texto extraído (4109 chars). Analisando débitos e omissões...
2026-03-19 09:50:00 | INFO     | __main__:extract_pendencias:187 - [2] Processando: ANJU PARICIPACOES LIMITADA (11233811000159)
2026-03-19 09:50:00 | INFO     | __main__:_handle_report_tab:43 - Iniciando captura de relatório...
2026-03-19 09:50:00 | DEBUG    | __main__:_handle_report_tab:47 - Verificando botão antes do clique: {'onclick': None, 'href': 'https://storage.googleapis.com/storagescrapings.appspot.com/ecac/49586312000118/situacao-fiscal-2026-03-16-11233811000159--1155728024043269974.pdf', 'text': '', 'download': True}
2026-03-19 09:50:01 | INFO     | __main__:_handle_report_tab:60 - Detectado link de PDF. Tentando download direto...
2026-03-19 09:50:16 | WARNING  | __main__:_handle_report_tab:73 - Falha no download direto, tentando via aba: Timeout 15000ms exceeded while waiting for event "download"
=========================== logs ===========================
waiting for event "download"
============================================================
2026-03-19 09:50:16 | INFO     | __main__:_handle_report_tab:85 - Relatório PDF em aba: https://storage.googleapis.com/storagescrapings.appspot.com/ecac/49586312000118/situacao-fiscal-2026-03-16-11233811000159--1155728024043269974.pdf. Baixando via request...
2026-03-19 09:50:16 | INFO     | __main__:_handle_report_tab:104 - Texto extraído (3191 chars). Analisando débitos e omissões...
2026-03-19 09:50:17 | INFO     | __main__:extract_pendencias:187 - [3] Processando: ARCO APOIO RODOVIARIO COLETIVO SA (16199705000110)
2026-03-19 09:50:17 | INFO     | __main__:_handle_report_tab:43 - Iniciando captura de relatório...
2026-03-19 09:50:17 | DEBUG    | __main__:_handle_report_tab:47 - Verificando botão antes do clique: {'onclick': None, 'href': 'https://storage.googleapis.com/storagescrapings.appspot.com/ecac/49586312000118/situacao-fiscal-2026-03-19-16199705000110--3600208826882816649.pdf', 'text': '', 'download': True}
2026-03-19 09:50:18 | INFO     | __main__:_handle_report_tab:60 - Detectado link de PDF. Tentando download direto...
2026-03-19 09:50:33 | WARNING  | __main__:_handle_report_tab:73 - Falha no download direto, tentando via aba: Timeout 15000ms exceeded while waiting for event "download"
=========================== logs ===========================
waiting for event "download"
============================================================
2026-03-19 09:50:34 | INFO     | __main__:_handle_report_tab:85 - Relatório PDF em aba: https://storage.googleapis.com/storagescrapings.appspot.com/ecac/49586312000118/situacao-fiscal-2026-03-19-16199705000110--3600208826882816649.pdf. Baixando via request...
2026-03-19 09:50:34 | INFO     | __main__:_handle_report_tab:104 - Texto extraído (2215 chars). Analisando débitos e omissões...
2026-03-19 09:50:34 | WARNING  | __main__:_handle_report_tab:108 - SiefParser não encontrou pendências no texto. Primeiros 200 chars: MINISTÉRIO DA ECONOMIA Por meio do Integra Contador
SECRETARIA ESPECIAL DA RECEITA FEDERAL DO BRASIL Autor pedido: 49.586.312/0001-18. Contratante: 28.408.293/0001-60
PROCURADORIA-GERAL DA FAZENDA NAC
2026-03-19 09:50:34 | INFO     | __main__:extract_pendencias:187 - [4] Processando: BAHIA FARMS INVESTIMENTOS AGRICOLAS LTDA (09106487000166)
2026-03-19 09:50:34 | INFO     | __main__:_handle_report_tab:43 - Iniciando captura de relatório...
2026-03-19 09:50:34 | DEBUG    | __main__:_handle_report_tab:47 - Verificando botão antes do clique: {'onclick': None, 'href': 'https://storage.googleapis.com/storagescrapings.appspot.com/ecac/49586312000118/situacao-fiscal-2026-03-10-09106487000166-5359464979467263675.pdf', 'text': '', 'download': True}
2026-03-19 09:50:35 | INFO     | __main__:_handle_report_tab:60 - Detectado link de PDF. Tentando download direto...
2026-03-19 09:50:50 | WARNING  | __main__:_handle_report_tab:73 - Falha no download direto, tentando via aba: Timeout 15000ms exceeded while waiting for event "download"
=========================== logs ===========================
waiting for event "download"
============================================================
2026-03-19 09:50:51 | INFO     | __main__:_handle_report_tab:85 - Relatório PDF em aba: https://storage.googleapis.com/storagescrapings.appspot.com/ecac/49586312000118/situacao-fiscal-2026-03-10-09106487000166-5359464979467263675.pdf. Baixando via request...
2026-03-19 09:50:52 | INFO     | __main__:_handle_report_tab:104 - Texto extraído (16952 chars). Analisando débitos e omissões...
2026-03-19 09:50:52 | INFO     | __main__:extract_pendencias:187 - [5] Processando: BAHIA LAND CONSULTORIA DE NEGOCIOS E INVESTIMENTOS LTDA (09023277000104)
2026-03-19 09:50:52 | INFO     | __main__:_handle_report_tab:43 - Iniciando captura de relatório...
2026-03-19 09:50:52 | DEBUG    | __main__:_handle_report_tab:47 - Verificando botão antes do clique: {'onclick': None, 'href': 'https://storage.googleapis.com/storagescrapings.appspot.com/ecac/49586312000118/situacao-fiscal-2026-03-10-09023277000104-8160357367426442283.pdf', 'text': '', 'download': True}
2026-03-19 09:50:54 | INFO     | __main__:_handle_report_tab:60 - Detectado link de PDF. Tentando download direto...
2026-03-19 09:51:09 | WARNING  | __main__:_handle_report_tab:73 - Falha no download direto, tentando via aba: Timeout 15000ms exceeded while waiting for event "download"
=========================== logs ===========================
waiting for event "download"
============================================================
2026-03-19 09:51:09 | INFO     | __main__:_handle_report_tab:85 - Relatório PDF em aba: https://storage.googleapis.com/storagescrapings.appspot.com/ecac/49586312000118/situacao-fiscal-2026-03-10-09023277000104-8160357367426442283.pdf. Baixando via request...
2026-03-19 09:51:09 | INFO     | __main__:_handle_report_tab:104 - Texto extraído (2385 chars). Analisando débitos e omissões...
2026-03-19 09:51:09 | INFO     | __main__:extract_pendencias:187 - [6] Processando: BLANCO IMOBILIARIA E ADMINISTRADORA LTDA (06915315000145)
2026-03-19 09:51:09 | INFO     | __main__:_handle_report_tab:43 - Iniciando captura de relatório...
2026-03-19 09:51:09 | DEBUG    | __main__:_handle_report_tab:47 - Verificando botão antes do clique: {'onclick': None, 'href': 'https://storage.googleapis.com/storagescrapings.appspot.com/ecac/49586312000118/situacao-fiscal-2026-03-10-06915315000145-4069201878538756051.pdf', 'text': '', 'download': True}
2026-03-19 09:51:11 | INFO     | __main__:_handle_report_tab:60 - Detectado link de PDF. Tentando download direto...
2026-03-19 09:51:26 | WARNING  | __main__:_handle_report_tab:73 - Falha no download direto, tentando via aba: Timeout 15000ms exceeded while waiting for event "download"
=========================== logs ===========================
waiting for event "download"
============================================================
2026-03-19 09:51:26 | INFO     | __main__:_handle_report_tab:85 - Relatório PDF em aba: https://storage.googleapis.com/storagescrapings.appspot.com/ecac/49586312000118/situacao-fiscal-2026-03-10-06915315000145-4069201878538756051.pdf. Baixando via request...
2026-03-19 09:51:26 | INFO     | __main__:_handle_report_tab:104 - Texto extraído (11145 chars). Analisando débitos e omissões...
2026-03-19 09:51:26 | INFO     | __main__:extract_pendencias:187 - [7] Processando: CAMILLA PINON ALPHONSE KARR (25196780000118)
2026-03-19 09:51:26 | INFO     | __main__:_handle_report_tab:43 - Iniciando captura de relatório...
2026-03-19 09:51:27 | DEBUG    | __main__:_handle_report_tab:47 - Verificando botão antes do clique: {'onclick': None, 'href': 'https://storage.googleapis.com/storagescrapings.appspot.com/ecac/49586312000118/situacao-fiscal-2026-03-18-25196780000118--8177952638774925688.pdf', 'text': '', 'download': True}
2026-03-19 09:51:28 | INFO     | __main__:_handle_report_tab:60 - Detectado link de PDF. Tentando download direto...
2026-03-19 09:51:43 | WARNING  | __main__:_handle_report_tab:73 - Falha no download direto, tentando via aba: Timeout 15000ms exceeded while waiting for event "download"
=========================== logs ===========================
waiting for event "download"
============================================================
2026-03-19 09:51:43 | INFO     | __main__:_handle_report_tab:85 - Relatório PDF em aba: https://storage.googleapis.com/storagescrapings.appspot.com/ecac/49586312000118/situacao-fiscal-2026-03-18-25196780000118--8177952638774925688.pdf. Baixando via request...
2026-03-19 09:51:43 | INFO     | __main__:_handle_report_tab:104 - Texto extraído (3324 chars). Analisando débitos e omissões...
2026-03-19 09:51:43 | INFO     | __main__:extract_pendencias:187 - [8] Processando: CCA REPARACAO DE CALCADOS E BOLSAS LTDA (04778322000117)
2026-03-19 09:51:43 | INFO     | __main__:_handle_report_tab:43 - Iniciando captura de relatório...
2026-03-19 09:51:43 | DEBUG    | __main__:_handle_report_tab:47 - Verificando botão antes do clique: {'onclick': None, 'href': 'https://storage.googleapis.com/storagescrapings.appspot.com/ecac/49586312000118/situacao-fiscal-2026-03-19-04778322000117-5259275305890761611.pdf', 'text': '', 'download': True}
2026-03-19 09:51:45 | INFO     | __main__:_handle_report_tab:60 - Detectado link de PDF. Tentando download direto...
2026-03-19 09:52:00 | WARNING  | __main__:_handle_report_tab:73 - Falha no download direto, tentando via aba: Timeout 15000ms exceeded while waiting for event "download"
=========================== logs ===========================
waiting for event "download"
============================================================
2026-03-19 09:52:00 | INFO     | __main__:_handle_report_tab:85 - Relatório PDF em aba: https://storage.googleapis.com/storagescrapings.appspot.com/ecac/49586312000118/situacao-fiscal-2026-03-19-04778322000117-5259275305890761611.pdf. Baixando via request...
2026-03-19 09:52:01 | INFO     | __main__:_handle_report_tab:104 - Texto extraído (10502 chars). Analisando débitos e omissões...
2026-03-19 09:52:01 | INFO     | __main__:extract_pendencias:187 - [9] Processando: CEMECOR CENTRO MEDICO CARDIOLOGICO S/C LTDA (00807080000191)
2026-03-19 09:52:01 | INFO     | __main__:_handle_report_tab:43 - Iniciando captura de relatório...
2026-03-19 09:52:01 | DEBUG    | __main__:_handle_report_tab:47 - Verificando botão antes do clique: {'onclick': None, 'href': 'https://storage.googleapis.com/storagescrapings.appspot.com/ecac/49586312000118/situacao-fiscal-2026-03-10-00807080000191-4093500059623742596.pdf', 'text': '', 'download': True}
2026-03-19 09:52:02 | INFO     | __main__:_handle_report_tab:60 - Detectado link de PDF. Tentando download direto...
2026-03-19 09:52:17 | WARNING  | __main__:_handle_report_tab:73 - Falha no download direto, tentando via aba: Timeout 15000ms exceeded while waiting for event "download"
=========================== logs ===========================
waiting for event "download"
============================================================
2026-03-19 09:52:17 | INFO     | __main__:_handle_report_tab:85 - Relatório PDF em aba: https://storage.googleapis.com/storagescrapings.appspot.com/ecac/49586312000118/situacao-fiscal-2026-03-10-00807080000191-4093500059623742596.pdf. Baixando via request...
2026-03-19 09:52:18 | INFO     | __main__:_handle_report_tab:104 - Texto extraído (6475 chars). Analisando débitos e omissões...
2026-03-19 09:52:18 | INFO     | __main__:extract_pendencias:187 - [10] Processando: CENTRAL DO DENTE - CLINICA ODONTOLOGICA LTDA (08154181000112)
2026-03-19 09:52:18 | INFO     | __main__:_handle_report_tab:43 - Iniciando captura de relatório...
2026-03-19 09:52:18 | DEBUG    | __main__:_handle_report_tab:47 - Verificando botão antes do clique: {'onclick': None, 'href': 'https://storage.googleapis.com/storagescrapings.appspot.com/ecac/49586312000118/situacao-fiscal-2026-03-10-08154181000112--148977977699984578.pdf', 'text': '', 'download': True}
2026-03-19 09:52:19 | INFO     | __main__:_handle_report_tab:60 - Detectado link de PDF. Tentando download direto...
2026-03-19 09:52:34 | WARNING  | __main__:_handle_report_tab:73 - Falha no download direto, tentando via aba: Timeout 15000ms exceeded while waiting for event "download"
=========================== logs ===========================
waiting for event "download"
============================================================
2026-03-19 09:52:34 | INFO     | __main__:_handle_report_tab:85 - Relatório PDF em aba: https://storage.googleapis.com/storagescrapings.appspot.com/ecac/49586312000118/situacao-fiscal-2026-03-10-08154181000112--148977977699984578.pdf. Baixando via request...
2026-03-19 09:52:36 | INFO     | __main__:_handle_report_tab:104 - Texto extraído (34978 chars). Analisando débitos e omissões...
2026-03-19 09:52:36 | INFO     | __main__:extract_pendencias:187 - [11] Processando: CERAMICA REAL LTDA (14757660000126)
2026-03-19 09:52:36 | INFO     | __main__:_handle_report_tab:43 - Iniciando captura de relatório...
2026-03-19 09:52:36 | DEBUG    | __main__:_handle_report_tab:47 - Verificando botão antes do clique: {'onclick': None, 'href': 'https://storage.googleapis.com/storagescrapings.appspot.com/ecac/49586312000118/situacao-fiscal-2026-03-18-14757660000126--3083116825014177271.pdf', 'text': '', 'download': True}
2026-03-19 09:52:37 | INFO     | __main__:_handle_report_tab:60 - Detectado link de PDF. Tentando download direto...
2026-03-19 09:52:52 | WARNING  | __main__:_handle_report_tab:73 - Falha no download direto, tentando via aba: Timeout 15000ms exceeded while waiting for event "download"
=========================== logs ===========================
waiting for event "download"
============================================================
2026-03-19 09:52:52 | INFO     | __main__:_handle_report_tab:85 - Relatório PDF em aba: https://storage.googleapis.com/storagescrapings.appspot.com/ecac/49586312000118/situacao-fiscal-2026-03-18-14757660000126--3083116825014177271.pdf. Baixando via request...
2026-03-19 09:52:52 | INFO     | __main__:_handle_report_tab:104 - Texto extraído (2751 chars). Analisando débitos e omissões...
2026-03-19 09:52:52 | INFO     | __main__:extract_pendencias:187 - [12] Processando: CLIMACONTTROL AR CONDICIONADOS LTDA (42159055000199)
2026-03-19 09:52:52 | INFO     | __main__:_handle_report_tab:43 - Iniciando captura de relatório...
2026-03-19 09:52:53 | DEBUG    | __main__:_handle_report_tab:47 - Verificando botão antes do clique: {'onclick': None, 'href': 'https://storage.googleapis.com/storagescrapings.appspot.com/ecac/49586312000118/situacao-fiscal-2026-03-10-42159055000199--6470727640077017110.pdf', 'text': '', 'download': True}
2026-03-19 09:52:54 | INFO     | __main__:_handle_report_tab:60 - Detectado link de PDF. Tentando download direto...
2026-03-19 09:53:09 | WARNING  | __main__:_handle_report_tab:73 - Falha no download direto, tentando via aba: Timeout 15000ms exceeded while waiting for event "download"
=========================== logs ===========================
waiting for event "download"
============================================================
2026-03-19 09:53:09 | INFO     | __main__:_handle_report_tab:85 - Relatório PDF em aba: https://storage.googleapis.com/storagescrapings.appspot.com/ecac/49586312000118/situacao-fiscal-2026-03-10-42159055000199--6470727640077017110.pdf. Baixando via request...
2026-03-19 09:53:10 | INFO     | __main__:_handle_report_tab:104 - Texto extraído (3316 chars). Analisando débitos e omissões...
2026-03-19 09:53:11 | INFO     | __main__:extract_pendencias:162 - Processando página 2...
2026-03-19 09:53:11 | INFO     | __main__:extract_pendencias:165 - Encontradas 11 empresas com Pendência na página 2
2026-03-19 09:53:11 | INFO     | __main__:extract_pendencias:187 - [13] Processando: CMNR PATRIMONIAL LTDA. (14429350000182)
2026-03-19 09:53:11 | INFO     | __main__:_handle_report_tab:43 - Iniciando captura de relatório...
2026-03-19 09:53:11 | DEBUG    | __main__:_handle_report_tab:47 - Verificando botão antes do clique: {'onclick': None, 'href': 'https://storage.googleapis.com/storagescrapings.appspot.com/ecac/49586312000118/situacao-fiscal-2026-03-18-14429350000182-4319455848996022556.pdf', 'text': '', 'download': True}
2026-03-19 09:53:13 | INFO     | __main__:_handle_report_tab:60 - Detectado link de PDF. Tentando download direto...
2026-03-19 09:53:28 | WARNING  | __main__:_handle_report_tab:73 - Falha no download direto, tentando via aba: Timeout 15000ms exceeded while waiting for event "download"
=========================== logs ===========================
waiting for event "download"
============================================================
2026-03-19 09:53:29 | INFO     | __main__:_handle_report_tab:85 - Relatório PDF em aba: https://storage.googleapis.com/storagescrapings.appspot.com/ecac/49586312000118/situacao-fiscal-2026-03-18-14429350000182-4319455848996022556.pdf. Baixando via request...
2026-03-19 09:53:29 | INFO     | __main__:_handle_report_tab:104 - Texto extraído (3182 chars). Analisando débitos e omissões...
2026-03-19 09:53:29 | INFO     | __main__:extract_pendencias:187 - [14] Processando: CORPORATIVA REVESTIMENTOS METALICOS LTDA (44573989000106)
2026-03-19 09:53:29 | INFO     | __main__:_handle_report_tab:43 - Iniciando captura de relatório...
2026-03-19 09:53:29 | DEBUG    | __main__:_handle_report_tab:47 - Verificando botão antes do clique: {'onclick': None, 'href': 'https://storage.googleapis.com/storagescrapings.appspot.com/ecac/49586312000118/situacao-fiscal-2026-03-10-44573989000106--7177454262988630277.pdf', 'text': '', 'download': True}
2026-03-19 09:53:30 | INFO     | __main__:_handle_report_tab:60 - Detectado link de PDF. Tentando download direto...
2026-03-19 09:53:45 | WARNING  | __main__:_handle_report_tab:73 - Falha no download direto, tentando via aba: Timeout 15000ms exceeded while waiting for event "download"
=========================== logs ===========================
waiting for event "download"
============================================================
2026-03-19 09:53:46 | INFO     | __main__:_handle_report_tab:85 - Relatório PDF em aba: https://storage.googleapis.com/storagescrapings.appspot.com/ecac/49586312000118/situacao-fiscal-2026-03-10-44573989000106--7177454262988630277.pdf. Baixando via request...
2026-03-19 09:53:46 | INFO     | __main__:_handle_report_tab:104 - Texto extraído (7991 chars). Analisando débitos e omissões...
2026-03-19 09:53:46 | INFO     | __main__:extract_pendencias:187 - [15] Processando: D L COMERCIO DE ALIMENTOS LTDA (28590601000110)
2026-03-19 09:53:46 | INFO     | __main__:_handle_report_tab:43 - Iniciando captura de relatório...
2026-03-19 09:53:46 | DEBUG    | __main__:_handle_report_tab:47 - Verificando botão antes do clique: {'onclick': None, 'href': 'https://storage.googleapis.com/storagescrapings.appspot.com/ecac/49586312000118/situacao-fiscal-2026-03-10-28590601000110-5233552800627528238.pdf', 'text': '', 'download': True}
2026-03-19 09:53:47 | INFO     | __main__:_handle_report_tab:60 - Detectado link de PDF. Tentando download direto...
2026-03-19 09:54:03 | WARNING  | __main__:_handle_report_tab:73 - Falha no download direto, tentando via aba: Timeout 15000ms exceeded while waiting for event "download"
=========================== logs ===========================
waiting for event "download"
============================================================
2026-03-19 09:54:03 | INFO     | __main__:_handle_report_tab:85 - Relatório PDF em aba: https://storage.googleapis.com/storagescrapings.appspot.com/ecac/49586312000118/situacao-fiscal-2026-03-10-28590601000110-5233552800627528238.pdf. Baixando via request...
2026-03-19 09:54:04 | INFO     | __main__:_handle_report_tab:104 - Texto extraído (23288 chars). Analisando débitos e omissões...
2026-03-19 09:54:04 | INFO     | __main__:extract_pendencias:187 - [16] Processando: D. A. MACEDO (15360279000272)
2026-03-19 09:54:04 | INFO     | __main__:_handle_report_tab:43 - Iniciando captura de relatório...
2026-03-19 09:54:04 | DEBUG    | __main__:_handle_report_tab:47 - Verificando botão antes do clique: {'onclick': None, 'href': 'https://storage.googleapis.com/storagescrapings.appspot.com/ecac/49586312000118/situacao-fiscal-2026-03-10-15360279000272--7191671351169571868.pdf', 'text': '', 'download': True}
2026-03-19 09:54:05 | INFO     | __main__:_handle_report_tab:60 - Detectado link de PDF. Tentando download direto...
2026-03-19 09:54:20 | WARNING  | __main__:_handle_report_tab:73 - Falha no download direto, tentando via aba: Timeout 15000ms exceeded while waiting for event "download"
=========================== logs ===========================
waiting for event "download"
============================================================
2026-03-19 09:54:21 | INFO     | __main__:_handle_report_tab:85 - Relatório PDF em aba: https://storage.googleapis.com/storagescrapings.appspot.com/ecac/49586312000118/situacao-fiscal-2026-03-10-15360279000272--7191671351169571868.pdf. Baixando via request...
2026-03-19 09:54:21 | INFO     | __main__:_handle_report_tab:104 - Texto extraído (5835 chars). Analisando débitos e omissões...
2026-03-19 09:54:21 | INFO     | __main__:extract_pendencias:187 - [17] Processando: DARCYDIAS REPRESENTACOES LTDA MICRO EMPRESA (13709910000190)
2026-03-19 09:54:21 | INFO     | __main__:_handle_report_tab:43 - Iniciando captura de relatório...
2026-03-19 09:54:21 | DEBUG    | __main__:_handle_report_tab:47 - Verificando botão antes do clique: {'onclick': None, 'href': 'https://storage.googleapis.com/storagescrapings.appspot.com/ecac/49586312000118/situacao-fiscal-2026-03-10-13709910000190--8485762134540802554.pdf', 'text': '', 'download': True}
2026-03-19 09:54:22 | INFO     | __main__:_handle_report_tab:60 - Detectado link de PDF. Tentando download direto...
2026-03-19 09:54:37 | WARNING  | __main__:_handle_report_tab:73 - Falha no download direto, tentando via aba: Timeout 15000ms exceeded while waiting for event "download"
=========================== logs ===========================
waiting for event "download"
============================================================
2026-03-19 09:54:38 | INFO     | __main__:_handle_report_tab:85 - Relatório PDF em aba: https://storage.googleapis.com/storagescrapings.appspot.com/ecac/49586312000118/situacao-fiscal-2026-03-10-13709910000190--8485762134540802554.pdf. Baixando via request...
2026-03-19 09:54:38 | INFO     | __main__:_handle_report_tab:104 - Texto extraído (17493 chars). Analisando débitos e omissões...
2026-03-19 09:54:38 | INFO     | __main__:extract_pendencias:187 - [18] Processando: EMPORIO ESSENCE COMERCIO LTDA (53077162000194)
2026-03-19 09:54:38 | INFO     | __main__:_handle_report_tab:43 - Iniciando captura de relatório...
2026-03-19 09:54:38 | DEBUG    | __main__:_handle_report_tab:47 - Verificando botão antes do clique: {'onclick': None, 'href': 'https://storage.googleapis.com/storagescrapings.appspot.com/ecac/49586312000118/situacao-fiscal-2026-03-10-53077162000194-719201574073775394.pdf', 'text': '', 'download': True}
2026-03-19 09:54:40 | INFO     | __main__:_handle_report_tab:60 - Detectado link de PDF. Tentando download direto...
2026-03-19 09:54:55 | WARNING  | __main__:_handle_report_tab:73 - Falha no download direto, tentando via aba: Timeout 15000ms exceeded while waiting for event "download"
=========================== logs ===========================
waiting for event "download"
============================================================
2026-03-19 09:54:56 | INFO     | __main__:_handle_report_tab:85 - Relatório PDF em aba: https://storage.googleapis.com/storagescrapings.appspot.com/ecac/49586312000118/situacao-fiscal-2026-03-10-53077162000194-719201574073775394.pdf. Baixando via request...
2026-03-19 09:54:56 | INFO     | __main__:_handle_report_tab:104 - Texto extraído (3008 chars). Analisando débitos e omissões...
2026-03-19 09:54:56 | INFO     | __main__:extract_pendencias:187 - [19] Processando: EXTERNATO MATER ET MAGISTRA E COM DE MAT DIDATICO LTDA (13064209000160)
2026-03-19 09:54:56 | INFO     | __main__:_handle_report_tab:43 - Iniciando captura de relatório...
2026-03-19 09:54:56 | DEBUG    | __main__:_handle_report_tab:47 - Verificando botão antes do clique: {'onclick': None, 'href': 'https://storage.googleapis.com/storagescrapings.appspot.com/ecac/49586312000118/situacao-fiscal-2026-03-10-13064209000160-9033764321059801937.pdf', 'text': '', 'download': True}
2026-03-19 09:54:58 | INFO     | __main__:_handle_report_tab:60 - Detectado link de PDF. Tentando download direto...
2026-03-19 09:55:13 | WARNING  | __main__:_handle_report_tab:73 - Falha no download direto, tentando via aba: Timeout 15000ms exceeded while waiting for event "download"
=========================== logs ===========================
waiting for event "download"
============================================================
2026-03-19 09:55:13 | INFO     | __main__:_handle_report_tab:85 - Relatório PDF em aba: https://storage.googleapis.com/storagescrapings.appspot.com/ecac/49586312000118/situacao-fiscal-2026-03-10-13064209000160-9033764321059801937.pdf. Baixando via request...
2026-03-19 09:55:14 | INFO     | __main__:_handle_report_tab:104 - Texto extraído (28382 chars). Analisando débitos e omissões...
2026-03-19 09:55:14 | INFO     | __main__:extract_pendencias:187 - [20] Processando: GUARAJUBAIMOB NEGOCIOS IMOBILIARIOS LTDA (27371776000174)
2026-03-19 09:55:14 | INFO     | __main__:_handle_report_tab:43 - Iniciando captura de relatório...
2026-03-19 09:55:14 | DEBUG    | __main__:_handle_report_tab:47 - Verificando botão antes do clique: {'onclick': None, 'href': 'https://storage.googleapis.com/storagescrapings.appspot.com/ecac/49586312000118/situacao-fiscal-2026-03-16-27371776000174--2486763849292354722.pdf', 'text': '', 'download': True}
2026-03-19 09:55:16 | INFO     | __main__:_handle_report_tab:60 - Detectado link de PDF. Tentando download direto...
2026-03-19 09:55:31 | WARNING  | __main__:_handle_report_tab:73 - Falha no download direto, tentando via aba: Timeout 15000ms exceeded while waiting for event "download"
=========================== logs ===========================
waiting for event "download"
============================================================
2026-03-19 09:55:31 | INFO     | __main__:_handle_report_tab:85 - Relatório PDF em aba: https://storage.googleapis.com/storagescrapings.appspot.com/ecac/49586312000118/situacao-fiscal-2026-03-16-27371776000174--2486763849292354722.pdf. Baixando via request...
2026-03-19 09:55:31 | INFO     | __main__:_handle_report_tab:104 - Texto extraído (3978 chars). Analisando débitos e omissões...
2026-03-19 09:55:31 | INFO     | __main__:extract_pendencias:187 - [21] Processando: HOTEIS E TURISMO ITAPOAN LTDA. (14309694000158)
2026-03-19 09:55:31 | INFO     | __main__:_handle_report_tab:43 - Iniciando captura de relatório...
2026-03-19 09:55:31 | DEBUG    | __main__:_handle_report_tab:47 - Verificando botão antes do clique: {'onclick': None, 'href': 'https://storage.googleapis.com/storagescrapings.appspot.com/ecac/49586312000118/situacao-fiscal-2026-03-10-14309694000158--3051862370828887515.pdf', 'text': '', 'download': True}
2026-03-19 09:55:33 | INFO     | __main__:_handle_report_tab:60 - Detectado link de PDF. Tentando download direto...
2026-03-19 09:55:48 | WARNING  | __main__:_handle_report_tab:73 - Falha no download direto, tentando via aba: Timeout 15000ms exceeded while waiting for event "download"
=========================== logs ===========================
waiting for event "download"
============================================================
2026-03-19 09:55:48 | INFO     | __main__:_handle_report_tab:85 - Relatório PDF em aba: https://storage.googleapis.com/storagescrapings.appspot.com/ecac/49586312000118/situacao-fiscal-2026-03-10-14309694000158--3051862370828887515.pdf. Baixando via request...
2026-03-19 09:55:49 | INFO     | __main__:_handle_report_tab:104 - Texto extraído (23783 chars). Analisando débitos e omissões...
2026-03-19 09:55:49 | INFO     | __main__:extract_pendencias:187 - [22] Processando: IMPACT SERVICES INTEGRADOS EM SOLUCOES INDUSTRIAIS LTDA (18953881000120)
2026-03-19 09:55:49 | INFO     | __main__:_handle_report_tab:43 - Iniciando captura de relatório...
2026-03-19 09:55:49 | DEBUG    | __main__:_handle_report_tab:47 - Verificando botão antes do clique: {'onclick': None, 'href': 'https://storage.googleapis.com/storagescrapings.appspot.com/ecac/49586312000118/situacao-fiscal-2026-03-10-18953881000120-4204661046928822989.pdf', 'text': '', 'download': True}
2026-03-19 09:55:51 | INFO     | __main__:_handle_report_tab:60 - Detectado link de PDF. Tentando download direto...
2026-03-19 09:56:06 | WARNING  | __main__:_handle_report_tab:73 - Falha no download direto, tentando via aba: Timeout 15000ms exceeded while waiting for event "download"
=========================== logs ===========================
waiting for event "download"
============================================================
2026-03-19 09:56:06 | INFO     | __main__:_handle_report_tab:85 - Relatório PDF em aba: https://storage.googleapis.com/storagescrapings.appspot.com/ecac/49586312000118/situacao-fiscal-2026-03-10-18953881000120-4204661046928822989.pdf. Baixando via request...
2026-03-19 09:56:06 | INFO     | __main__:_handle_report_tab:104 - Texto extraído (4731 chars). Analisando débitos e omissões...
2026-03-19 09:56:06 | INFO     | __main__:extract_pendencias:187 - [23] Processando: INSTITUTO MULHER LTDA (55147736000189)
2026-03-19 09:56:06 | INFO     | __main__:_handle_report_tab:43 - Iniciando captura de relatório...
2026-03-19 09:56:06 | DEBUG    | __main__:_handle_report_tab:47 - Verificando botão antes do clique: {'onclick': None, 'href': 'https://storage.googleapis.com/storagescrapings.appspot.com/ecac/49586312000118/situacao-fiscal-2026-03-10-55147736000189--3684094752955401983.pdf', 'text': '', 'download': True}
2026-03-19 09:56:08 | INFO     | __main__:_handle_report_tab:60 - Detectado link de PDF. Tentando download direto...
2026-03-19 09:56:23 | WARNING  | __main__:_handle_report_tab:73 - Falha no download direto, tentando via aba: Timeout 15000ms exceeded while waiting for event "download"
=========================== logs ===========================
waiting for event "download"
============================================================
2026-03-19 09:56:23 | INFO     | __main__:_handle_report_tab:85 - Relatório PDF em aba: https://storage.googleapis.com/storagescrapings.appspot.com/ecac/49586312000118/situacao-fiscal-2026-03-10-55147736000189--3684094752955401983.pdf. Baixando via request...
2026-03-19 09:56:23 | INFO     | __main__:_handle_report_tab:104 - Texto extraído (3434 chars). Analisando débitos e omissões...
2026-03-19 09:56:25 | INFO     | __main__:extract_pendencias:162 - Processando página 3...
2026-03-19 09:56:25 | INFO     | __main__:extract_pendencias:165 - Encontradas 15 empresas com Pendência na página 3
2026-03-19 09:56:25 | INFO     | __main__:extract_pendencias:187 - [24] Processando: J R J - SERVICOS MEDICOS E CIRURGICOS LTDA. (12756985000169)
2026-03-19 09:56:25 | INFO     | __main__:_handle_report_tab:43 - Iniciando captura de relatório...
2026-03-19 09:56:25 | DEBUG    | __main__:_handle_report_tab:47 - Verificando botão antes do clique: {'onclick': None, 'href': 'https://storage.googleapis.com/storagescrapings.appspot.com/ecac/49586312000118/situacao-fiscal-2026-03-10-12756985000169--9215023218627312563.pdf', 'text': '', 'download': True}
2026-03-19 09:56:27 | INFO     | __main__:_handle_report_tab:60 - Detectado link de PDF. Tentando download direto...
2026-03-19 09:56:42 | WARNING  | __main__:_handle_report_tab:73 - Falha no download direto, tentando via aba: Timeout 15000ms exceeded while waiting for event "download"
=========================== logs ===========================
waiting for event "download"
============================================================
2026-03-19 09:56:42 | INFO     | __main__:_handle_report_tab:85 - Relatório PDF em aba: https://storage.googleapis.com/storagescrapings.appspot.com/ecac/49586312000118/situacao-fiscal-2026-03-10-12756985000169--9215023218627312563.pdf. Baixando via request...
2026-03-19 09:56:43 | INFO     | __main__:_handle_report_tab:104 - Texto extraído (10509 chars). Analisando débitos e omissões...
2026-03-19 09:56:43 | INFO     | __main__:extract_pendencias:187 - [25] Processando: JEAR ENSINO MEDIO LTDA. (04607567000181)
2026-03-19 09:56:43 | INFO     | __main__:_handle_report_tab:43 - Iniciando captura de relatório...
2026-03-19 09:56:43 | DEBUG    | __main__:_handle_report_tab:47 - Verificando botão antes do clique: {'onclick': None, 'href': 'https://storage.googleapis.com/storagescrapings.appspot.com/ecac/49586312000118/situacao-fiscal-2026-03-10-04607567000181--4594092279673891863.pdf', 'text': '', 'download': True}
2026-03-19 09:56:45 | INFO     | __main__:_handle_report_tab:60 - Detectado link de PDF. Tentando download direto...
2026-03-19 09:57:00 | WARNING  | __main__:_handle_report_tab:73 - Falha no download direto, tentando via aba: Timeout 15000ms exceeded while waiting for event "download"
=========================== logs ===========================
waiting for event "download"
============================================================
2026-03-19 09:57:00 | INFO     | __main__:_handle_report_tab:85 - Relatório PDF em aba: https://storage.googleapis.com/storagescrapings.appspot.com/ecac/49586312000118/situacao-fiscal-2026-03-10-04607567000181--4594092279673891863.pdf. Baixando via request...
2026-03-19 09:57:02 | INFO     | __main__:_handle_report_tab:104 - Texto extraído (33535 chars). Analisando débitos e omissões...
2026-03-19 09:57:02 | INFO     | __main__:extract_pendencias:187 - [26] Processando: K T - ENSINO FUNDAMENTAL LTDA. (07008842000139)
2026-03-19 09:57:02 | INFO     | __main__:_handle_report_tab:43 - Iniciando captura de relatório...
2026-03-19 09:57:02 | DEBUG    | __main__:_handle_report_tab:47 - Verificando botão antes do clique: {'onclick': None, 'href': 'https://storage.googleapis.com/storagescrapings.appspot.com/ecac/49586312000118/situacao-fiscal-2026-03-10-07008842000139-143221830842184948.pdf', 'text': '', 'download': True}
2026-03-19 09:57:03 | INFO     | __main__:_handle_report_tab:60 - Detectado link de PDF. Tentando download direto...
2026-03-19 09:57:18 | WARNING  | __main__:_handle_report_tab:73 - Falha no download direto, tentando via aba: Timeout 15000ms exceeded while waiting for event "download"
=========================== logs ===========================
waiting for event "download"
============================================================
2026-03-19 09:57:18 | INFO     | __main__:_handle_report_tab:85 - Relatório PDF em aba: https://storage.googleapis.com/storagescrapings.appspot.com/ecac/49586312000118/situacao-fiscal-2026-03-10-07008842000139-143221830842184948.pdf. Baixando via request...
2026-03-19 09:57:19 | INFO     | __main__:_handle_report_tab:104 - Texto extraído (11646 chars). Analisando débitos e omissões...
2026-03-19 09:57:19 | INFO     | __main__:extract_pendencias:187 - [27] Processando: LACERDA PATRIMONIAL LTDA. (06314992000108)
2026-03-19 09:57:19 | INFO     | __main__:_handle_report_tab:43 - Iniciando captura de relatório...
2026-03-19 09:57:19 | DEBUG    | __main__:_handle_report_tab:47 - Verificando botão antes do clique: {'onclick': None, 'href': 'https://storage.googleapis.com/storagescrapings.appspot.com/ecac/49586312000118/situacao-fiscal-2026-03-10-06314992000108-7122542634515293754.pdf', 'text': '', 'download': True}
2026-03-19 09:57:20 | INFO     | __main__:_handle_report_tab:60 - Detectado link de PDF. Tentando download direto...
2026-03-19 09:57:35 | WARNING  | __main__:_handle_report_tab:73 - Falha no download direto, tentando via aba: Timeout 15000ms exceeded while waiting for event "download"
=========================== logs ===========================
waiting for event "download"
============================================================
2026-03-19 09:57:36 | INFO     | __main__:_handle_report_tab:85 - Relatório PDF em aba: https://storage.googleapis.com/storagescrapings.appspot.com/ecac/49586312000118/situacao-fiscal-2026-03-10-06314992000108-7122542634515293754.pdf. Baixando via request...
2026-03-19 09:57:37 | INFO     | __main__:_handle_report_tab:104 - Texto extraído (14519 chars). Analisando débitos e omissões...
2026-03-19 09:57:37 | INFO     | __main__:extract_pendencias:187 - [28] Processando: LAURINDO FREIRE TELES LIMA (38005116000196)
2026-03-19 09:57:37 | INFO     | __main__:_handle_report_tab:43 - Iniciando captura de relatório...
2026-03-19 09:57:37 | DEBUG    | __main__:_handle_report_tab:47 - Verificando botão antes do clique: {'onclick': None, 'href': 'https://storage.googleapis.com/storagescrapings.appspot.com/ecac/49586312000118/situacao-fiscal-2026-03-10-38005116000196-4313020037022786564.pdf', 'text': '', 'download': True}
2026-03-19 09:57:38 | INFO     | __main__:_handle_report_tab:60 - Detectado link de PDF. Tentando download direto...
2026-03-19 09:57:53 | WARNING  | __main__:_handle_report_tab:73 - Falha no download direto, tentando via aba: Timeout 15000ms exceeded while waiting for event "download"
=========================== logs ===========================
waiting for event "download"
============================================================
2026-03-19 09:57:54 | INFO     | __main__:_handle_report_tab:85 - Relatório PDF em aba: https://storage.googleapis.com/storagescrapings.appspot.com/ecac/49586312000118/situacao-fiscal-2026-03-10-38005116000196-4313020037022786564.pdf. Baixando via request...
2026-03-19 09:57:54 | INFO     | __main__:_handle_report_tab:104 - Texto extraído (2233 chars). Analisando débitos e omissões...
2026-03-19 09:57:54 | INFO     | __main__:extract_pendencias:187 - [29] Processando: MACEDO COMERCIAL DE CALCADOS LTDA (04074648000163)
2026-03-19 09:57:54 | INFO     | __main__:_handle_report_tab:43 - Iniciando captura de relatório...
2026-03-19 09:57:54 | DEBUG    | __main__:_handle_report_tab:47 - Verificando botão antes do clique: {'onclick': None, 'href': 'https://storage.googleapis.com/storagescrapings.appspot.com/ecac/49586312000118/situacao-fiscal-2026-03-10-04074648000163-1901401639797313343.pdf', 'text': '', 'download': True}
2026-03-19 09:57:55 | INFO     | __main__:_handle_report_tab:60 - Detectado link de PDF. Tentando download direto...
2026-03-19 09:58:10 | WARNING  | __main__:_handle_report_tab:73 - Falha no download direto, tentando via aba: Timeout 15000ms exceeded while waiting for event "download"
=========================== logs ===========================
waiting for event "download"
============================================================
2026-03-19 09:58:11 | INFO     | __main__:_handle_report_tab:85 - Relatório PDF em aba: https://storage.googleapis.com/storagescrapings.appspot.com/ecac/49586312000118/situacao-fiscal-2026-03-10-04074648000163-1901401639797313343.pdf. Baixando via request...
2026-03-19 09:58:13 | INFO     | __main__:_handle_report_tab:104 - Texto extraído (36339 chars). Analisando débitos e omissões...
2026-03-19 09:58:13 | INFO     | __main__:extract_pendencias:187 - [30] Processando: MACEDO COMERCIAL DE CALCADOS LTDA (04074648000244)
2026-03-19 09:58:13 | INFO     | __main__:_handle_report_tab:43 - Iniciando captura de relatório...
2026-03-19 09:58:13 | DEBUG    | __main__:_handle_report_tab:47 - Verificando botão antes do clique: {'onclick': None, 'href': 'https://storage.googleapis.com/storagescrapings.appspot.com/ecac/49586312000118/situacao-fiscal-2026-03-10-04074648000244--1854371671782504086.pdf', 'text': '', 'download': True}
2026-03-19 09:58:14 | INFO     | __main__:_handle_report_tab:60 - Detectado link de PDF. Tentando download direto...
2026-03-19 09:58:29 | WARNING  | __main__:_handle_report_tab:73 - Falha no download direto, tentando via aba: Timeout 15000ms exceeded while waiting for event "download"
=========================== logs ===========================
waiting for event "download"
============================================================
2026-03-19 09:58:29 | INFO     | __main__:_handle_report_tab:85 - Relatório PDF em aba: https://storage.googleapis.com/storagescrapings.appspot.com/ecac/49586312000118/situacao-fiscal-2026-03-10-04074648000244--1854371671782504086.pdf. Baixando via request...
2026-03-19 09:58:31 | INFO     | __main__:_handle_report_tab:104 - Texto extraído (36807 chars). Analisando débitos e omissões...
2026-03-19 09:58:31 | INFO     | __main__:extract_pendencias:187 - [31] Processando: MACEDO COMERCIAL DE CALCADOS LTDA (04074648000325)
2026-03-19 09:58:31 | INFO     | __main__:_handle_report_tab:43 - Iniciando captura de relatório...
2026-03-19 09:58:31 | DEBUG    | __main__:_handle_report_tab:47 - Verificando botão antes do clique: {'onclick': None, 'href': 'https://storage.googleapis.com/storagescrapings.appspot.com/ecac/49586312000118/situacao-fiscal-2026-03-10-04074648000325--508004804331458282.pdf', 'text': '', 'download': True}
2026-03-19 09:58:32 | INFO     | __main__:_handle_report_tab:60 - Detectado link de PDF. Tentando download direto...
2026-03-19 09:58:47 | WARNING  | __main__:_handle_report_tab:73 - Falha no download direto, tentando via aba: Timeout 15000ms exceeded while waiting for event "download"
=========================== logs ===========================
waiting for event "download"
============================================================
2026-03-19 09:58:47 | INFO     | __main__:_handle_report_tab:85 - Relatório PDF em aba: https://storage.googleapis.com/storagescrapings.appspot.com/ecac/49586312000118/situacao-fiscal-2026-03-10-04074648000325--508004804331458282.pdf. Baixando via request...
2026-03-19 09:58:49 | INFO     | __main__:_handle_report_tab:104 - Texto extraído (36764 chars). Analisando débitos e omissões...
2026-03-19 09:58:49 | INFO     | __main__:extract_pendencias:187 - [32] Processando: MACEDO COMERCIAL DE CALCADOS LTDA (04074648000406)
2026-03-19 09:58:49 | INFO     | __main__:_handle_report_tab:43 - Iniciando captura de relatório...
2026-03-19 09:58:49 | DEBUG    | __main__:_handle_report_tab:47 - Verificando botão antes do clique: {'onclick': None, 'href': 'https://storage.googleapis.com/storagescrapings.appspot.com/ecac/49586312000118/situacao-fiscal-2026-03-10-04074648000406--6524163024750497280.pdf', 'text': '', 'download': True}
2026-03-19 09:58:50 | INFO     | __main__:_handle_report_tab:60 - Detectado link de PDF. Tentando download direto...
2026-03-19 09:59:05 | WARNING  | __main__:_handle_report_tab:73 - Falha no download direto, tentando via aba: Timeout 15000ms exceeded while waiting for event "download"
=========================== logs ===========================
waiting for event "download"
============================================================
2026-03-19 09:59:06 | INFO     | __main__:_handle_report_tab:85 - Relatório PDF em aba: https://storage.googleapis.com/storagescrapings.appspot.com/ecac/49586312000118/situacao-fiscal-2026-03-10-04074648000406--6524163024750497280.pdf. Baixando via request...
2026-03-19 09:59:07 | INFO     | __main__:_handle_report_tab:104 - Texto extraído (36799 chars). Analisando débitos e omissões...
2026-03-19 09:59:07 | INFO     | __main__:extract_pendencias:187 - [33] Processando: MASSA ALIMENTAÇÃO E SERVIÇOS S/A (09033381000180)
2026-03-19 09:59:07 | INFO     | __main__:_handle_report_tab:43 - Iniciando captura de relatório...
2026-03-19 09:59:08 | DEBUG    | __main__:_handle_report_tab:47 - Verificando botão antes do clique: {'onclick': None, 'href': 'https://storage.googleapis.com/storagescrapings.appspot.com/ecac/49586312000118/situacao-fiscal-2026-03-10-09033381000180-3538167797215995791.pdf', 'text': '', 'download': True}
2026-03-19 09:59:09 | INFO     | __main__:_handle_report_tab:60 - Detectado link de PDF. Tentando download direto...
2026-03-19 09:59:24 | WARNING  | __main__:_handle_report_tab:73 - Falha no download direto, tentando via aba: Timeout 15000ms exceeded while waiting for event "download"
=========================== logs ===========================
waiting for event "download"
============================================================
2026-03-19 09:59:25 | INFO     | __main__:_handle_report_tab:85 - Relatório PDF em aba: https://storage.googleapis.com/storagescrapings.appspot.com/ecac/49586312000118/situacao-fiscal-2026-03-10-09033381000180-3538167797215995791.pdf. Baixando via request...
2026-03-19 09:59:26 | INFO     | __main__:_handle_report_tab:104 - Texto extraído (30830 chars). Analisando débitos e omissões...
2026-03-19 09:59:26 | INFO     | __main__:extract_pendencias:187 - [34] Processando: MASSA ALIMENTAÇÃO E SERVIÇOS S/A (09033381000937)
2026-03-19 09:59:26 | INFO     | __main__:_handle_report_tab:43 - Iniciando captura de relatório...
2026-03-19 09:59:26 | DEBUG    | __main__:_handle_report_tab:47 - Verificando botão antes do clique: {'onclick': None, 'href': 'https://storage.googleapis.com/storagescrapings.appspot.com/ecac/49586312000118/situacao-fiscal-2026-03-10-09033381000937--8914474224969463170.pdf', 'text': '', 'download': True}
2026-03-19 09:59:27 | INFO     | __main__:_handle_report_tab:60 - Detectado link de PDF. Tentando download direto...
2026-03-19 09:59:42 | WARNING  | __main__:_handle_report_tab:73 - Falha no download direto, tentando via aba: Timeout 15000ms exceeded while waiting for event "download"
=========================== logs ===========================
waiting for event "download"
============================================================
2026-03-19 09:59:43 | INFO     | __main__:_handle_report_tab:85 - Relatório PDF em aba: https://storage.googleapis.com/storagescrapings.appspot.com/ecac/49586312000118/situacao-fiscal-2026-03-10-09033381000937--8914474224969463170.pdf. Baixando via request...
2026-03-19 09:59:44 | INFO     | __main__:_handle_report_tab:104 - Texto extraído (31624 chars). Analisando débitos e omissões...
2026-03-19 09:59:44 | INFO     | __main__:extract_pendencias:187 - [35] Processando: MASSA ALIMENTAÇÃO E SERVIÇOS S/A (09033381001402)
2026-03-19 09:59:44 | INFO     | __main__:_handle_report_tab:43 - Iniciando captura de relatório...
2026-03-19 09:59:44 | DEBUG    | __main__:_handle_report_tab:47 - Verificando botão antes do clique: {'onclick': None, 'href': 'https://storage.googleapis.com/storagescrapings.appspot.com/ecac/49586312000118/situacao-fiscal-2026-03-10-09033381001402--989878315579345274.pdf', 'text': '', 'download': True}
2026-03-19 09:59:46 | INFO     | __main__:_handle_report_tab:60 - Detectado link de PDF. Tentando download direto...
2026-03-19 10:00:01 | WARNING  | __main__:_handle_report_tab:73 - Falha no download direto, tentando via aba: Timeout 15000ms exceeded while waiting for event "download"
=========================== logs ===========================
waiting for event "download"
============================================================
2026-03-19 10:00:01 | INFO     | __main__:_handle_report_tab:85 - Relatório PDF em aba: https://storage.googleapis.com/storagescrapings.appspot.com/ecac/49586312000118/situacao-fiscal-2026-03-10-09033381001402--989878315579345274.pdf. Baixando via request...
2026-03-19 10:00:02 | INFO     | __main__:_handle_report_tab:104 - Texto extraído (31640 chars). Analisando débitos e omissões...
2026-03-19 10:00:02 | INFO     | __main__:extract_pendencias:187 - [36] Processando: MASSA ALIMENTAÇÃO E SERVIÇOS S/A (09033381000503)
2026-03-19 10:00:02 | INFO     | __main__:_handle_report_tab:43 - Iniciando captura de relatório...
2026-03-19 10:00:02 | DEBUG    | __main__:_handle_report_tab:47 - Verificando botão antes do clique: {'onclick': None, 'href': 'https://storage.googleapis.com/storagescrapings.appspot.com/ecac/49586312000118/situacao-fiscal-2026-03-10-09033381000503-872557732952327831.pdf', 'text': '', 'download': True}
2026-03-19 10:00:04 | INFO     | __main__:_handle_report_tab:60 - Detectado link de PDF. Tentando download direto...
2026-03-19 10:00:19 | WARNING  | __main__:_handle_report_tab:73 - Falha no download direto, tentando via aba: Timeout 15000ms exceeded while waiting for event "download"
=========================== logs ===========================
waiting for event "download"
============================================================
2026-03-19 10:00:19 | INFO     | __main__:_handle_report_tab:85 - Relatório PDF em aba: https://storage.googleapis.com/storagescrapings.appspot.com/ecac/49586312000118/situacao-fiscal-2026-03-10-09033381000503-872557732952327831.pdf. Baixando via request...
2026-03-19 10:00:20 | INFO     | __main__:_handle_report_tab:104 - Texto extraído (31592 chars). Analisando débitos e omissões...
2026-03-19 10:00:20 | INFO     | __main__:extract_pendencias:187 - [37] Processando: MASSA ALIMENTAÇÃO E SERVIÇOS S/A (09033381001232)
2026-03-19 10:00:20 | INFO     | __main__:_handle_report_tab:43 - Iniciando captura de relatório...
2026-03-19 10:00:20 | DEBUG    | __main__:_handle_report_tab:47 - Verificando botão antes do clique: {'onclick': None, 'href': 'https://storage.googleapis.com/storagescrapings.appspot.com/ecac/49586312000118/situacao-fiscal-2026-03-10-09033381001232-2467767129515765189.pdf', 'text': '', 'download': True}
2026-03-19 10:00:22 | INFO     | __main__:_handle_report_tab:60 - Detectado link de PDF. Tentando download direto...
2026-03-19 10:00:37 | WARNING  | __main__:_handle_report_tab:73 - Falha no download direto, tentando via aba: Timeout 15000ms exceeded while waiting for event "download"
=========================== logs ===========================
waiting for event "download"
============================================================
2026-03-19 10:00:37 | INFO     | __main__:_handle_report_tab:85 - Relatório PDF em aba: https://storage.googleapis.com/storagescrapings.appspot.com/ecac/49586312000118/situacao-fiscal-2026-03-10-09033381001232-2467767129515765189.pdf. Baixando via request...
2026-03-19 10:00:38 | INFO     | __main__:_handle_report_tab:104 - Texto extraído (31634 chars). Analisando débitos e omissões...
2026-03-19 10:00:38 | INFO     | __main__:extract_pendencias:187 - [38] Processando: MAX CALCADOS DA BAHIA LTDA. (22331256000114)
2026-03-19 10:00:38 | INFO     | __main__:_handle_report_tab:43 - Iniciando captura de relatório...
2026-03-19 10:00:38 | DEBUG    | __main__:_handle_report_tab:47 - Verificando botão antes do clique: {'onclick': None, 'href': 'https://storage.googleapis.com/storagescrapings.appspot.com/ecac/49586312000118/situacao-fiscal-2026-03-10-22331256000114-8881860330563621271.pdf', 'text': '', 'download': True}
2026-03-19 10:00:40 | INFO     | __main__:_handle_report_tab:60 - Detectado link de PDF. Tentando download direto...
2026-03-19 10:00:55 | WARNING  | __main__:_handle_report_tab:73 - Falha no download direto, tentando via aba: Timeout 15000ms exceeded while waiting for event "download"
=========================== logs ===========================
waiting for event "download"
============================================================
2026-03-19 10:00:55 | INFO     | __main__:_handle_report_tab:85 - Relatório PDF em aba: https://storage.googleapis.com/storagescrapings.appspot.com/ecac/49586312000118/situacao-fiscal-2026-03-10-22331256000114-8881860330563621271.pdf. Baixando via request...
2026-03-19 10:00:57 | INFO     | __main__:_handle_report_tab:104 - Texto extraído (33457 chars). Analisando débitos e omissões...
2026-03-19 10:00:58 | INFO     | __main__:extract_pendencias:162 - Processando página 4...
2026-03-19 10:00:58 | INFO     | __main__:extract_pendencias:165 - Encontradas 18 empresas com Pendência na página 4
2026-03-19 10:00:58 | INFO     | __main__:extract_pendencias:187 - [39] Processando: MIRANDA E ROCHA LIMA LTDA (13959382000127)
2026-03-19 10:00:58 | INFO     | __main__:_handle_report_tab:43 - Iniciando captura de relatório...
2026-03-19 10:00:58 | DEBUG    | __main__:_handle_report_tab:47 - Verificando botão antes do clique: {'onclick': None, 'href': 'https://storage.googleapis.com/storagescrapings.appspot.com/ecac/49586312000118/situacao-fiscal-2026-03-10-13959382000127--6462515089312017991.pdf', 'text': '', 'download': True}
2026-03-19 10:01:00 | INFO     | __main__:_handle_report_tab:60 - Detectado link de PDF. Tentando download direto...
2026-03-19 10:01:15 | WARNING  | __main__:_handle_report_tab:73 - Falha no download direto, tentando via aba: Timeout 15000ms exceeded while waiting for event "download"
=========================== logs ===========================
waiting for event "download"
============================================================
2026-03-19 10:01:15 | INFO     | __main__:_handle_report_tab:85 - Relatório PDF em aba: https://storage.googleapis.com/storagescrapings.appspot.com/ecac/49586312000118/situacao-fiscal-2026-03-10-13959382000127--6462515089312017991.pdf. Baixando via request...
2026-03-19 10:01:15 | INFO     | __main__:_handle_report_tab:104 - Texto extraído (2995 chars). Analisando débitos e omissões...
2026-03-19 10:01:15 | INFO     | __main__:extract_pendencias:187 - [40] Processando: MONUMENTAL DO BRASIL LTDA. (18783002000160)
2026-03-19 10:01:15 | INFO     | __main__:_handle_report_tab:43 - Iniciando captura de relatório...
2026-03-19 10:01:15 | DEBUG    | __main__:_handle_report_tab:47 - Verificando botão antes do clique: {'onclick': None, 'href': 'https://storage.googleapis.com/storagescrapings.appspot.com/ecac/49586312000118/situacao-fiscal-2026-03-10-18783002000160-1708363807041399341.pdf', 'text': '', 'download': True}
2026-03-19 10:01:17 | INFO     | __main__:_handle_report_tab:60 - Detectado link de PDF. Tentando download direto...
2026-03-19 10:01:32 | WARNING  | __main__:_handle_report_tab:73 - Falha no download direto, tentando via aba: Timeout 15000ms exceeded while waiting for event "download"
=========================== logs ===========================
waiting for event "download"
============================================================
2026-03-19 10:01:32 | INFO     | __main__:_handle_report_tab:85 - Relatório PDF em aba: https://storage.googleapis.com/storagescrapings.appspot.com/ecac/49586312000118/situacao-fiscal-2026-03-10-18783002000160-1708363807041399341.pdf. Baixando via request...
2026-03-19 10:01:33 | INFO     | __main__:_handle_report_tab:104 - Texto extraído (2423 chars). Analisando débitos e omissões...
2026-03-19 10:01:33 | INFO     | __main__:extract_pendencias:187 - [41] Processando: NACIONAL PARTICIPACOES S. A (24605630000158)
2026-03-19 10:01:33 | INFO     | __main__:_handle_report_tab:43 - Iniciando captura de relatório...
2026-03-19 10:01:33 | DEBUG    | __main__:_handle_report_tab:47 - Verificando botão antes do clique: {'onclick': None, 'href': 'https://storage.googleapis.com/storagescrapings.appspot.com/ecac/49586312000118/situacao-fiscal-2026-03-10-24605630000158-8543386902544958357.pdf', 'text': '', 'download': True}
2026-03-19 10:01:34 | INFO     | __main__:_handle_report_tab:60 - Detectado link de PDF. Tentando download direto...
2026-03-19 10:01:49 | WARNING  | __main__:_handle_report_tab:73 - Falha no download direto, tentando via aba: Timeout 15000ms exceeded while waiting for event "download"
=========================== logs ===========================
waiting for event "download"
============================================================
2026-03-19 10:01:49 | INFO     | __main__:_handle_report_tab:85 - Relatório PDF em aba: https://storage.googleapis.com/storagescrapings.appspot.com/ecac/49586312000118/situacao-fiscal-2026-03-10-24605630000158-8543386902544958357.pdf. Baixando via request...
2026-03-19 10:01:50 | INFO     | __main__:_handle_report_tab:104 - Texto extraído (2231 chars). Analisando débitos e omissões...
2026-03-19 10:01:50 | WARNING  | __main__:_handle_report_tab:108 - SiefParser não encontrou pendências no texto. Primeiros 200 chars: MINISTÉRIO DA ECONOMIA Por meio do Integra Contador
SECRETARIA ESPECIAL DA RECEITA FEDERAL DO BRASIL Autor pedido: 49.586.312/0001-18. Contratante: 28.408.293/0001-60
PROCURADORIA-GERAL DA FAZENDA NAC
2026-03-19 10:01:50 | INFO     | __main__:extract_pendencias:187 - [42] Processando: NORSAN CONSULTORIA EM GESTAO EMPRESARIAL LTDA (40626350000182)
2026-03-19 10:01:50 | INFO     | __main__:_handle_report_tab:43 - Iniciando captura de relatório...
2026-03-19 10:01:50 | DEBUG    | __main__:_handle_report_tab:47 - Verificando botão antes do clique: {'onclick': None, 'href': 'https://storage.googleapis.com/storagescrapings.appspot.com/ecac/49586312000118/situacao-fiscal-2026-03-10-40626350000182-6437919497293341938.pdf', 'text': '', 'download': True}
2026-03-19 10:01:51 | INFO     | __main__:_handle_report_tab:60 - Detectado link de PDF. Tentando download direto...
2026-03-19 10:02:06 | WARNING  | __main__:_handle_report_tab:73 - Falha no download direto, tentando via aba: Timeout 15000ms exceeded while waiting for event "download"
=========================== logs ===========================
waiting for event "download"
============================================================
2026-03-19 10:02:06 | INFO     | __main__:_handle_report_tab:85 - Relatório PDF em aba: https://storage.googleapis.com/storagescrapings.appspot.com/ecac/49586312000118/situacao-fiscal-2026-03-10-40626350000182-6437919497293341938.pdf. Baixando via request...
2026-03-19 10:02:07 | INFO     | __main__:_handle_report_tab:104 - Texto extraído (8777 chars). Analisando débitos e omissões...
2026-03-19 10:02:07 | INFO     | __main__:extract_pendencias:187 - [43] Processando: NOVE PATRIMONIAL LTDA (08894711000169)
2026-03-19 10:02:07 | INFO     | __main__:_handle_report_tab:43 - Iniciando captura de relatório...
2026-03-19 10:02:07 | DEBUG    | __main__:_handle_report_tab:47 - Verificando botão antes do clique: {'onclick': None, 'href': 'https://storage.googleapis.com/storagescrapings.appspot.com/ecac/49586312000118/situacao-fiscal-2026-03-10-08894711000169--5634585627244407610.pdf', 'text': '', 'download': True}
2026-03-19 10:02:08 | INFO     | __main__:_handle_report_tab:60 - Detectado link de PDF. Tentando download direto...
2026-03-19 10:02:23 | WARNING  | __main__:_handle_report_tab:73 - Falha no download direto, tentando via aba: Timeout 15000ms exceeded while waiting for event "download"
=========================== logs ===========================
waiting for event "download"
============================================================
2026-03-19 10:02:23 | INFO     | __main__:_handle_report_tab:85 - Relatório PDF em aba: https://storage.googleapis.com/storagescrapings.appspot.com/ecac/49586312000118/situacao-fiscal-2026-03-10-08894711000169--5634585627244407610.pdf. Baixando via request...
2026-03-19 10:02:24 | INFO     | __main__:_handle_report_tab:104 - Texto extraído (2979 chars). Analisando débitos e omissões...
2026-03-19 10:02:24 | WARNING  | __main__:_handle_report_tab:108 - SiefParser não encontrou pendências no texto. Primeiros 200 chars: MINISTÉRIO DA ECONOMIA Por meio do Integra Contador
SECRETARIA ESPECIAL DA RECEITA FEDERAL DO BRASIL Autor pedido: 49.586.312/0001-18. Contratante: 28.408.293/0001-60
PROCURADORIA-GERAL DA FAZENDA NAC
2026-03-19 10:02:24 | INFO     | __main__:extract_pendencias:187 - [44] Processando: PARAISO EMPREENDIMENTOS LTDA (34099622000130)
2026-03-19 10:02:24 | INFO     | __main__:_handle_report_tab:43 - Iniciando captura de relatório...
2026-03-19 10:02:24 | DEBUG    | __main__:_handle_report_tab:47 - Verificando botão antes do clique: {'onclick': None, 'href': 'https://storage.googleapis.com/storagescrapings.appspot.com/ecac/49586312000118/situacao-fiscal-2026-03-10-34099622000130-229679267243065769.pdf', 'text': '', 'download': True}
2026-03-19 10:02:25 | INFO     | __main__:_handle_report_tab:60 - Detectado link de PDF. Tentando download direto...
2026-03-19 10:02:40 | WARNING  | __main__:_handle_report_tab:73 - Falha no download direto, tentando via aba: Timeout 15000ms exceeded while waiting for event "download"
=========================== logs ===========================
waiting for event "download"
============================================================
2026-03-19 10:02:40 | INFO     | __main__:_handle_report_tab:85 - Relatório PDF em aba: https://storage.googleapis.com/storagescrapings.appspot.com/ecac/49586312000118/situacao-fiscal-2026-03-10-34099622000130-229679267243065769.pdf. Baixando via request...
2026-03-19 10:02:41 | INFO     | __main__:_handle_report_tab:104 - Texto extraído (7600 chars). Analisando débitos e omissões...
2026-03-19 10:02:41 | INFO     | __main__:extract_pendencias:187 - [45] Processando: PATRIMONIAL LIBERDADE LTDA (04872981000118)
2026-03-19 10:02:41 | INFO     | __main__:_handle_report_tab:43 - Iniciando captura de relatório...
2026-03-19 10:02:41 | DEBUG    | __main__:_handle_report_tab:47 - Verificando botão antes do clique: {'onclick': None, 'href': 'https://storage.googleapis.com/storagescrapings.appspot.com/ecac/49586312000118/situacao-fiscal-2026-03-10-04872981000118-604067404890326631.pdf', 'text': '', 'download': True}
2026-03-19 10:02:42 | INFO     | __main__:_handle_report_tab:60 - Detectado link de PDF. Tentando download direto...
2026-03-19 10:02:57 | WARNING  | __main__:_handle_report_tab:73 - Falha no download direto, tentando via aba: Timeout 15000ms exceeded while waiting for event "download"
=========================== logs ===========================
waiting for event "download"
============================================================
2026-03-19 10:02:57 | INFO     | __main__:_handle_report_tab:85 - Relatório PDF em aba: https://storage.googleapis.com/storagescrapings.appspot.com/ecac/49586312000118/situacao-fiscal-2026-03-10-04872981000118-604067404890326631.pdf. Baixando via request...
2026-03-19 10:02:58 | INFO     | __main__:_handle_report_tab:104 - Texto extraído (2278 chars). Analisando débitos e omissões...
2026-03-19 10:02:58 | INFO     | __main__:extract_pendencias:187 - [46] Processando: PATRIMONIAL PELICANO LTDA (05288708000103)
2026-03-19 10:02:58 | INFO     | __main__:_handle_report_tab:43 - Iniciando captura de relatório...
2026-03-19 10:02:58 | DEBUG    | __main__:_handle_report_tab:47 - Verificando botão antes do clique: {'onclick': None, 'href': 'https://storage.googleapis.com/storagescrapings.appspot.com/ecac/49586312000118/situacao-fiscal-2026-03-10-05288708000103-2340029031477551287.pdf', 'text': '', 'download': True}
2026-03-19 10:02:59 | INFO     | __main__:_handle_report_tab:60 - Detectado link de PDF. Tentando download direto...
2026-03-19 10:03:14 | WARNING  | __main__:_handle_report_tab:73 - Falha no download direto, tentando via aba: Timeout 15000ms exceeded while waiting for event "download"
=========================== logs ===========================
waiting for event "download"
============================================================
2026-03-19 10:03:15 | INFO     | __main__:_handle_report_tab:85 - Relatório PDF em aba: https://storage.googleapis.com/storagescrapings.appspot.com/ecac/49586312000118/situacao-fiscal-2026-03-10-05288708000103-2340029031477551287.pdf. Baixando via request...
2026-03-19 10:03:15 | INFO     | __main__:_handle_report_tab:104 - Texto extraído (3267 chars). Analisando débitos e omissões...
2026-03-19 10:03:15 | INFO     | __main__:extract_pendencias:187 - [47] Processando: PATRIMONIAL SAO GONCALO LTDA. (07224478000144)
2026-03-19 10:03:15 | INFO     | __main__:_handle_report_tab:43 - Iniciando captura de relatório...
2026-03-19 10:03:15 | DEBUG    | __main__:_handle_report_tab:47 - Verificando botão antes do clique: {'onclick': None, 'href': 'https://storage.googleapis.com/storagescrapings.appspot.com/ecac/49586312000118/situacao-fiscal-2026-03-10-07224478000144--5953423903806422052.pdf', 'text': '', 'download': True}
2026-03-19 10:03:16 | INFO     | __main__:_handle_report_tab:60 - Detectado link de PDF. Tentando download direto...
2026-03-19 10:03:31 | WARNING  | __main__:_handle_report_tab:73 - Falha no download direto, tentando via aba: Timeout 15000ms exceeded while waiting for event "download"
=========================== logs ===========================
waiting for event "download"
============================================================
2026-03-19 10:03:32 | INFO     | __main__:_handle_report_tab:85 - Relatório PDF em aba: https://storage.googleapis.com/storagescrapings.appspot.com/ecac/49586312000118/situacao-fiscal-2026-03-10-07224478000144--5953423903806422052.pdf. Baixando via request...
2026-03-19 10:03:32 | INFO     | __main__:_handle_report_tab:104 - Texto extraído (3182 chars). Analisando débitos e omissões...
2026-03-19 10:03:32 | WARNING  | __main__:_handle_report_tab:108 - SiefParser não encontrou pendências no texto. Primeiros 200 chars: MINISTÉRIO DA ECONOMIA Por meio do Integra Contador
SECRETARIA ESPECIAL DA RECEITA FEDERAL DO BRASIL Autor pedido: 49.586.312/0001-18. Contratante: 28.408.293/0001-60
PROCURADORIA-GERAL DA FAZENDA NAC
2026-03-19 10:03:32 | INFO     | __main__:extract_pendencias:187 - [48] Processando: PATROL CONSTRUCOES LTDA (01086932000161)
2026-03-19 10:03:32 | INFO     | __main__:_handle_report_tab:43 - Iniciando captura de relatório...
2026-03-19 10:03:32 | DEBUG    | __main__:_handle_report_tab:47 - Verificando botão antes do clique: {'onclick': None, 'href': 'https://storage.googleapis.com/storagescrapings.appspot.com/ecac/49586312000118/situacao-fiscal-2026-03-10-01086932000161-5808131332858835218.pdf', 'text': '', 'download': True}
2026-03-19 10:03:33 | INFO     | __main__:_handle_report_tab:60 - Detectado link de PDF. Tentando download direto...
2026-03-19 10:03:48 | WARNING  | __main__:_handle_report_tab:73 - Falha no download direto, tentando via aba: Timeout 15000ms exceeded while waiting for event "download"
=========================== logs ===========================
waiting for event "download"
============================================================
2026-03-19 10:03:49 | INFO     | __main__:_handle_report_tab:85 - Relatório PDF em aba: https://storage.googleapis.com/storagescrapings.appspot.com/ecac/49586312000118/situacao-fiscal-2026-03-10-01086932000161-5808131332858835218.pdf. Baixando via request...
2026-03-19 10:03:50 | INFO     | __main__:_handle_report_tab:104 - Texto extraído (20536 chars). Analisando débitos e omissões...
2026-03-19 10:03:50 | WARNING  | __main__:_handle_report_tab:108 - SiefParser não encontrou pendências no texto. Primeiros 200 chars: MINISTÉRIO DA ECONOMIA Por meio do Integra Contador
SECRETARIA ESPECIAL DA RECEITA FEDERAL DO BRASIL Autor pedido: 49.586.312/0001-18. Contratante: 28.408.293/0001-60
PROCURADORIA-GERAL DA FAZENDA NAC
2026-03-19 10:03:50 | INFO     | __main__:extract_pendencias:187 - [49] Processando: PDK ADMINISTRADORA DE BENS LTDA (08000034000198)
2026-03-19 10:03:50 | INFO     | __main__:_handle_report_tab:43 - Iniciando captura de relatório...
2026-03-19 10:03:50 | DEBUG    | __main__:_handle_report_tab:47 - Verificando botão antes do clique: {'onclick': None, 'href': 'https://storage.googleapis.com/storagescrapings.appspot.com/ecac/49586312000118/situacao-fiscal-2026-03-10-08000034000198-68874188409963147.pdf', 'text': '', 'download': True}
2026-03-19 10:03:51 | INFO     | __main__:_handle_report_tab:60 - Detectado link de PDF. Tentando download direto...
2026-03-19 10:04:06 | WARNING  | __main__:_handle_report_tab:73 - Falha no download direto, tentando via aba: Timeout 15000ms exceeded while waiting for event "download"
=========================== logs ===========================
waiting for event "download"
============================================================
2026-03-19 10:04:07 | INFO     | __main__:_handle_report_tab:85 - Relatório PDF em aba: https://storage.googleapis.com/storagescrapings.appspot.com/ecac/49586312000118/situacao-fiscal-2026-03-10-08000034000198-68874188409963147.pdf. Baixando via request...
2026-03-19 10:04:07 | INFO     | __main__:_handle_report_tab:104 - Texto extraído (3182 chars). Analisando débitos e omissões...
2026-03-19 10:04:07 | INFO     | __main__:extract_pendencias:187 - [50] Processando: PH GESTAO E CONSULTORIA S.A. (25311856000109)
2026-03-19 10:04:07 | INFO     | __main__:_handle_report_tab:43 - Iniciando captura de relatório...
2026-03-19 10:04:07 | DEBUG    | __main__:_handle_report_tab:47 - Verificando botão antes do clique: {'onclick': None, 'href': 'https://storage.googleapis.com/storagescrapings.appspot.com/ecac/49586312000118/situacao-fiscal-2026-03-10-25311856000109-5493267392372148762.pdf', 'text': '', 'download': True}
2026-03-19 10:04:09 | INFO     | __main__:_handle_report_tab:60 - Detectado link de PDF. Tentando download direto...
2026-03-19 10:04:24 | WARNING  | __main__:_handle_report_tab:73 - Falha no download direto, tentando via aba: Timeout 15000ms exceeded while waiting for event "download"
=========================== logs ===========================
waiting for event "download"
============================================================
2026-03-19 10:04:24 | INFO     | __main__:_handle_report_tab:85 - Relatório PDF em aba: https://storage.googleapis.com/storagescrapings.appspot.com/ecac/49586312000118/situacao-fiscal-2026-03-10-25311856000109-5493267392372148762.pdf. Baixando via request...
2026-03-19 10:04:24 | INFO     | __main__:_handle_report_tab:104 - Texto extraído (3955 chars). Analisando débitos e omissões...
2026-03-19 10:04:24 | WARNING  | __main__:_handle_report_tab:108 - SiefParser não encontrou pendências no texto. Primeiros 200 chars: MINISTÉRIO DA ECONOMIA Por meio do Integra Contador
SECRETARIA ESPECIAL DA RECEITA FEDERAL DO BRASIL Autor pedido: 49.586.312/0001-18. Contratante: 28.408.293/0001-60
PROCURADORIA-GERAL DA FAZENDA NAC
2026-03-19 10:04:24 | WARNING  | __main__:extract_pendencias:205 - Lote de 50 atingido. Reiniciando sessão...
2026-03-19 10:04:26 | INFO     | __main__:extract_pendencias:127 - --- INICIANDO SESSÃO (Batch 2, Página 4) ---
2026-03-19 10:04:29 | INFO     | __main__:_login:22 - Navegando para o login em https://49586312000118.veri.com.br//login
2026-03-19 10:04:30 | INFO     | __main__:_login:25 - Inserindo credenciais...
2026-03-19 10:04:32 | INFO     | __main__:_login:35 - Aguardando carregamento da área restrita...
2026-03-19 10:04:35 | SUCCESS  | __main__:_login:38 - Logado com sucesso (aparentemente).
2026-03-19 10:04:35 | INFO     | __main__:extract_pendencias:149 - Navegando para lista geral (Resumo na pág 4)...
2026-03-19 10:04:37 | INFO     | __main__:extract_pendencias:155 - Avançando para página 2 para retomar...
2026-03-19 10:04:38 | INFO     | __main__:extract_pendencias:155 - Avançando para página 3 para retomar...
2026-03-19 10:04:40 | INFO     | __main__:extract_pendencias:155 - Avançando para página 4 para retomar...
2026-03-19 10:04:41 | INFO     | __main__:extract_pendencias:162 - Processando página 4...
2026-03-19 10:04:41 | INFO     | __main__:extract_pendencias:165 - Encontradas 18 empresas com Pendência na página 4
2026-03-19 10:04:41 | INFO     | __main__:extract_pendencias:187 - [51] Processando: MIRANDA E ROCHA LIMA LTDA (13959382000127)
2026-03-19 10:04:41 | INFO     | __main__:_handle_report_tab:43 - Iniciando captura de relatório...
2026-03-19 10:04:41 | DEBUG    | __main__:_handle_report_tab:47 - Verificando botão antes do clique: {'onclick': None, 'href': 'https://storage.googleapis.com/storagescrapings.appspot.com/ecac/49586312000118/situacao-fiscal-2026-03-10-13959382000127--6462515089312017991.pdf', 'text': '', 'download': True}
2026-03-19 10:04:41 | INFO     | __main__:_handle_report_tab:60 - Detectado link de PDF. Tentando download direto...
2026-03-19 10:04:56 | WARNING  | __main__:_handle_report_tab:73 - Falha no download direto, tentando via aba: Timeout 15000ms exceeded while waiting for event "download"
=========================== logs ===========================
waiting for event "download"
============================================================
2026-03-19 10:04:56 | INFO     | __main__:_handle_report_tab:85 - Relatório PDF em aba: https://storage.googleapis.com/storagescrapings.appspot.com/ecac/49586312000118/situacao-fiscal-2026-03-10-13959382000127--6462515089312017991.pdf. Baixando via request...
2026-03-19 10:04:57 | INFO     | __main__:_handle_report_tab:104 - Texto extraído (2995 chars). Analisando débitos e omissões...
2026-03-19 10:04:57 | INFO     | __main__:extract_pendencias:187 - [52] Processando: MONUMENTAL DO BRASIL LTDA. (18783002000160)
2026-03-19 10:04:57 | INFO     | __main__:_handle_report_tab:43 - Iniciando captura de relatório...
2026-03-19 10:04:57 | DEBUG    | __main__:_handle_report_tab:47 - Verificando botão antes do clique: {'onclick': None, 'href': 'https://storage.googleapis.com/storagescrapings.appspot.com/ecac/49586312000118/situacao-fiscal-2026-03-10-18783002000160-1708363807041399341.pdf', 'text': '', 'download': True}
2026-03-19 10:04:58 | INFO     | __main__:_handle_report_tab:60 - Detectado link de PDF. Tentando download direto...
2026-03-19 10:05:13 | WARNING  | __main__:_handle_report_tab:73 - Falha no download direto, tentando via aba: Timeout 15000ms exceeded while waiting for event "download"
=========================== logs ===========================
waiting for event "download"
============================================================
2026-03-19 10:05:13 | INFO     | __main__:_handle_report_tab:85 - Relatório PDF em aba: https://storage.googleapis.com/storagescrapings.appspot.com/ecac/49586312000118/situacao-fiscal-2026-03-10-18783002000160-1708363807041399341.pdf. Baixando via request...
2026-03-19 10:05:13 | INFO     | __main__:_handle_report_tab:104 - Texto extraído (2423 chars). Analisando débitos e omissões...
2026-03-19 10:05:13 | INFO     | __main__:extract_pendencias:187 - [53] Processando: NACIONAL PARTICIPACOES S. A (24605630000158)
2026-03-19 10:05:13 | INFO     | __main__:_handle_report_tab:43 - Iniciando captura de relatório...
2026-03-19 10:05:13 | DEBUG    | __main__:_handle_report_tab:47 - Verificando botão antes do clique: {'onclick': None, 'href': 'https://storage.googleapis.com/storagescrapings.appspot.com/ecac/49586312000118/situacao-fiscal-2026-03-10-24605630000158-8543386902544958357.pdf', 'text': '', 'download': True}
2026-03-19 10:05:15 | INFO     | __main__:_handle_report_tab:60 - Detectado link de PDF. Tentando download direto...
2026-03-19 10:05:30 | WARNING  | __main__:_handle_report_tab:73 - Falha no download direto, tentando via aba: Timeout 15000ms exceeded while waiting for event "download"
=========================== logs ===========================
waiting for event "download"
============================================================
2026-03-19 10:05:30 | INFO     | __main__:_handle_report_tab:85 - Relatório PDF em aba: https://storage.googleapis.com/storagescrapings.appspot.com/ecac/49586312000118/situacao-fiscal-2026-03-10-24605630000158-8543386902544958357.pdf. Baixando via request...
2026-03-19 10:05:31 | INFO     | __main__:_handle_report_tab:104 - Texto extraído (2231 chars). Analisando débitos e omissões...
2026-03-19 10:05:31 | WARNING  | __main__:_handle_report_tab:108 - SiefParser não encontrou pendências no texto. Primeiros 200 chars: MINISTÉRIO DA ECONOMIA Por meio do Integra Contador
SECRETARIA ESPECIAL DA RECEITA FEDERAL DO BRASIL Autor pedido: 49.586.312/0001-18. Contratante: 28.408.293/0001-60
PROCURADORIA-GERAL DA FAZENDA NAC
2026-03-19 10:05:31 | INFO     | __main__:extract_pendencias:187 - [54] Processando: NORSAN CONSULTORIA EM GESTAO EMPRESARIAL LTDA (40626350000182)
2026-03-19 10:05:31 | INFO     | __main__:_handle_report_tab:43 - Iniciando captura de relatório...
2026-03-19 10:05:31 | DEBUG    | __main__:_handle_report_tab:47 - Verificando botão antes do clique: {'onclick': None, 'href': 'https://storage.googleapis.com/storagescrapings.appspot.com/ecac/49586312000118/situacao-fiscal-2026-03-10-40626350000182-6437919497293341938.pdf', 'text': '', 'download': True}
2026-03-19 10:05:32 | INFO     | __main__:_handle_report_tab:60 - Detectado link de PDF. Tentando download direto...
2026-03-19 10:05:47 | WARNING  | __main__:_handle_report_tab:73 - Falha no download direto, tentando via aba: Timeout 15000ms exceeded while waiting for event "download"
=========================== logs ===========================
waiting for event "download"
============================================================
2026-03-19 10:05:47 | INFO     | __main__:_handle_report_tab:85 - Relatório PDF em aba: https://storage.googleapis.com/storagescrapings.appspot.com/ecac/49586312000118/situacao-fiscal-2026-03-10-40626350000182-6437919497293341938.pdf. Baixando via request...
2026-03-19 10:05:48 | INFO     | __main__:_handle_report_tab:104 - Texto extraído (8777 chars). Analisando débitos e omissões...
2026-03-19 10:05:48 | INFO     | __main__:extract_pendencias:187 - [55] Processando: NOVE PATRIMONIAL LTDA (08894711000169)
2026-03-19 10:05:48 | INFO     | __main__:_handle_report_tab:43 - Iniciando captura de relatório...
2026-03-19 10:05:48 | DEBUG    | __main__:_handle_report_tab:47 - Verificando botão antes do clique: {'onclick': None, 'href': 'https://storage.googleapis.com/storagescrapings.appspot.com/ecac/49586312000118/situacao-fiscal-2026-03-10-08894711000169--5634585627244407610.pdf', 'text': '', 'download': True}
2026-03-19 10:05:49 | INFO     | __main__:_handle_report_tab:60 - Detectado link de PDF. Tentando download direto...
2026-03-19 10:06:04 | WARNING  | __main__:_handle_report_tab:73 - Falha no download direto, tentando via aba: Timeout 15000ms exceeded while waiting for event "download"
=========================== logs ===========================
waiting for event "download"
============================================================
2026-03-19 10:06:04 | INFO     | __main__:_handle_report_tab:85 - Relatório PDF em aba: https://storage.googleapis.com/storagescrapings.appspot.com/ecac/49586312000118/situacao-fiscal-2026-03-10-08894711000169--5634585627244407610.pdf. Baixando via request...
2026-03-19 10:06:05 | INFO     | __main__:_handle_report_tab:104 - Texto extraído (2979 chars). Analisando débitos e omissões...
2026-03-19 10:06:05 | WARNING  | __main__:_handle_report_tab:108 - SiefParser não encontrou pendências no texto. Primeiros 200 chars: MINISTÉRIO DA ECONOMIA Por meio do Integra Contador
SECRETARIA ESPECIAL DA RECEITA FEDERAL DO BRASIL Autor pedido: 49.586.312/0001-18. Contratante: 28.408.293/0001-60
PROCURADORIA-GERAL DA FAZENDA NAC
2026-03-19 10:06:05 | INFO     | __main__:extract_pendencias:187 - [56] Processando: PARAISO EMPREENDIMENTOS LTDA (34099622000130)
2026-03-19 10:06:05 | INFO     | __main__:_handle_report_tab:43 - Iniciando captura de relatório...
2026-03-19 10:06:05 | DEBUG    | __main__:_handle_report_tab:47 - Verificando botão antes do clique: {'onclick': None, 'href': 'https://storage.googleapis.com/storagescrapings.appspot.com/ecac/49586312000118/situacao-fiscal-2026-03-10-34099622000130-229679267243065769.pdf', 'text': '', 'download': True}
2026-03-19 10:06:06 | INFO     | __main__:_handle_report_tab:60 - Detectado link de PDF. Tentando download direto...
2026-03-19 10:06:21 | WARNING  | __main__:_handle_report_tab:73 - Falha no download direto, tentando via aba: Timeout 15000ms exceeded while waiting for event "download"
=========================== logs ===========================
waiting for event "download"
============================================================
2026-03-19 10:06:21 | INFO     | __main__:_handle_report_tab:85 - Relatório PDF em aba: https://storage.googleapis.com/storagescrapings.appspot.com/ecac/49586312000118/situacao-fiscal-2026-03-10-34099622000130-229679267243065769.pdf. Baixando via request...
2026-03-19 10:06:22 | INFO     | __main__:_handle_report_tab:104 - Texto extraído (7600 chars). Analisando débitos e omissões...
2026-03-19 10:06:22 | INFO     | __main__:extract_pendencias:187 - [57] Processando: PATRIMONIAL LIBERDADE LTDA (04872981000118)
2026-03-19 10:06:22 | INFO     | __main__:_handle_report_tab:43 - Iniciando captura de relatório...
2026-03-19 10:06:22 | DEBUG    | __main__:_handle_report_tab:47 - Verificando botão antes do clique: {'onclick': None, 'href': 'https://storage.googleapis.com/storagescrapings.appspot.com/ecac/49586312000118/situacao-fiscal-2026-03-10-04872981000118-604067404890326631.pdf', 'text': '', 'download': True}
2026-03-19 10:06:23 | INFO     | __main__:_handle_report_tab:60 - Detectado link de PDF. Tentando download direto...
2026-03-19 10:06:38 | WARNING  | __main__:_handle_report_tab:73 - Falha no download direto, tentando via aba: Timeout 15000ms exceeded while waiting for event "download"
=========================== logs ===========================
waiting for event "download"
============================================================
2026-03-19 10:06:38 | INFO     | __main__:_handle_report_tab:85 - Relatório PDF em aba: https://storage.googleapis.com/storagescrapings.appspot.com/ecac/49586312000118/situacao-fiscal-2026-03-10-04872981000118-604067404890326631.pdf. Baixando via request...
2026-03-19 10:06:39 | INFO     | __main__:_handle_report_tab:104 - Texto extraído (2278 chars). Analisando débitos e omissões...
2026-03-19 10:06:39 | INFO     | __main__:extract_pendencias:187 - [58] Processando: PATRIMONIAL PELICANO LTDA (05288708000103)
2026-03-19 10:06:39 | INFO     | __main__:_handle_report_tab:43 - Iniciando captura de relatório...
2026-03-19 10:06:39 | DEBUG    | __main__:_handle_report_tab:47 - Verificando botão antes do clique: {'onclick': None, 'href': 'https://storage.googleapis.com/storagescrapings.appspot.com/ecac/49586312000118/situacao-fiscal-2026-03-10-05288708000103-2340029031477551287.pdf', 'text': '', 'download': True}
2026-03-19 10:06:40 | INFO     | __main__:_handle_report_tab:60 - Detectado link de PDF. Tentando download direto...
2026-03-19 10:06:55 | WARNING  | __main__:_handle_report_tab:73 - Falha no download direto, tentando via aba: Timeout 15000ms exceeded while waiting for event "download"
=========================== logs ===========================
waiting for event "download"
============================================================
2026-03-19 10:06:56 | INFO     | __main__:_handle_report_tab:85 - Relatório PDF em aba: https://storage.googleapis.com/storagescrapings.appspot.com/ecac/49586312000118/situacao-fiscal-2026-03-10-05288708000103-2340029031477551287.pdf. Baixando via request...
2026-03-19 10:06:56 | INFO     | __main__:_handle_report_tab:104 - Texto extraído (3267 chars). Analisando débitos e omissões...
2026-03-19 10:06:56 | INFO     | __main__:extract_pendencias:187 - [59] Processando: PATRIMONIAL SAO GONCALO LTDA. (07224478000144)
2026-03-19 10:06:56 | INFO     | __main__:_handle_report_tab:43 - Iniciando captura de relatório...
2026-03-19 10:06:56 | DEBUG    | __main__:_handle_report_tab:47 - Verificando botão antes do clique: {'onclick': None, 'href': 'https://storage.googleapis.com/storagescrapings.appspot.com/ecac/49586312000118/situacao-fiscal-2026-03-10-07224478000144--5953423903806422052.pdf', 'text': '', 'download': True}
2026-03-19 10:06:57 | INFO     | __main__:_handle_report_tab:60 - Detectado link de PDF. Tentando download direto...
2026-03-19 10:07:12 | WARNING  | __main__:_handle_report_tab:73 - Falha no download direto, tentando via aba: Timeout 15000ms exceeded while waiting for event "download"
=========================== logs ===========================
waiting for event "download"
============================================================
2026-03-19 10:07:13 | INFO     | __main__:_handle_report_tab:85 - Relatório PDF em aba: https://storage.googleapis.com/storagescrapings.appspot.com/ecac/49586312000118/situacao-fiscal-2026-03-10-07224478000144--5953423903806422052.pdf. Baixando via request...
2026-03-19 10:07:13 | INFO     | __main__:_handle_report_tab:104 - Texto extraído (3182 chars). Analisando débitos e omissões...
2026-03-19 10:07:13 | WARNING  | __main__:_handle_report_tab:108 - SiefParser não encontrou pendências no texto. Primeiros 200 chars: MINISTÉRIO DA ECONOMIA Por meio do Integra Contador
SECRETARIA ESPECIAL DA RECEITA FEDERAL DO BRASIL Autor pedido: 49.586.312/0001-18. Contratante: 28.408.293/0001-60
PROCURADORIA-GERAL DA FAZENDA NAC
2026-03-19 10:07:13 | INFO     | __main__:extract_pendencias:187 - [60] Processando: PATROL CONSTRUCOES LTDA (01086932000161)
2026-03-19 10:07:13 | INFO     | __main__:_handle_report_tab:43 - Iniciando captura de relatório...
2026-03-19 10:07:13 | DEBUG    | __main__:_handle_report_tab:47 - Verificando botão antes do clique: {'onclick': None, 'href': 'https://storage.googleapis.com/storagescrapings.appspot.com/ecac/49586312000118/situacao-fiscal-2026-03-10-01086932000161-5808131332858835218.pdf', 'text': '', 'download': True}
2026-03-19 10:07:15 | INFO     | __main__:_handle_report_tab:60 - Detectado link de PDF. Tentando download direto...
2026-03-19 10:07:30 | WARNING  | __main__:_handle_report_tab:73 - Falha no download direto, tentando via aba: Timeout 15000ms exceeded while waiting for event "download"
=========================== logs ===========================
waiting for event "download"
============================================================
2026-03-19 10:07:30 | INFO     | __main__:_handle_report_tab:85 - Relatório PDF em aba: https://storage.googleapis.com/storagescrapings.appspot.com/ecac/49586312000118/situacao-fiscal-2026-03-10-01086932000161-5808131332858835218.pdf. Baixando via request...
2026-03-19 10:07:31 | INFO     | __main__:_handle_report_tab:104 - Texto extraído (20536 chars). Analisando débitos e omissões...
2026-03-19 10:07:31 | WARNING  | __main__:_handle_report_tab:108 - SiefParser não encontrou pendências no texto. Primeiros 200 chars: MINISTÉRIO DA ECONOMIA Por meio do Integra Contador
SECRETARIA ESPECIAL DA RECEITA FEDERAL DO BRASIL Autor pedido: 49.586.312/0001-18. Contratante: 28.408.293/0001-60
PROCURADORIA-GERAL DA FAZENDA NAC
2026-03-19 10:07:31 | INFO     | __main__:extract_pendencias:187 - [61] Processando: PDK ADMINISTRADORA DE BENS LTDA (08000034000198)
2026-03-19 10:07:31 | INFO     | __main__:_handle_report_tab:43 - Iniciando captura de relatório...
2026-03-19 10:07:31 | DEBUG    | __main__:_handle_report_tab:47 - Verificando botão antes do clique: {'onclick': None, 'href': 'https://storage.googleapis.com/storagescrapings.appspot.com/ecac/49586312000118/situacao-fiscal-2026-03-10-08000034000198-68874188409963147.pdf', 'text': '', 'download': True}
2026-03-19 10:07:33 | INFO     | __main__:_handle_report_tab:60 - Detectado link de PDF. Tentando download direto...
2026-03-19 10:07:48 | WARNING  | __main__:_handle_report_tab:73 - Falha no download direto, tentando via aba: Timeout 15000ms exceeded while waiting for event "download"
=========================== logs ===========================
waiting for event "download"
============================================================
2026-03-19 10:07:48 | INFO     | __main__:_handle_report_tab:85 - Relatório PDF em aba: https://storage.googleapis.com/storagescrapings.appspot.com/ecac/49586312000118/situacao-fiscal-2026-03-10-08000034000198-68874188409963147.pdf. Baixando via request...
2026-03-19 10:07:48 | INFO     | __main__:_handle_report_tab:104 - Texto extraído (3182 chars). Analisando débitos e omissões...
2026-03-19 10:07:48 | INFO     | __main__:extract_pendencias:187 - [62] Processando: PH GESTAO E CONSULTORIA S.A. (25311856000109)
2026-03-19 10:07:48 | INFO     | __main__:_handle_report_tab:43 - Iniciando captura de relatório...
2026-03-19 10:07:48 | DEBUG    | __main__:_handle_report_tab:47 - Verificando botão antes do clique: {'onclick': None, 'href': 'https://storage.googleapis.com/storagescrapings.appspot.com/ecac/49586312000118/situacao-fiscal-2026-03-10-25311856000109-5493267392372148762.pdf', 'text': '', 'download': True}
2026-03-19 10:07:50 | INFO     | __main__:_handle_report_tab:60 - Detectado link de PDF. Tentando download direto...
2026-03-19 10:08:05 | WARNING  | __main__:_handle_report_tab:73 - Falha no download direto, tentando via aba: Timeout 15000ms exceeded while waiting for event "download"
=========================== logs ===========================
waiting for event "download"
============================================================
2026-03-19 10:08:05 | INFO     | __main__:_handle_report_tab:85 - Relatório PDF em aba: https://storage.googleapis.com/storagescrapings.appspot.com/ecac/49586312000118/situacao-fiscal-2026-03-10-25311856000109-5493267392372148762.pdf. Baixando via request...
2026-03-19 10:08:05 | INFO     | __main__:_handle_report_tab:104 - Texto extraído (3955 chars). Analisando débitos e omissões...
2026-03-19 10:08:05 | WARNING  | __main__:_handle_report_tab:108 - SiefParser não encontrou pendências no texto. Primeiros 200 chars: MINISTÉRIO DA ECONOMIA Por meio do Integra Contador
SECRETARIA ESPECIAL DA RECEITA FEDERAL DO BRASIL Autor pedido: 49.586.312/0001-18. Contratante: 28.408.293/0001-60
PROCURADORIA-GERAL DA FAZENDA NAC
2026-03-19 10:08:05 | INFO     | __main__:extract_pendencias:187 - [63] Processando: PML REVESTIMENTOS LTDA (40010011000177)
2026-03-19 10:08:05 | INFO     | __main__:_handle_report_tab:43 - Iniciando captura de relatório...
2026-03-19 10:08:05 | DEBUG    | __main__:_handle_report_tab:47 - Verificando botão antes do clique: {'onclick': None, 'href': 'https://storage.googleapis.com/storagescrapings.appspot.com/ecac/49586312000118/situacao-fiscal-2026-03-10-40010011000177--1310616442582242493.pdf', 'text': '', 'download': True}
2026-03-19 10:08:07 | INFO     | __main__:_handle_report_tab:60 - Detectado link de PDF. Tentando download direto...
2026-03-19 10:08:22 | WARNING  | __main__:_handle_report_tab:73 - Falha no download direto, tentando via aba: Timeout 15000ms exceeded while waiting for event "download"
=========================== logs ===========================
waiting for event "download"
============================================================
2026-03-19 10:08:22 | INFO     | __main__:_handle_report_tab:85 - Relatório PDF em aba: https://storage.googleapis.com/storagescrapings.appspot.com/ecac/49586312000118/situacao-fiscal-2026-03-10-40010011000177--1310616442582242493.pdf. Baixando via request...
2026-03-19 10:08:23 | INFO     | __main__:_handle_report_tab:104 - Texto extraído (22820 chars). Analisando débitos e omissões...
2026-03-19 10:08:23 | INFO     | __main__:extract_pendencias:187 - [64] Processando: PML REVESTIMENTOS LTDA (40010011000258)
2026-03-19 10:08:23 | INFO     | __main__:_handle_report_tab:43 - Iniciando captura de relatório...
2026-03-19 10:08:23 | DEBUG    | __main__:_handle_report_tab:47 - Verificando botão antes do clique: {'onclick': None, 'href': 'https://storage.googleapis.com/storagescrapings.appspot.com/ecac/49586312000118/situacao-fiscal-2026-03-10-40010011000258-6596310596573063701.pdf', 'text': '', 'download': True}
2026-03-19 10:08:25 | INFO     | __main__:_handle_report_tab:60 - Detectado link de PDF. Tentando download direto...
2026-03-19 10:08:40 | WARNING  | __main__:_handle_report_tab:73 - Falha no download direto, tentando via aba: Timeout 15000ms exceeded while waiting for event "download"
=========================== logs ===========================
waiting for event "download"
============================================================
2026-03-19 10:08:40 | INFO     | __main__:_handle_report_tab:85 - Relatório PDF em aba: https://storage.googleapis.com/storagescrapings.appspot.com/ecac/49586312000118/situacao-fiscal-2026-03-10-40010011000258-6596310596573063701.pdf. Baixando via request...
2026-03-19 10:08:41 | INFO     | __main__:_handle_report_tab:104 - Texto extraído (23266 chars). Analisando débitos e omissões...
2026-03-19 10:08:41 | INFO     | __main__:extract_pendencias:187 - [65] Processando: PRIME ALUGUEL DE MAQUINAS LTDA (12620821000100)
2026-03-19 10:08:41 | INFO     | __main__:_handle_report_tab:43 - Iniciando captura de relatório...
2026-03-19 10:08:41 | DEBUG    | __main__:_handle_report_tab:47 - Verificando botão antes do clique: {'onclick': None, 'href': 'https://storage.googleapis.com/storagescrapings.appspot.com/ecac/49586312000118/situacao-fiscal-2026-03-10-12620821000100--8202874389122331106.pdf', 'text': '', 'download': True}
2026-03-19 10:08:43 | INFO     | __main__:_handle_report_tab:60 - Detectado link de PDF. Tentando download direto...
2026-03-19 10:08:58 | WARNING  | __main__:_handle_report_tab:73 - Falha no download direto, tentando via aba: Timeout 15000ms exceeded while waiting for event "download"
=========================== logs ===========================
waiting for event "download"
============================================================
2026-03-19 10:08:58 | INFO     | __main__:_handle_report_tab:85 - Relatório PDF em aba: https://storage.googleapis.com/storagescrapings.appspot.com/ecac/49586312000118/situacao-fiscal-2026-03-10-12620821000100--8202874389122331106.pdf. Baixando via request...
2026-03-19 10:08:58 | INFO     | __main__:_handle_report_tab:104 - Texto extraído (3205 chars). Analisando débitos e omissões...
2026-03-19 10:08:58 | INFO     | __main__:extract_pendencias:187 - [66] Processando: QUANTICO MOLDAVITA LTDA (37250815000139)
2026-03-19 10:08:58 | INFO     | __main__:_handle_report_tab:43 - Iniciando captura de relatório...
2026-03-19 10:08:58 | DEBUG    | __main__:_handle_report_tab:47 - Verificando botão antes do clique: {'onclick': None, 'href': 'https://storage.googleapis.com/storagescrapings.appspot.com/ecac/49586312000118/situacao-fiscal-2026-03-10-37250815000139--3042070610917375247.pdf', 'text': '', 'download': True}
2026-03-19 10:09:00 | INFO     | __main__:_handle_report_tab:60 - Detectado link de PDF. Tentando download direto...
2026-03-19 10:09:15 | WARNING  | __main__:_handle_report_tab:73 - Falha no download direto, tentando via aba: Timeout 15000ms exceeded while waiting for event "download"
=========================== logs ===========================
waiting for event "download"
============================================================
2026-03-19 10:09:15 | INFO     | __main__:_handle_report_tab:85 - Relatório PDF em aba: https://storage.googleapis.com/storagescrapings.appspot.com/ecac/49586312000118/situacao-fiscal-2026-03-10-37250815000139--3042070610917375247.pdf. Baixando via request...
2026-03-19 10:09:15 | INFO     | __main__:_handle_report_tab:104 - Texto extraído (2771 chars). Analisando débitos e omissões...
2026-03-19 10:09:15 | INFO     | __main__:extract_pendencias:187 - [67] Processando: RC COMERCIO DE ALIMENTOS LTDA (31495226000134)
2026-03-19 10:09:15 | INFO     | __main__:_handle_report_tab:43 - Iniciando captura de relatório...
2026-03-19 10:09:15 | DEBUG    | __main__:_handle_report_tab:47 - Verificando botão antes do clique: {'onclick': None, 'href': 'https://storage.googleapis.com/storagescrapings.appspot.com/ecac/49586312000118/situacao-fiscal-2026-03-10-31495226000134--759852541785170364.pdf', 'text': '', 'download': True}
2026-03-19 10:09:17 | INFO     | __main__:_handle_report_tab:60 - Detectado link de PDF. Tentando download direto...
2026-03-19 10:09:32 | WARNING  | __main__:_handle_report_tab:73 - Falha no download direto, tentando via aba: Timeout 15000ms exceeded while waiting for event "download"
=========================== logs ===========================
waiting for event "download"
============================================================
2026-03-19 10:09:32 | INFO     | __main__:_handle_report_tab:85 - Relatório PDF em aba: https://storage.googleapis.com/storagescrapings.appspot.com/ecac/49586312000118/situacao-fiscal-2026-03-10-31495226000134--759852541785170364.pdf. Baixando via request...
2026-03-19 10:09:32 | INFO     | __main__:_handle_report_tab:104 - Texto extraído (6438 chars). Analisando débitos e omissões...
2026-03-19 10:09:32 | INFO     | __main__:extract_pendencias:187 - [68] Processando: REINA PIANO LTDA (52029265000116)
2026-03-19 10:09:32 | INFO     | __main__:_handle_report_tab:43 - Iniciando captura de relatório...
2026-03-19 10:09:33 | DEBUG    | __main__:_handle_report_tab:47 - Verificando botão antes do clique: {'onclick': None, 'href': 'https://storage.googleapis.com/storagescrapings.appspot.com/ecac/49586312000118/situacao-fiscal-2026-03-10-52029265000116-2878048326592333185.pdf', 'text': '', 'download': True}
2026-03-19 10:09:34 | INFO     | __main__:_handle_report_tab:60 - Detectado link de PDF. Tentando download direto...
2026-03-19 10:09:49 | WARNING  | __main__:_handle_report_tab:73 - Falha no download direto, tentando via aba: Timeout 15000ms exceeded while waiting for event "download"
=========================== logs ===========================
waiting for event "download"
============================================================
2026-03-19 10:09:49 | INFO     | __main__:_handle_report_tab:85 - Relatório PDF em aba: https://storage.googleapis.com/storagescrapings.appspot.com/ecac/49586312000118/situacao-fiscal-2026-03-10-52029265000116-2878048326592333185.pdf. Baixando via request...
2026-03-19 10:09:50 | INFO     | __main__:_handle_report_tab:104 - Texto extraído (3100 chars). Analisando débitos e omissões...
2026-03-19 10:09:51 | INFO     | __main__:extract_pendencias:162 - Processando página 5...
2026-03-19 10:09:51 | INFO     | __main__:extract_pendencias:165 - Encontradas 17 empresas com Pendência na página 5
2026-03-19 10:09:51 | INFO     | __main__:extract_pendencias:187 - [69] Processando: ROBERTA COSTA CARDOSO (34243775000100)
2026-03-19 10:09:51 | INFO     | __main__:_handle_report_tab:43 - Iniciando captura de relatório...
2026-03-19 10:09:51 | DEBUG    | __main__:_handle_report_tab:47 - Verificando botão antes do clique: {'onclick': None, 'href': 'https://storage.googleapis.com/storagescrapings.appspot.com/ecac/49586312000118/situacao-fiscal-2026-03-10-34243775000100-4889036326028891915.pdf', 'text': '', 'download': True}
2026-03-19 10:09:53 | INFO     | __main__:_handle_report_tab:60 - Detectado link de PDF. Tentando download direto...
2026-03-19 10:10:08 | WARNING  | __main__:_handle_report_tab:73 - Falha no download direto, tentando via aba: Timeout 15000ms exceeded while waiting for event "download"
=========================== logs ===========================
waiting for event "download"
============================================================
2026-03-19 10:10:08 | INFO     | __main__:_handle_report_tab:85 - Relatório PDF em aba: https://storage.googleapis.com/storagescrapings.appspot.com/ecac/49586312000118/situacao-fiscal-2026-03-10-34243775000100-4889036326028891915.pdf. Baixando via request...
2026-03-19 10:10:08 | INFO     | __main__:_handle_report_tab:104 - Texto extraído (2824 chars). Analisando débitos e omissões...
2026-03-19 10:10:08 | INFO     | __main__:extract_pendencias:187 - [70] Processando: ROSEMERY ALMEIDA MACÊDO (04689608000126)
2026-03-19 10:10:08 | INFO     | __main__:_handle_report_tab:43 - Iniciando captura de relatório...
2026-03-19 10:10:08 | DEBUG    | __main__:_handle_report_tab:47 - Verificando botão antes do clique: {'onclick': None, 'href': 'https://storage.googleapis.com/storagescrapings.appspot.com/ecac/49586312000118/situacao-fiscal-2026-03-10-04689608000126-301946170125122004.pdf', 'text': '', 'download': True}
2026-03-19 10:10:10 | INFO     | __main__:_handle_report_tab:60 - Detectado link de PDF. Tentando download direto...
2026-03-19 10:10:25 | WARNING  | __main__:_handle_report_tab:73 - Falha no download direto, tentando via aba: Timeout 15000ms exceeded while waiting for event "download"
=========================== logs ===========================
waiting for event "download"
============================================================
2026-03-19 10:10:25 | INFO     | __main__:_handle_report_tab:85 - Relatório PDF em aba: https://storage.googleapis.com/storagescrapings.appspot.com/ecac/49586312000118/situacao-fiscal-2026-03-10-04689608000126-301946170125122004.pdf. Baixando via request...
2026-03-19 10:10:27 | INFO     | __main__:_handle_report_tab:104 - Texto extraído (39433 chars). Analisando débitos e omissões...
2026-03-19 10:10:27 | INFO     | __main__:extract_pendencias:187 - [71] Processando: ROSEMERY ALMEIDA MACÊDO (04689608000207)
2026-03-19 10:10:27 | INFO     | __main__:_handle_report_tab:43 - Iniciando captura de relatório...
2026-03-19 10:10:27 | DEBUG    | __main__:_handle_report_tab:47 - Verificando botão antes do clique: {'onclick': None, 'href': 'https://storage.googleapis.com/storagescrapings.appspot.com/ecac/49586312000118/situacao-fiscal-2026-03-10-04689608000207--1940536082388115577.pdf', 'text': '', 'download': True}
2026-03-19 10:10:28 | INFO     | __main__:_handle_report_tab:60 - Detectado link de PDF. Tentando download direto...
2026-03-19 10:10:43 | WARNING  | __main__:_handle_report_tab:73 - Falha no download direto, tentando via aba: Timeout 15000ms exceeded while waiting for event "download"
=========================== logs ===========================
waiting for event "download"
============================================================
2026-03-19 10:10:43 | INFO     | __main__:_handle_report_tab:85 - Relatório PDF em aba: https://storage.googleapis.com/storagescrapings.appspot.com/ecac/49586312000118/situacao-fiscal-2026-03-10-04689608000207--1940536082388115577.pdf. Baixando via request...
2026-03-19 10:10:45 | INFO     | __main__:_handle_report_tab:104 - Texto extraído (39838 chars). Analisando débitos e omissões...
2026-03-19 10:10:45 | INFO     | __main__:extract_pendencias:187 - [72] Processando: ROSEMERY ALMEIDA MACÊDO (04689608000398)
2026-03-19 10:10:45 | INFO     | __main__:_handle_report_tab:43 - Iniciando captura de relatório...
2026-03-19 10:10:45 | DEBUG    | __main__:_handle_report_tab:47 - Verificando botão antes do clique: {'onclick': None, 'href': 'https://storage.googleapis.com/storagescrapings.appspot.com/ecac/49586312000118/situacao-fiscal-2026-03-10-04689608000398--8530276885068725287.pdf', 'text': '', 'download': True}
2026-03-19 10:10:46 | INFO     | __main__:_handle_report_tab:60 - Detectado link de PDF. Tentando download direto...
2026-03-19 10:11:01 | WARNING  | __main__:_handle_report_tab:73 - Falha no download direto, tentando via aba: Timeout 15000ms exceeded while waiting for event "download"
=========================== logs ===========================
waiting for event "download"
============================================================
2026-03-19 10:11:02 | INFO     | __main__:_handle_report_tab:85 - Relatório PDF em aba: https://storage.googleapis.com/storagescrapings.appspot.com/ecac/49586312000118/situacao-fiscal-2026-03-10-04689608000398--8530276885068725287.pdf. Baixando via request...
2026-03-19 10:11:04 | INFO     | __main__:_handle_report_tab:104 - Texto extraído (39826 chars). Analisando débitos e omissões...
2026-03-19 10:11:04 | INFO     | __main__:extract_pendencias:187 - [73] Processando: S A 4 MARKETING EMPRESARIAL LTDA. (09199339000133)
2026-03-19 10:11:04 | INFO     | __main__:_handle_report_tab:43 - Iniciando captura de relatório...
2026-03-19 10:11:04 | DEBUG    | __main__:_handle_report_tab:47 - Verificando botão antes do clique: {'onclick': None, 'href': 'https://storage.googleapis.com/storagescrapings.appspot.com/ecac/49586312000118/situacao-fiscal-2026-03-10-09199339000133-4770438342379837465.pdf', 'text': '', 'download': True}
2026-03-19 10:11:05 | INFO     | __main__:_handle_report_tab:60 - Detectado link de PDF. Tentando download direto...
2026-03-19 10:11:20 | WARNING  | __main__:_handle_report_tab:73 - Falha no download direto, tentando via aba: Timeout 15000ms exceeded while waiting for event "download"
=========================== logs ===========================
waiting for event "download"
============================================================
2026-03-19 10:11:21 | INFO     | __main__:_handle_report_tab:85 - Relatório PDF em aba: https://storage.googleapis.com/storagescrapings.appspot.com/ecac/49586312000118/situacao-fiscal-2026-03-10-09199339000133-4770438342379837465.pdf. Baixando via request...
2026-03-19 10:11:21 | INFO     | __main__:_handle_report_tab:104 - Texto extraído (2318 chars). Analisando débitos e omissões...
2026-03-19 10:11:21 | INFO     | __main__:extract_pendencias:187 - [74] Processando: S N COMERCIAL DE FERRAGENS E FERRAMENTAS LTDA (35798856000139)
2026-03-19 10:11:21 | INFO     | __main__:_handle_report_tab:43 - Iniciando captura de relatório...
2026-03-19 10:11:21 | DEBUG    | __main__:_handle_report_tab:47 - Verificando botão antes do clique: {'onclick': None, 'href': 'https://storage.googleapis.com/storagescrapings.appspot.com/ecac/49586312000118/situacao-fiscal-2026-03-10-35798856000139-7669080239666375128.pdf', 'text': '', 'download': True}
2026-03-19 10:11:22 | INFO     | __main__:_handle_report_tab:60 - Detectado link de PDF. Tentando download direto...
2026-03-19 10:11:37 | WARNING  | __main__:_handle_report_tab:73 - Falha no download direto, tentando via aba: Timeout 15000ms exceeded while waiting for event "download"
=========================== logs ===========================
waiting for event "download"
============================================================
2026-03-19 10:11:38 | INFO     | __main__:_handle_report_tab:85 - Relatório PDF em aba: https://storage.googleapis.com/storagescrapings.appspot.com/ecac/49586312000118/situacao-fiscal-2026-03-10-35798856000139-7669080239666375128.pdf. Baixando via request...
2026-03-19 10:11:38 | INFO     | __main__:_handle_report_tab:104 - Texto extraído (2834 chars). Analisando débitos e omissões...
2026-03-19 10:11:38 | INFO     | __main__:extract_pendencias:187 - [75] Processando: SARAVIMANA PATRIMONIAL LTDA. (04904636000119)
2026-03-19 10:11:38 | INFO     | __main__:_handle_report_tab:43 - Iniciando captura de relatório...
2026-03-19 10:11:38 | DEBUG    | __main__:_handle_report_tab:47 - Verificando botão antes do clique: {'onclick': None, 'href': 'https://storage.googleapis.com/storagescrapings.appspot.com/ecac/49586312000118/situacao-fiscal-2026-03-10-04904636000119--7539829649228640268.pdf', 'text': '', 'download': True}
2026-03-19 10:11:40 | INFO     | __main__:_handle_report_tab:60 - Detectado link de PDF. Tentando download direto...
2026-03-19 10:11:55 | WARNING  | __main__:_handle_report_tab:73 - Falha no download direto, tentando via aba: Timeout 15000ms exceeded while waiting for event "download"
=========================== logs ===========================
waiting for event "download"
============================================================
2026-03-19 10:11:55 | INFO     | __main__:_handle_report_tab:85 - Relatório PDF em aba: https://storage.googleapis.com/storagescrapings.appspot.com/ecac/49586312000118/situacao-fiscal-2026-03-10-04904636000119--7539829649228640268.pdf. Baixando via request...
2026-03-19 10:11:55 | INFO     | __main__:_handle_report_tab:104 - Texto extraído (2572 chars). Analisando débitos e omissões...
2026-03-19 10:11:55 | INFO     | __main__:extract_pendencias:187 - [76] Processando: SERRA DA ESTRELA PATRIMONIAL S/A. (04091558000180)
2026-03-19 10:11:55 | INFO     | __main__:_handle_report_tab:43 - Iniciando captura de relatório...
2026-03-19 10:11:55 | DEBUG    | __main__:_handle_report_tab:47 - Verificando botão antes do clique: {'onclick': None, 'href': 'https://storage.googleapis.com/storagescrapings.appspot.com/ecac/49586312000118/situacao-fiscal-2026-03-10-04091558000180-3538999306115164684.pdf', 'text': '', 'download': True}
2026-03-19 10:11:57 | INFO     | __main__:_handle_report_tab:60 - Detectado link de PDF. Tentando download direto...
2026-03-19 10:12:12 | WARNING  | __main__:_handle_report_tab:73 - Falha no download direto, tentando via aba: Timeout 15000ms exceeded while waiting for event "download"
=========================== logs ===========================
waiting for event "download"
============================================================
2026-03-19 10:12:12 | INFO     | __main__:_handle_report_tab:85 - Relatório PDF em aba: https://storage.googleapis.com/storagescrapings.appspot.com/ecac/49586312000118/situacao-fiscal-2026-03-10-04091558000180-3538999306115164684.pdf. Baixando via request...
2026-03-19 10:12:12 | INFO     | __main__:_handle_report_tab:104 - Texto extraído (3112 chars). Analisando débitos e omissões...
2026-03-19 10:12:12 | INFO     | __main__:extract_pendencias:187 - [77] Processando: SERVIR SEGURANCA E VIGILANCIA LTDA (02642837000160)
2026-03-19 10:12:12 | INFO     | __main__:_handle_report_tab:43 - Iniciando captura de relatório...
2026-03-19 10:12:12 | DEBUG    | __main__:_handle_report_tab:47 - Verificando botão antes do clique: {'onclick': None, 'href': 'https://storage.googleapis.com/storagescrapings.appspot.com/ecac/49586312000118/situacao-fiscal-2026-03-10-02642837000160--7426392162282559318.pdf', 'text': '', 'download': True}
2026-03-19 10:12:14 | INFO     | __main__:_handle_report_tab:60 - Detectado link de PDF. Tentando download direto...
2026-03-19 10:12:29 | WARNING  | __main__:_handle_report_tab:73 - Falha no download direto, tentando via aba: Timeout 15000ms exceeded while waiting for event "download"
=========================== logs ===========================
waiting for event "download"
============================================================
2026-03-19 10:12:29 | INFO     | __main__:_handle_report_tab:85 - Relatório PDF em aba: https://storage.googleapis.com/storagescrapings.appspot.com/ecac/49586312000118/situacao-fiscal-2026-03-10-02642837000160--7426392162282559318.pdf. Baixando via request...
2026-03-19 10:12:29 | INFO     | __main__:_handle_report_tab:104 - Texto extraído (5900 chars). Analisando débitos e omissões...
2026-03-19 10:12:29 | WARNING  | __main__:_handle_report_tab:108 - SiefParser não encontrou pendências no texto. Primeiros 200 chars: MINISTÉRIO DA ECONOMIA Por meio do Integra Contador
SECRETARIA ESPECIAL DA RECEITA FEDERAL DO BRASIL Autor pedido: 49.586.312/0001-18. Contratante: 28.408.293/0001-60
PROCURADORIA-GERAL DA FAZENDA NAC
2026-03-19 10:12:29 | INFO     | __main__:extract_pendencias:187 - [78] Processando: SINLOBA - SINDICATO DOS LOTERICOS E ASSEMELHADOS DO ESTADO DA BAHIA (04964315000100)
2026-03-19 10:12:29 | INFO     | __main__:_handle_report_tab:43 - Iniciando captura de relatório...
2026-03-19 10:12:29 | DEBUG    | __main__:_handle_report_tab:47 - Verificando botão antes do clique: {'onclick': None, 'href': 'https://storage.googleapis.com/storagescrapings.appspot.com/ecac/49586312000118/situacao-fiscal-2026-03-10-04964315000100--4650988005219744818.pdf', 'text': '', 'download': True}
2026-03-19 10:12:31 | INFO     | __main__:_handle_report_tab:60 - Detectado link de PDF. Tentando download direto...
2026-03-19 10:12:46 | WARNING  | __main__:_handle_report_tab:73 - Falha no download direto, tentando via aba: Timeout 15000ms exceeded while waiting for event "download"
=========================== logs ===========================
waiting for event "download"
============================================================
2026-03-19 10:12:46 | INFO     | __main__:_handle_report_tab:85 - Relatório PDF em aba: https://storage.googleapis.com/storagescrapings.appspot.com/ecac/49586312000118/situacao-fiscal-2026-03-10-04964315000100--4650988005219744818.pdf. Baixando via request...
2026-03-19 10:12:46 | INFO     | __main__:_handle_report_tab:104 - Texto extraído (2118 chars). Analisando débitos e omissões...
2026-03-19 10:12:46 | WARNING  | __main__:_handle_report_tab:108 - SiefParser não encontrou pendências no texto. Primeiros 200 chars: MINISTÉRIO DA ECONOMIA Por meio do Integra Contador
SECRETARIA ESPECIAL DA RECEITA FEDERAL DO BRASIL Autor pedido: 49.586.312/0001-18. Contratante: 28.408.293/0001-60
PROCURADORIA-GERAL DA FAZENDA NAC
2026-03-19 10:12:46 | INFO     | __main__:extract_pendencias:187 - [79] Processando: STAUMMAQ SERVICOS TECNICOS AUTOMACAO MOTORES E MAQUINAS LTDA (02370080000100)
2026-03-19 10:12:46 | INFO     | __main__:_handle_report_tab:43 - Iniciando captura de relatório...
2026-03-19 10:12:46 | DEBUG    | __main__:_handle_report_tab:47 - Verificando botão antes do clique: {'onclick': None, 'href': 'https://storage.googleapis.com/storagescrapings.appspot.com/ecac/49586312000118/situacao-fiscal-2026-03-10-02370080000100-4683628906683906302.pdf', 'text': '', 'download': True}
2026-03-19 10:12:48 | INFO     | __main__:_handle_report_tab:60 - Detectado link de PDF. Tentando download direto...
2026-03-19 10:13:03 | WARNING  | __main__:_handle_report_tab:73 - Falha no download direto, tentando via aba: Timeout 15000ms exceeded while waiting for event "download"
=========================== logs ===========================
waiting for event "download"
============================================================
2026-03-19 10:13:03 | INFO     | __main__:_handle_report_tab:85 - Relatório PDF em aba: https://storage.googleapis.com/storagescrapings.appspot.com/ecac/49586312000118/situacao-fiscal-2026-03-10-02370080000100-4683628906683906302.pdf. Baixando via request...
2026-03-19 10:13:04 | INFO     | __main__:_handle_report_tab:104 - Texto extraído (10018 chars). Analisando débitos e omissões...
2026-03-19 10:13:04 | INFO     | __main__:extract_pendencias:187 - [80] Processando: STELU PATRIMONIAL LIMITADA (11501054000157)
2026-03-19 10:13:04 | INFO     | __main__:_handle_report_tab:43 - Iniciando captura de relatório...
2026-03-19 10:13:04 | DEBUG    | __main__:_handle_report_tab:47 - Verificando botão antes do clique: {'onclick': None, 'href': 'https://storage.googleapis.com/storagescrapings.appspot.com/ecac/49586312000118/situacao-fiscal-2026-03-10-11501054000157--7975647453514611855.pdf', 'text': '', 'download': True}
2026-03-19 10:13:06 | INFO     | __main__:_handle_report_tab:60 - Detectado link de PDF. Tentando download direto...
2026-03-19 10:13:21 | WARNING  | __main__:_handle_report_tab:73 - Falha no download direto, tentando via aba: Timeout 15000ms exceeded while waiting for event "download"
=========================== logs ===========================
waiting for event "download"
============================================================
2026-03-19 10:13:21 | INFO     | __main__:_handle_report_tab:85 - Relatório PDF em aba: https://storage.googleapis.com/storagescrapings.appspot.com/ecac/49586312000118/situacao-fiscal-2026-03-10-11501054000157--7975647453514611855.pdf. Baixando via request...
2026-03-19 10:13:22 | INFO     | __main__:_handle_report_tab:104 - Texto extraído (3068 chars). Analisando débitos e omissões...
2026-03-19 10:13:22 | INFO     | __main__:extract_pendencias:187 - [81] Processando: STK - ENSINO MEDIO LTDA. (07007823000198)
2026-03-19 10:13:22 | INFO     | __main__:_handle_report_tab:43 - Iniciando captura de relatório...
2026-03-19 10:13:22 | DEBUG    | __main__:_handle_report_tab:47 - Verificando botão antes do clique: {'onclick': None, 'href': 'https://storage.googleapis.com/storagescrapings.appspot.com/ecac/49586312000118/situacao-fiscal-2026-03-10-07007823000198--2012357875125494208.pdf', 'text': '', 'download': True}
2026-03-19 10:13:23 | INFO     | __main__:_handle_report_tab:60 - Detectado link de PDF. Tentando download direto...
2026-03-19 10:13:38 | WARNING  | __main__:_handle_report_tab:73 - Falha no download direto, tentando via aba: Timeout 15000ms exceeded while waiting for event "download"
=========================== logs ===========================
waiting for event "download"
============================================================
2026-03-19 10:13:38 | INFO     | __main__:_handle_report_tab:85 - Relatório PDF em aba: https://storage.googleapis.com/storagescrapings.appspot.com/ecac/49586312000118/situacao-fiscal-2026-03-10-07007823000198--2012357875125494208.pdf. Baixando via request...
2026-03-19 10:13:39 | INFO     | __main__:_handle_report_tab:104 - Texto extraído (7571 chars). Analisando débitos e omissões...
2026-03-19 10:13:39 | WARNING  | __main__:_handle_report_tab:108 - SiefParser não encontrou pendências no texto. Primeiros 200 chars: MINISTÉRIO DA ECONOMIA Por meio do Integra Contador
SECRETARIA ESPECIAL DA RECEITA FEDERAL DO BRASIL Autor pedido: 49.586.312/0001-18. Contratante: 28.408.293/0001-60
PROCURADORIA-GERAL DA FAZENDA NAC
2026-03-19 10:13:39 | INFO     | __main__:extract_pendencias:187 - [82] Processando: TAMP - ENSINO FUNDAMENTAL LTDA. (04607541000133)
2026-03-19 10:13:39 | INFO     | __main__:_handle_report_tab:43 - Iniciando captura de relatório...
2026-03-19 10:13:39 | DEBUG    | __main__:_handle_report_tab:47 - Verificando botão antes do clique: {'onclick': None, 'href': 'https://storage.googleapis.com/storagescrapings.appspot.com/ecac/49586312000118/situacao-fiscal-2026-03-10-04607541000133--6651989339997511169.pdf', 'text': '', 'download': True}
2026-03-19 10:13:40 | INFO     | __main__:_handle_report_tab:60 - Detectado link de PDF. Tentando download direto...
2026-03-19 10:13:55 | WARNING  | __main__:_handle_report_tab:73 - Falha no download direto, tentando via aba: Timeout 15000ms exceeded while waiting for event "download"
=========================== logs ===========================
waiting for event "download"
============================================================
2026-03-19 10:13:55 | INFO     | __main__:_handle_report_tab:85 - Relatório PDF em aba: https://storage.googleapis.com/storagescrapings.appspot.com/ecac/49586312000118/situacao-fiscal-2026-03-10-04607541000133--6651989339997511169.pdf. Baixando via request...
2026-03-19 10:13:57 | INFO     | __main__:_handle_report_tab:104 - Texto extraído (19094 chars). Analisando débitos e omissões...
2026-03-19 10:13:57 | WARNING  | __main__:_handle_report_tab:108 - SiefParser não encontrou pendências no texto. Primeiros 200 chars: MINISTÉRIO DA ECONOMIA Por meio do Integra Contador
SECRETARIA ESPECIAL DA RECEITA FEDERAL DO BRASIL Autor pedido: 49.586.312/0001-18. Contratante: 28.408.293/0001-60
PROCURADORIA-GERAL DA FAZENDA NAC
2026-03-19 10:13:57 | INFO     | __main__:extract_pendencias:187 - [83] Processando: TECMARQUES ASSOCIADOS LTDA (48772387000120)
2026-03-19 10:13:57 | INFO     | __main__:_handle_report_tab:43 - Iniciando captura de relatório...
2026-03-19 10:13:57 | DEBUG    | __main__:_handle_report_tab:47 - Verificando botão antes do clique: {'onclick': None, 'href': 'https://storage.googleapis.com/storagescrapings.appspot.com/ecac/49586312000118/situacao-fiscal-2026-03-10-48772387000120-3756709464639021943.pdf', 'text': '', 'download': True}
2026-03-19 10:13:58 | INFO     | __main__:_handle_report_tab:60 - Detectado link de PDF. Tentando download direto...
2026-03-19 10:14:13 | WARNING  | __main__:_handle_report_tab:73 - Falha no download direto, tentando via aba: Timeout 15000ms exceeded while waiting for event "download"
=========================== logs ===========================
waiting for event "download"
============================================================
2026-03-19 10:14:14 | INFO     | __main__:_handle_report_tab:85 - Relatório PDF em aba: https://storage.googleapis.com/storagescrapings.appspot.com/ecac/49586312000118/situacao-fiscal-2026-03-10-48772387000120-3756709464639021943.pdf. Baixando via request...
2026-03-19 10:14:14 | INFO     | __main__:_handle_report_tab:104 - Texto extraído (3297 chars). Analisando débitos e omissões...
2026-03-19 10:14:14 | WARNING  | __main__:_handle_report_tab:108 - SiefParser não encontrou pendências no texto. Primeiros 200 chars: MINISTÉRIO DA ECONOMIA Por meio do Integra Contador
SECRETARIA ESPECIAL DA RECEITA FEDERAL DO BRASIL Autor pedido: 49.586.312/0001-18. Contratante: 28.408.293/0001-60
PROCURADORIA-GERAL DA FAZENDA NAC
2026-03-19 10:14:14 | INFO     | __main__:extract_pendencias:187 - [84] Processando: TOK UNIFORMES COMERCIO DE CONFECCOES LTDA (25190228000112)
2026-03-19 10:14:14 | INFO     | __main__:_handle_report_tab:43 - Iniciando captura de relatório...
2026-03-19 10:14:14 | DEBUG    | __main__:_handle_report_tab:47 - Verificando botão antes do clique: {'onclick': None, 'href': 'https://storage.googleapis.com/storagescrapings.appspot.com/ecac/49586312000118/situacao-fiscal-2026-03-10-25190228000112-4910105506099822679.pdf', 'text': '', 'download': True}
2026-03-19 10:14:15 | INFO     | __main__:_handle_report_tab:60 - Detectado link de PDF. Tentando download direto...
2026-03-19 10:14:30 | WARNING  | __main__:_handle_report_tab:73 - Falha no download direto, tentando via aba: Timeout 15000ms exceeded while waiting for event "download"
=========================== logs ===========================
waiting for event "download"
============================================================
2026-03-19 10:14:31 | INFO     | __main__:_handle_report_tab:85 - Relatório PDF em aba: https://storage.googleapis.com/storagescrapings.appspot.com/ecac/49586312000118/situacao-fiscal-2026-03-10-25190228000112-4910105506099822679.pdf. Baixando via request...
2026-03-19 10:14:31 | INFO     | __main__:_handle_report_tab:104 - Texto extraído (2906 chars). Analisando débitos e omissões...
2026-03-19 10:14:31 | INFO     | __main__:extract_pendencias:187 - [85] Processando: TXB INVESTIMENTOS LTDA. (20287189000152)
2026-03-19 10:14:31 | INFO     | __main__:_handle_report_tab:43 - Iniciando captura de relatório...
2026-03-19 10:14:31 | DEBUG    | __main__:_handle_report_tab:47 - Verificando botão antes do clique: {'onclick': None, 'href': 'https://storage.googleapis.com/storagescrapings.appspot.com/ecac/49586312000118/situacao-fiscal-2026-03-10-20287189000152-5802815754118781405.pdf', 'text': '', 'download': True}
2026-03-19 10:14:32 | INFO     | __main__:_handle_report_tab:60 - Detectado link de PDF. Tentando download direto...
2026-03-19 10:14:48 | WARNING  | __main__:_handle_report_tab:73 - Falha no download direto, tentando via aba: Timeout 15000ms exceeded while waiting for event "download"
=========================== logs ===========================
waiting for event "download"
============================================================
2026-03-19 10:14:48 | INFO     | __main__:_handle_report_tab:85 - Relatório PDF em aba: https://storage.googleapis.com/storagescrapings.appspot.com/ecac/49586312000118/situacao-fiscal-2026-03-10-20287189000152-5802815754118781405.pdf. Baixando via request...
2026-03-19 10:14:48 | INFO     | __main__:_handle_report_tab:104 - Texto extraído (3135 chars). Analisando débitos e omissões...
2026-03-19 10:14:50 | INFO     | __main__:extract_pendencias:162 - Processando página 6...
2026-03-19 10:14:50 | INFO     | __main__:extract_pendencias:165 - Encontradas 3 empresas com Pendência na página 6
2026-03-19 10:14:50 | INFO     | __main__:extract_pendencias:187 - [86] Processando: VERTEX SOLUTION EM SERVICOS LTDA (58269983000146)
2026-03-19 10:14:50 | INFO     | __main__:_handle_report_tab:43 - Iniciando captura de relatório...
2026-03-19 10:14:50 | DEBUG    | __main__:_handle_report_tab:47 - Verificando botão antes do clique: {'onclick': None, 'href': 'https://storage.googleapis.com/storagescrapings.appspot.com/ecac/49586312000118/situacao-fiscal-2026-03-10-58269983000146--91426381646707851.pdf', 'text': '', 'download': True}
2026-03-19 10:14:52 | INFO     | __main__:_handle_report_tab:60 - Detectado link de PDF. Tentando download direto...
2026-03-19 10:15:07 | WARNING  | __main__:_handle_report_tab:73 - Falha no download direto, tentando via aba: Timeout 15000ms exceeded while waiting for event "download"
=========================== logs ===========================
waiting for event "download"
============================================================
2026-03-19 10:15:07 | INFO     | __main__:_handle_report_tab:85 - Relatório PDF em aba: https://storage.googleapis.com/storagescrapings.appspot.com/ecac/49586312000118/situacao-fiscal-2026-03-10-58269983000146--91426381646707851.pdf. Baixando via request...
2026-03-19 10:15:07 | INFO     | __main__:_handle_report_tab:104 - Texto extraído (3213 chars). Analisando débitos e omissões...
2026-03-19 10:15:07 | INFO     | __main__:extract_pendencias:187 - [87] Processando: VITRINE DA CERVEJA LTDA (18490365000107)
2026-03-19 10:15:07 | INFO     | __main__:_handle_report_tab:43 - Iniciando captura de relatório...
2026-03-19 10:15:07 | DEBUG    | __main__:_handle_report_tab:47 - Verificando botão antes do clique: {'onclick': None, 'href': 'https://storage.googleapis.com/storagescrapings.appspot.com/ecac/49586312000118/situacao-fiscal-2026-03-10-18490365000107--8643941443916180720.pdf', 'text': '', 'download': True}
2026-03-19 10:15:09 | INFO     | __main__:_handle_report_tab:60 - Detectado link de PDF. Tentando download direto...
2026-03-19 10:15:24 | WARNING  | __main__:_handle_report_tab:73 - Falha no download direto, tentando via aba: Timeout 15000ms exceeded while waiting for event "download"
=========================== logs ===========================
waiting for event "download"
============================================================
2026-03-19 10:15:24 | INFO     | __main__:_handle_report_tab:85 - Relatório PDF em aba: https://storage.googleapis.com/storagescrapings.appspot.com/ecac/49586312000118/situacao-fiscal-2026-03-10-18490365000107--8643941443916180720.pdf. Baixando via request...
2026-03-19 10:15:26 | INFO     | __main__:_handle_report_tab:104 - Texto extraído (29044 chars). Analisando débitos e omissões...
2026-03-19 10:15:26 | INFO     | __main__:extract_pendencias:187 - [88] Processando: VOLTA DO RIO PATRIMONIAL S/A. (04771186000133)
2026-03-19 10:15:26 | INFO     | __main__:_handle_report_tab:43 - Iniciando captura de relatório...
2026-03-19 10:15:26 | DEBUG    | __main__:_handle_report_tab:47 - Verificando botão antes do clique: {'onclick': None, 'href': 'https://storage.googleapis.com/storagescrapings.appspot.com/ecac/49586312000118/situacao-fiscal-2026-03-10-04771186000133--8016301968000518451.pdf', 'text': '', 'download': True}
2026-03-19 10:15:27 | INFO     | __main__:_handle_report_tab:60 - Detectado link de PDF. Tentando download direto...
2026-03-19 10:15:42 | WARNING  | __main__:_handle_report_tab:73 - Falha no download direto, tentando via aba: Timeout 15000ms exceeded while waiting for event "download"
=========================== logs ===========================
waiting for event "download"
============================================================
2026-03-19 10:15:42 | INFO     | __main__:_handle_report_tab:85 - Relatório PDF em aba: https://storage.googleapis.com/storagescrapings.appspot.com/ecac/49586312000118/situacao-fiscal-2026-03-10-04771186000133--8016301968000518451.pdf. Baixando via request...
2026-03-19 10:15:42 | INFO     | __main__:_handle_report_tab:104 - Texto extraído (7662 chars). Analisando débitos e omissões...
2026-03-19 10:15:42 | WARNING  | __main__:_handle_report_tab:108 - SiefParser não encontrou pendências no texto. Primeiros 200 chars: MINISTÉRIO DA ECONOMIA Por meio do Integra Contador
SECRETARIA ESPECIAL DA RECEITA FEDERAL DO BRASIL Autor pedido: 49.586.312/0001-18. Contratante: 28.408.293/0001-60
PROCURADORIA-GERAL DA FAZENDA NAC
2026-03-19 10:15:55 | SUCCESS  | __main__:extract_pendencias:262 - Relatórios separados gerados com sucesso na pasta logs/.
2026-04-01 10:59:03 | INFO     | src.core.utils:clear_logs_directory:15 - Limpando diretório de saída: logs...
2026-04-01 10:59:03 | SUCCESS  | src.core.utils:clear_logs_directory:31 - Limpeza concluída com sucesso.
2026-04-01 10:59:03 | INFO     | __main__:extract_pendencias:127 - --- INICIANDO SESSÃO (Batch 1, Página 1) ---
2026-04-01 10:59:07 | INFO     | __main__:_login:22 - Navegando para o login em https://49586312000118.veri.com.br//login
2026-04-01 10:59:08 | INFO     | __main__:_login:25 - Inserindo credenciais...
2026-04-01 10:59:09 | INFO     | __main__:_login:35 - Aguardando carregamento da área restrita...
2026-04-01 10:59:39 | ERROR    | __main__:extract_pendencias:228 - Erro Crítico na sessão: Timeout 30000ms exceeded.
=========================== logs ===========================
"domcontentloaded" event fired
"load" event fired
"commit" event fired
"domcontentloaded" event fired
"load" event fired
============================================================
2026-04-01 11:00:42 | INFO     | src.core.utils:clear_logs_directory:15 - Limpando diretório de saída: logs...
2026-04-01 11:00:42 | SUCCESS  | src.core.utils:clear_logs_directory:31 - Limpeza concluída com sucesso.
2026-04-01 11:00:42 | INFO     | __main__:extract_pendencias:127 - --- INICIANDO SESSÃO (Batch 1, Página 1) ---
2026-04-01 11:00:43 | INFO     | __main__:_login:22 - Navegando para o login em https://49586312000118.veri.com.br//login
2026-04-01 11:00:44 | INFO     | __main__:_login:25 - Inserindo credenciais...
2026-04-01 11:00:45 | INFO     | __main__:_login:35 - Aguardando carregamento da área restrita...
2026-04-01 11:01:15 | ERROR    | __main__:extract_pendencias:228 - Erro Crítico na sessão: Timeout 30000ms exceeded.
=========================== logs ===========================
"domcontentloaded" event fired
"load" event fired
"commit" event fired
"domcontentloaded" event fired
"load" event fired
============================================================
2026-04-01 11:12:35 | INFO     | src.core.utils:clear_logs_directory:15 - Limpando diretório de saída: logs...
2026-04-01 11:12:35 | SUCCESS  | src.core.utils:clear_logs_directory:31 - Limpeza concluída com sucesso.
2026-04-01 11:12:35 | INFO     | __main__:extract_pendencias:127 - --- INICIANDO SESSÃO (Batch 1, Página 1) ---
2026-04-01 11:12:37 | INFO     | __main__:_login:22 - Navegando para o login em https://49586312000118.veri.com.br//login
2026-04-01 11:12:39 | INFO     | __main__:_login:25 - Inserindo credenciais...
2026-04-01 11:12:40 | INFO     | __main__:_login:35 - Aguardando carregamento da área restrita...
2026-04-01 11:13:10 | ERROR    | __main__:extract_pendencias:228 - Erro Crítico na sessão: Timeout 30000ms exceeded.
=========================== logs ===========================
"domcontentloaded" event fired
"load" event fired
"commit" event fired
"domcontentloaded" event fired
"load" event fired
============================================================
2026-04-01 11:43:49 | INFO     | src.core.utils:clear_logs_directory:15 - Limpando diretório de saída: logs...
2026-04-01 11:43:49 | SUCCESS  | src.core.utils:clear_logs_directory:31 - Limpeza concluída com sucesso.
2026-04-01 11:43:49 | INFO     | __main__:extract_pendencias:136 - --- INICIANDO SESSÃO (Batch 1, Página 1) ---
2026-04-01 11:43:50 | INFO     | __main__:_login:22 - Navegando para o login em https://49586312000118.veri.com.br//login
2026-04-01 11:43:52 | INFO     | __main__:_login:25 - Inserindo credenciais...
2026-04-01 11:44:22 | ERROR    | __main__:extract_pendencias:238 - Erro Crítico na sessão: Locator.fill: Timeout 30000ms exceeded.
Call log:
  - waiting for locator("input[type='email'], input[name='email']").first

2026-04-01 11:53:14 | INFO     | src.core.utils:clear_logs_directory:15 - Limpando diretório de saída: logs...
2026-04-01 11:53:14 | SUCCESS  | src.core.utils:clear_logs_directory:31 - Limpeza concluída com sucesso.
2026-04-01 11:53:14 | INFO     | __main__:extract_pendencias:139 - --- INICIANDO SESSÃO (Batch 1, Página 1) ---
2026-04-01 11:53:16 | INFO     | __main__:_login:22 - Navegando para o login em https://49586312000118.veri.com.br//login
2026-04-01 11:53:17 | INFO     | __main__:_login:25 - Inserindo credenciais...
2026-04-01 11:53:19 | INFO     | __main__:_login:35 - Aguardando redirecionamento pós-login...
2026-04-01 11:53:23 | SUCCESS  | __main__:_login:50 - Logado com sucesso.
2026-04-01 11:53:23 | INFO     | __main__:extract_pendencias:161 - Navegando para lista geral (Resumo na pág 1)...
2026-04-01 11:53:24 | INFO     | __main__:extract_pendencias:174 - Processando página 1...
2026-04-01 11:53:24 | INFO     | __main__:extract_pendencias:177 - Encontradas 0 empresas com Pendência na página 1
2026-04-01 11:57:14 | INFO     | src.core.utils:clear_logs_directory:15 - Limpando diretório de saída: logs...
2026-04-01 11:57:14 | SUCCESS  | src.core.utils:clear_logs_directory:31 - Limpeza concluída com sucesso.
2026-04-01 11:57:14 | INFO     | __main__:extract_pendencias:139 - --- INICIANDO SESSÃO (Batch 1, Página 1) ---
2026-04-01 11:57:15 | INFO     | __main__:_login:22 - Navegando para o login em https://49586312000118.veri.com.br//login
2026-04-01 11:57:16 | INFO     | __main__:_login:25 - Inserindo credenciais...
2026-04-01 11:57:17 | INFO     | __main__:_login:35 - Aguardando redirecionamento pós-login...
2026-04-01 11:57:19 | SUCCESS  | __main__:_login:50 - Logado com sucesso.
2026-04-01 11:57:20 | INFO     | __main__:extract_pendencias:161 - Navegando para lista geral (Resumo na pág 1)...
2026-04-01 11:57:20 | INFO     | __main__:extract_pendencias:174 - Processando página 1...
2026-04-01 11:57:20 | INFO     | __main__:extract_pendencias:177 - Encontradas 0 empresas com Pendência na página 1
2026-04-01 11:58:38 | INFO     | src.core.utils:clear_logs_directory:15 - Limpando diretório de saída: logs...
2026-04-01 11:58:38 | SUCCESS  | src.core.utils:clear_logs_directory:31 - Limpeza concluída com sucesso.
2026-04-01 11:58:38 | INFO     | __main__:extract_pendencias:139 - --- INICIANDO SESSÃO (Batch 1, Página 1) ---
2026-04-01 11:58:40 | INFO     | __main__:_login:22 - Navegando para o login em https://49586312000118.veri.com.br//login
2026-04-01 11:58:41 | INFO     | __main__:_login:25 - Inserindo credenciais...
2026-04-01 11:58:42 | INFO     | __main__:_login:35 - Aguardando redirecionamento pós-login...
2026-04-01 11:58:44 | SUCCESS  | __main__:_login:50 - Logado com sucesso.
2026-04-01 11:58:44 | INFO     | __main__:extract_pendencias:161 - Navegando para lista geral (Resumo na pág 1)...
2026-04-01 11:58:45 | INFO     | __main__:extract_pendencias:174 - Processando página 1...
2026-04-01 11:58:45 | INFO     | __main__:extract_pendencias:177 - Encontradas 0 empresas com Pendência na página 1
2026-04-01 12:02:50 | INFO     | src.core.utils:clear_logs_directory:15 - Limpando diretório de saída: logs...
2026-04-01 12:02:50 | SUCCESS  | src.core.utils:clear_logs_directory:31 - Limpeza concluída com sucesso.
2026-04-01 12:02:50 | INFO     | __main__:extract_pendencias:139 - --- INICIANDO SESSÃO (Batch 1, Página 1) ---
2026-04-01 12:02:52 | INFO     | __main__:_login:22 - Navegando para o login em https://49586312000118.veri.com.br//login
2026-04-01 12:02:52 | INFO     | __main__:_login:25 - Inserindo credenciais...
2026-04-01 12:02:54 | INFO     | __main__:_login:35 - Aguardando redirecionamento pós-login...
2026-04-01 12:02:56 | SUCCESS  | __main__:_login:50 - Logado com sucesso.
2026-04-01 12:02:57 | INFO     | __main__:extract_pendencias:161 - Navegando para lista geral (Resumo na pág 1)...
2026-04-01 12:02:57 | INFO     | __main__:extract_pendencias:174 - Processando página 1...
2026-04-01 12:02:57 | INFO     | __main__:extract_pendencias:179 - Screenshot salvo em logs/debug_page_1.png
2026-04-01 12:02:58 | DEBUG    | __main__:extract_pendencias:183 - HTML (primeiros 3000 chars): 
    
  
  <script>
    (function (o, c, t, a, d, e, s, k) {
      o.octadesk = o.octadesk || {};
      o.octadesk.chatOptions = {
        subDomain: a,
        showButton: d,
        openOnMessage: e,
        hide: s
      };
      var bd = c.getElementsByTagName("body")[0];
      var sc = c.createElement("script");
      sc.async = 1;
      sc.src = t;
      bd.appendChild(sc);
    })(window, document, 'https://cdn.octadesk.com/embed.js', 'o201517-567',  'true', 'true', 'false');
  </script><script async="" src="https://cdn.octadesk.com/embed.js"></script> 
  <script>
    // Para identificar seus usuários você deve chamar esse método passando o nome e o email do usuário e opcionalmente informar o id de seu chat
    // Lembrando que isso é apenas um modelo teste. Você deve chamar esse método em seu site para efetuar o login. Você pode autenticar seu usuário em qualquer momento no fluxo do seu site.

    window.addEventListener('onOctaChatReady', function () {
      octadesk.chat.login({
        name: "ANDERSON", // Nome do seu usuário
        email: "anderson@norte-contabil.com" // E-mail do seu usuário
      });
    });
  </script>


  <!-- Botão Flutuante da Vera IA -->
  <script>
    (function() {
      // Aguarda o DOM estar pronto
      function initVeraFloatButton() {
        // Verifica se o botão já existe
        if (document.getElementById('btnVeraFloat')) {
          return;
        }

        // Cria o botão flutuante
        const btnVera = document.createElement('button');
        btnVera.type = 'button';
        btnVera.id = 'btnVeraFloat';
        btnVera.className = 'btn-vera-float';
        btnVera.title = 'Análise Fiscal com Vera';
        btnVera.setAttribute('aria-label', 'Acessar análise fiscal com inteligência artificial Vera');
        btnVera.onclick = function(e) {
          e.preventDefault();
          if (typeof abrirModalVera === 'function') {
            abrirModalVera();
          } else {
            // Fallback: redireciona se a função não estiver disponível
            window.location.href = 'https://49586312000118.veri.com.br/Veri_Ia/analise_fiscal';
          }
        };
        
        // Cria a imagem da Vera (imagem normal)
        const imgVera = document.createElement('img');
        imgVera.id = 'imgVeraNormal';
        imgVera.src = 'https://49586312000118.veri.com.br/assets/img/vera-ia/vera.png';
        imgVera.alt = 'Vera IA';
        imgVera.onerror = function() {
          // Se a imagem não carregar, usa um ícone como fallback
          this.style.display = 'none';
          btnVera.innerHTML = '<i class="fas fa-robot" style="color: white; font-size: 2rem;"></i>';
        };
        
        // Cria a imagem da Vera acenando (GIF animado)
        const imgVeraAcenando = document.createElement('img');
        imgVeraAcenando.id = 'imgVeraAcenando';
        imgVeraAcenando.src = 'https://49586312000118.veri.com.br/assets/img/vera-ia/vera_acenando.gif';
        imgVeraAcenando.alt = 'Vera IA Acena
2026-04-01 12:02:58 | INFO     | __main__:extract_pendencias:187 - HTML completo salvo em logs/debug_page_1.html
2026-04-01 12:02:58 | INFO     | __main__:extract_pendencias:191 - Encontradas 51 empresas com Pendência na página 1
2026-04-01 12:02:58 | INFO     | __main__:extract_pendencias:213 - [1] Processando: Empresa Desconhecida (Desconhecido)
2026-04-01 12:02:58 | INFO     | __main__:_handle_report_tab:55 - Iniciando captura de relatório...
2026-04-01 12:03:28 | ERROR    | __main__:_handle_report_tab:125 - Falha fatal ao processar relatório: Locator.evaluate: Timeout 30000ms exceeded.
Call log:
  - waiting for locator("tr, div, li, article").filter(has_text=re.compile(r"[Pp]end", re.IGNORECASE)).first.locator("a[aria-label='Visualizar'], a[aria-label='Download'], a[href*='storage.google']").first

2026-04-01 12:03:28 | INFO     | __main__:extract_pendencias:213 - [2] Processando: Empresa Desconhecida (Desconhecido)
2026-04-01 12:03:28 | INFO     | __main__:_handle_report_tab:55 - Iniciando captura de relatório...
2026-04-01 12:03:58 | ERROR    | __main__:_handle_report_tab:125 - Falha fatal ao processar relatório: Locator.evaluate: Timeout 30000ms exceeded.
Call log:
  - waiting for locator("tr, div, li, article").filter(has_text=re.compile(r"[Pp]end", re.IGNORECASE)).nth(1).locator("a[aria-label='Visualizar'], a[aria-label='Download'], a[href*='storage.google']").first

2026-04-01 12:03:58 | INFO     | __main__:extract_pendencias:213 - [3] Processando: Empresa Desconhecida (Desconhecido)
2026-04-01 12:03:58 | INFO     | __main__:_handle_report_tab:55 - Iniciando captura de relatório...
2026-04-01 12:04:04 | ERROR    | __main__:_handle_report_tab:125 - Falha fatal ao processar relatório: Locator.evaluate: Target page, context or browser has been closed
Call log:
  - waiting for locator("tr, div, li, article").filter(has_text=re.compile(r"[Pp]end", re.IGNORECASE)).nth(2).locator("a[aria-label='Visualizar'], a[aria-label='Download'], a[href*='storage.google']").first

2026-04-01 12:04:04 | ERROR    | __main__:extract_pendencias:255 - Erro Crítico na sessão: Locator.inner_text: Target page, context or browser has been closed
2026-04-02 09:34:26 | INFO     | src.core.utils:clear_logs_directory:15 - Limpando diretório de saída: logs...
2026-04-02 09:34:26 | SUCCESS  | src.core.utils:clear_logs_directory:31 - Limpeza concluída com sucesso.
2026-04-02 09:34:26 | INFO     | __main__:extract_pendencias:139 - --- INICIANDO SESSÃO (Batch 1, Página 1) ---
2026-04-02 09:34:28 | INFO     | __main__:_login:22 - Navegando para o login em https://49586312000118.veri.com.br//login
2026-04-02 09:34:30 | INFO     | __main__:_login:25 - Inserindo credenciais...
2026-04-02 09:34:31 | INFO     | __main__:_login:35 - Aguardando redirecionamento pós-login...
2026-04-02 09:34:41 | SUCCESS  | __main__:_login:50 - Logado com sucesso.
2026-04-02 09:34:41 | INFO     | __main__:extract_pendencias:161 - Navegando para lista geral (Resumo na pág 1)...
2026-04-02 09:34:42 | INFO     | __main__:extract_pendencias:174 - Processando página 1...
2026-04-02 09:34:42 | INFO     | __main__:extract_pendencias:181 - Encontradas 14 empresas com Pendência na página 1
2026-04-02 09:34:42 | INFO     | __main__:extract_pendencias:205 - [1] Processando: AG VINHOS E GASTRONOMIA LTDA (62.652.792/0001-36)
2026-04-02 09:34:42 | INFO     | __main__:extract_pendencias:217 - PDF encontrado: https://storage.googleapis.com/storagescrapings.appspot.com/ecac/49586312000118/situacao-fiscal-2026-03-30-62652792000136-3863411570872633889.pdf
2026-04-02 09:34:43 | INFO     | __main__:extract_pendencias:226 - Texto extraído (3433 chars). Analisando pendências...
2026-04-02 09:34:43 | INFO     | __main__:extract_pendencias:205 - [2] Processando: ALBUFEIRA COMERCIO DE ROUPAS LTDA (52.436.188/0001-19)
2026-04-02 09:34:43 | INFO     | __main__:extract_pendencias:217 - PDF encontrado: https://storage.googleapis.com/storagescrapings.appspot.com/ecac/49586312000118/situacao-fiscal-2026-03-23-52436188000119--6931117418446063149.pdf
2026-04-02 09:34:44 | INFO     | __main__:extract_pendencias:226 - Texto extraído (2337 chars). Analisando pendências...
2026-04-02 09:34:44 | INFO     | __main__:extract_pendencias:205 - [3] Processando: ANJU PARICIPACOES LIMITADA (11.233.811/0001-59)
2026-04-02 09:34:44 | INFO     | __main__:extract_pendencias:217 - PDF encontrado: https://storage.googleapis.com/storagescrapings.appspot.com/ecac/49586312000118/situacao-fiscal-2026-03-23-11233811000159--216889355149706004.pdf
2026-04-02 09:34:44 | INFO     | __main__:extract_pendencias:226 - Texto extraído (2102 chars). Analisando pendências...
2026-04-02 09:34:44 | INFO     | __main__:extract_pendencias:205 - [4] Processando: ARCO APOIO RODOVIARIO COLETIVO SA (16.199.705/0001-10)
2026-04-02 09:34:44 | INFO     | __main__:extract_pendencias:217 - PDF encontrado: https://storage.googleapis.com/storagescrapings.appspot.com/ecac/49586312000118/situacao-fiscal-2026-03-22-16199705000110--1115674656041178278.pdf
2026-04-02 09:34:44 | INFO     | __main__:extract_pendencias:226 - Texto extraído (2215 chars). Analisando pendências...
2026-04-02 09:34:44 | WARNING  | __main__:extract_pendencias:230 - SiefParser sem pendências. Primeiros 200 chars: MINISTÉRIO DA ECONOMIA Por meio do Integra Contador
SECRETARIA ESPECIAL DA RECEITA FEDERAL DO BRASIL Autor pedido: 49.586.312/0001-18. Contratante: 28.408.293/0001-60
PROCURADORIA-GERAL DA FAZENDA NAC
2026-04-02 09:34:44 | INFO     | __main__:extract_pendencias:205 - [5] Processando: BAHIA FARMS INVESTIMENTOS AGRICOLAS LTDA (09.106.487/0001-66)
2026-04-02 09:34:44 | INFO     | __main__:extract_pendencias:217 - PDF encontrado: https://storage.googleapis.com/storagescrapings.appspot.com/ecac/49586312000118/situacao-fiscal-2026-03-22-09106487000166-4985850012935957151.pdf
2026-04-02 09:34:46 | INFO     | __main__:extract_pendencias:226 - Texto extraído (16955 chars). Analisando pendências...
2026-04-02 09:34:46 | INFO     | __main__:extract_pendencias:205 - [6] Processando: BAHIA LAND CONSULTORIA DE NEGOCIOS E INVESTIMENTOS LTDA (09.023.277/0001-04)
2026-04-02 09:34:46 | INFO     | __main__:extract_pendencias:217 - PDF encontrado: https://storage.googleapis.com/storagescrapings.appspot.com/ecac/49586312000118/situacao-fiscal-2026-03-22-09023277000104-464196477399490054.pdf
2026-04-02 09:34:46 | INFO     | __main__:extract_pendencias:226 - Texto extraído (2385 chars). Analisando pendências...
2026-04-02 09:34:46 | INFO     | __main__:extract_pendencias:205 - [7] Processando: BLANCO IMOBILIARIA E ADMINISTRADORA LTDA (06.915.315/0001-45)
2026-04-02 09:34:46 | INFO     | __main__:extract_pendencias:217 - PDF encontrado: https://storage.googleapis.com/storagescrapings.appspot.com/ecac/49586312000118/situacao-fiscal-2026-03-22-06915315000145-7974848014539048285.pdf
2026-04-02 09:34:47 | INFO     | __main__:extract_pendencias:226 - Texto extraído (11255 chars). Analisando pendências...
2026-04-02 09:34:47 | INFO     | __main__:extract_pendencias:205 - [8] Processando: C G F EMPRENDIMENTO EDUCACIONAL ALFABETO LTDA (58.140.131/0001-54)
2026-04-02 09:34:47 | INFO     | __main__:extract_pendencias:217 - PDF encontrado: https://storage.googleapis.com/storagescrapings.appspot.com/ecac/49586312000118/situacao-fiscal-2026-03-23-58140131000154--229093149506137841.pdf
2026-04-02 09:34:47 | INFO     | __main__:extract_pendencias:226 - Texto extraído (2636 chars). Analisando pendências...
2026-04-02 09:34:47 | WARNING  | __main__:extract_pendencias:230 - SiefParser sem pendências. Primeiros 200 chars: MINISTÉRIO DA ECONOMIA Por meio do Integra Contador
SECRETARIA ESPECIAL DA RECEITA FEDERAL DO BRASIL Autor pedido: 49.586.312/0001-18. Contratante: 28.408.293/0001-60
PROCURADORIA-GERAL DA FAZENDA NAC
2026-04-02 09:34:47 | INFO     | __main__:extract_pendencias:205 - [9] Processando: CAMILLA PINON ALPHONSE KARR (25.196.780/0001-18)
2026-04-02 09:34:47 | INFO     | __main__:extract_pendencias:217 - PDF encontrado: https://storage.googleapis.com/storagescrapings.appspot.com/ecac/49586312000118/situacao-fiscal-2026-03-23-25196780000118--7735344997704286443.pdf
2026-04-02 09:34:48 | INFO     | __main__:extract_pendencias:226 - Texto extraído (3324 chars). Analisando pendências...
2026-04-02 09:34:48 | INFO     | __main__:extract_pendencias:205 - [10] Processando: CCA REPARACAO DE CALCADOS E BOLSAS LTDA (04.778.322/0001-17)
2026-04-02 09:34:48 | INFO     | __main__:extract_pendencias:217 - PDF encontrado: https://storage.googleapis.com/storagescrapings.appspot.com/ecac/49586312000118/situacao-fiscal-2026-03-22-04778322000117-2815811565108882909.pdf
2026-04-02 09:34:48 | INFO     | __main__:extract_pendencias:226 - Texto extraído (10502 chars). Analisando pendências...
2026-04-02 09:34:48 | INFO     | __main__:extract_pendencias:205 - [11] Processando: CEMECOR CENTRO MEDICO CARDIOLOGICO S/C LTDA (00.807.080/0001-91)
2026-04-02 09:34:48 | INFO     | __main__:extract_pendencias:217 - PDF encontrado: https://storage.googleapis.com/storagescrapings.appspot.com/ecac/49586312000118/situacao-fiscal-2026-03-22-00807080000191--947606970051043909.pdf
2026-04-02 09:34:49 | INFO     | __main__:extract_pendencias:226 - Texto extraído (6471 chars). Analisando pendências...
2026-04-02 09:34:49 | INFO     | __main__:extract_pendencias:205 - [12] Processando: CENTRAL DO DENTE - CLINICA ODONTOLOGICA LTDA (08.154.181/0001-12)
2026-04-02 09:34:49 | INFO     | __main__:extract_pendencias:217 - PDF encontrado: https://storage.googleapis.com/storagescrapings.appspot.com/ecac/49586312000118/situacao-fiscal-2026-03-22-08154181000112-1696930600771598379.pdf
2026-04-02 09:34:51 | INFO     | __main__:extract_pendencias:226 - Texto extraído (35021 chars). Analisando pendências...
2026-04-02 09:34:51 | INFO     | __main__:extract_pendencias:205 - [13] Processando: CERAMICA REAL LTDA (14.757.660/0001-26)
2026-04-02 09:34:51 | INFO     | __main__:extract_pendencias:217 - PDF encontrado: https://storage.googleapis.com/storagescrapings.appspot.com/ecac/49586312000118/situacao-fiscal-2026-03-22-14757660000126--7552226674964463417.pdf
2026-04-02 09:34:52 | INFO     | __main__:extract_pendencias:226 - Texto extraído (2751 chars). Analisando pendências...
2026-04-02 09:34:52 | INFO     | __main__:extract_pendencias:205 - [14] Processando: CLIMACONTTROL AR CONDICIONADOS LTDA (42.159.055/0001-99)
2026-04-02 09:34:52 | INFO     | __main__:extract_pendencias:217 - PDF encontrado: https://storage.googleapis.com/storagescrapings.appspot.com/ecac/49586312000118/situacao-fiscal-2026-03-22-42159055000199-760310323905379302.pdf
2026-04-02 09:34:52 | INFO     | __main__:extract_pendencias:226 - Texto extraído (3321 chars). Analisando pendências...
2026-04-02 09:34:52 | INFO     | __main__:extract_pendencias:174 - Processando página 2...
2026-04-02 09:34:52 | INFO     | __main__:extract_pendencias:181 - Encontradas 12 empresas com Pendência na página 2
2026-04-02 09:34:52 | INFO     | __main__:extract_pendencias:205 - [15] Processando: CORPORATIVA REVESTIMENTOS METALICOS LTDA (44.573.989/0001-06)
2026-04-02 09:34:52 | INFO     | __main__:extract_pendencias:217 - PDF encontrado: https://storage.googleapis.com/storagescrapings.appspot.com/ecac/49586312000118/situacao-fiscal-2026-03-23-44573989000106-2573134151109196754.pdf
2026-04-02 09:34:53 | INFO     | __main__:extract_pendencias:226 - Texto extraído (9896 chars). Analisando pendências...
2026-04-02 09:34:53 | INFO     | __main__:extract_pendencias:205 - [16] Processando: D L COMERCIO DE ALIMENTOS LTDA (28.590.601/0001-10)
2026-04-02 09:34:53 | INFO     | __main__:extract_pendencias:217 - PDF encontrado: https://storage.googleapis.com/storagescrapings.appspot.com/ecac/49586312000118/situacao-fiscal-2026-03-22-28590601000110--2456328314277873389.pdf
2026-04-02 09:34:55 | INFO     | __main__:extract_pendencias:226 - Texto extraído (24057 chars). Analisando pendências...
2026-04-02 09:34:55 | INFO     | __main__:extract_pendencias:205 - [17] Processando: D. A. MACEDO (15.360.279/0002-72)
2026-04-02 09:34:55 | INFO     | __main__:extract_pendencias:217 - PDF encontrado: https://storage.googleapis.com/storagescrapings.appspot.com/ecac/49586312000118/situacao-fiscal-2026-03-22-15360279000272--2504344840447351698.pdf
2026-04-02 09:34:55 | INFO     | __main__:extract_pendencias:226 - Texto extraído (5864 chars). Analisando pendências...
2026-04-02 09:34:56 | INFO     | __main__:extract_pendencias:205 - [18] Processando: DARCYDIAS REPRESENTACOES LTDA MICRO EMPRESA (13.709.910/0001-90)
2026-04-02 09:34:56 | INFO     | __main__:extract_pendencias:217 - PDF encontrado: https://storage.googleapis.com/storagescrapings.appspot.com/ecac/49586312000118/situacao-fiscal-2026-03-22-13709910000190-2758944589051948715.pdf
2026-04-02 09:34:57 | INFO     | __main__:extract_pendencias:226 - Texto extraído (17489 chars). Analisando pendências...
2026-04-02 09:34:57 | INFO     | __main__:extract_pendencias:205 - [19] Processando: DELTALINE SERVICOS LTDA. (01.813.680/0001-25)
2026-04-02 09:34:57 | INFO     | __main__:extract_pendencias:217 - PDF encontrado: https://storage.googleapis.com/storagescrapings.appspot.com/ecac/49586312000118/situacao-fiscal-2026-03-23-01813680000125-8152271257999655685.pdf
2026-04-02 09:34:57 | INFO     | __main__:extract_pendencias:226 - Texto extraído (2839 chars). Analisando pendências...
2026-04-02 09:34:57 | WARNING  | __main__:extract_pendencias:230 - SiefParser sem pendências. Primeiros 200 chars: MINISTÉRIO DA ECONOMIA Por meio do Integra Contador
SECRETARIA ESPECIAL DA RECEITA FEDERAL DO BRASIL Autor pedido: 49.586.312/0001-18. Contratante: 28.408.293/0001-60
PROCURADORIA-GERAL DA FAZENDA NAC
2026-04-02 09:34:57 | INFO     | __main__:extract_pendencias:205 - [20] Processando: DINAMO SALVADOR LTDA (60.205.781/0001-82)
2026-04-02 09:34:57 | INFO     | __main__:extract_pendencias:217 - PDF encontrado: https://storage.googleapis.com/storagescrapings.appspot.com/ecac/49586312000118/situacao-fiscal-2026-03-23-60205781000182--8195790157802095307.pdf
2026-04-02 09:34:57 | INFO     | __main__:extract_pendencias:226 - Texto extraído (2913 chars). Analisando pendências...
2026-04-02 09:34:58 | INFO     | __main__:extract_pendencias:205 - [21] Processando: EMPORIO ESSENCE COMERCIO LTDA (53.077.162/0001-94)
2026-04-02 09:34:58 | INFO     | __main__:extract_pendencias:217 - PDF encontrado: https://storage.googleapis.com/storagescrapings.appspot.com/ecac/49586312000118/situacao-fiscal-2026-03-22-53077162000194--159281994498161803.pdf
2026-04-02 09:34:58 | INFO     | __main__:extract_pendencias:226 - Texto extraído (3006 chars). Analisando pendências...
2026-04-02 09:34:58 | INFO     | __main__:extract_pendencias:205 - [22] Processando: EXTERNATO MATER ET MAGISTRA E COM DE MAT DIDATICO LTDA (13.064.209/0001-60)
2026-04-02 09:34:58 | INFO     | __main__:extract_pendencias:217 - PDF encontrado: https://storage.googleapis.com/storagescrapings.appspot.com/ecac/49586312000118/situacao-fiscal-2026-03-22-13064209000160-7098203898973879490.pdf
2026-04-02 09:34:59 | INFO     | __main__:extract_pendencias:226 - Texto extraído (27982 chars). Analisando pendências...
2026-04-02 09:35:00 | INFO     | __main__:extract_pendencias:205 - [23] Processando: GUARAJUBAIMOB NEGOCIOS IMOBILIARIOS LTDA (27.371.776/0001-74)
2026-04-02 09:35:00 | INFO     | __main__:extract_pendencias:217 - PDF encontrado: https://storage.googleapis.com/storagescrapings.appspot.com/ecac/49586312000118/situacao-fiscal-2026-03-22-27371776000174--1340375113077698026.pdf
2026-04-02 09:35:00 | INFO     | __main__:extract_pendencias:226 - Texto extraído (3554 chars). Analisando pendências...
2026-04-02 09:35:00 | INFO     | __main__:extract_pendencias:205 - [24] Processando: H. Z. PATRIMONIAL LTDA. (10.791.569/0001-76)
2026-04-02 09:35:00 | INFO     | __main__:extract_pendencias:217 - PDF encontrado: https://storage.googleapis.com/storagescrapings.appspot.com/ecac/49586312000118/situacao-fiscal-2026-03-23-10791569000176--287732326669405802.pdf
2026-04-02 09:35:00 | INFO     | __main__:extract_pendencias:226 - Texto extraído (3369 chars). Analisando pendências...
2026-04-02 09:35:00 | INFO     | __main__:extract_pendencias:205 - [25] Processando: HOTEIS E TURISMO ITAPOAN LTDA. (14.309.694/0001-58)
2026-04-02 09:35:00 | INFO     | __main__:extract_pendencias:217 - PDF encontrado: https://storage.googleapis.com/storagescrapings.appspot.com/ecac/49586312000118/situacao-fiscal-2026-03-22-14309694000158--7349120339436456674.pdf
2026-04-02 09:35:02 | INFO     | __main__:extract_pendencias:226 - Texto extraído (23448 chars). Analisando pendências...
2026-04-02 09:35:02 | INFO     | __main__:extract_pendencias:205 - [26] Processando: IMPACT SERVICES INTEGRADOS EM SOLUCOES INDUSTRIAIS LTDA (18.953.881/0001-20)
2026-04-02 09:35:02 | INFO     | __main__:extract_pendencias:217 - PDF encontrado: https://storage.googleapis.com/storagescrapings.appspot.com/ecac/49586312000118/situacao-fiscal-2026-03-22-18953881000120-4197620557680902243.pdf
2026-04-02 09:35:03 | INFO     | __main__:extract_pendencias:226 - Texto extraído (4599 chars). Analisando pendências...
2026-04-02 09:35:03 | INFO     | __main__:extract_pendencias:174 - Processando página 3...
2026-04-02 09:35:03 | INFO     | __main__:extract_pendencias:181 - Encontradas 22 empresas com Pendência na página 3
2026-04-02 09:35:03 | INFO     | __main__:extract_pendencias:205 - [27] Processando: ITACIMIRIM PARTICIPACOES E EMPREENDIMENTOS S.A. (61.229.885/0001-90)
2026-04-02 09:35:03 | INFO     | __main__:extract_pendencias:217 - PDF encontrado: https://storage.googleapis.com/storagescrapings.appspot.com/ecac/49586312000118/situacao-fiscal-2026-03-23-61229885000190-1467916808066979605.pdf
2026-04-02 09:35:04 | INFO     | __main__:extract_pendencias:226 - Texto extraído (2226 chars). Analisando pendências...
2026-04-02 09:35:04 | INFO     | __main__:extract_pendencias:205 - [28] Processando: J R J - SERVICOS MEDICOS E CIRURGICOS LTDA. (12.756.985/0001-69)
2026-04-02 09:35:04 | INFO     | __main__:extract_pendencias:217 - PDF encontrado: https://storage.googleapis.com/storagescrapings.appspot.com/ecac/49586312000118/situacao-fiscal-2026-03-22-12756985000169-8474322918594848125.pdf
2026-04-02 09:35:05 | INFO     | __main__:extract_pendencias:226 - Texto extraído (10513 chars). Analisando pendências...
2026-04-02 09:35:05 | INFO     | __main__:extract_pendencias:205 - [29] Processando: J. MACEDO AGROPECUARIA LTDA (04.692.740/0001-97)
2026-04-02 09:35:05 | INFO     | __main__:extract_pendencias:217 - PDF encontrado: https://storage.googleapis.com/storagescrapings.appspot.com/ecac/49586312000118/situacao-fiscal-2026-03-23-04692740000197-4760787989284545262.pdf
2026-04-02 09:35:05 | INFO     | __main__:extract_pendencias:226 - Texto extraído (2944 chars). Analisando pendências...
2026-04-02 09:35:05 | WARNING  | __main__:extract_pendencias:230 - SiefParser sem pendências. Primeiros 200 chars: MINISTÉRIO DA ECONOMIA Por meio do Integra Contador
SECRETARIA ESPECIAL DA RECEITA FEDERAL DO BRASIL Autor pedido: 49.586.312/0001-18. Contratante: 28.408.293/0001-60
PROCURADORIA-GERAL DA FAZENDA NAC
2026-04-02 09:35:05 | INFO     | __main__:extract_pendencias:205 - [30] Processando: JEAR ENSINO MEDIO LTDA. (04.607.567/0001-81)
2026-04-02 09:35:05 | INFO     | __main__:extract_pendencias:217 - PDF encontrado: https://storage.googleapis.com/storagescrapings.appspot.com/ecac/49586312000118/situacao-fiscal-2026-03-22-04607567000181--7016084109666594859.pdf
2026-04-02 09:35:07 | INFO     | __main__:extract_pendencias:226 - Texto extraído (33780 chars). Analisando pendências...
2026-04-02 09:35:07 | INFO     | __main__:extract_pendencias:205 - [31] Processando: JORGE RIBEIRO CORTIZO (20.734.790/0001-46)
2026-04-02 09:35:07 | INFO     | __main__:extract_pendencias:217 - PDF encontrado: https://storage.googleapis.com/storagescrapings.appspot.com/ecac/49586312000118/situacao-fiscal-2026-03-23-20734790000146-3341626691310762901.pdf
2026-04-02 09:35:08 | INFO     | __main__:extract_pendencias:226 - Texto extraído (4263 chars). Analisando pendências...
2026-04-02 09:35:08 | INFO     | __main__:extract_pendencias:205 - [32] Processando: K T - ENSINO FUNDAMENTAL LTDA. (07.008.842/0001-39)
2026-04-02 09:35:08 | INFO     | __main__:extract_pendencias:217 - PDF encontrado: https://storage.googleapis.com/storagescrapings.appspot.com/ecac/49586312000118/situacao-fiscal-2026-03-22-07008842000139--6523814260091352915.pdf
2026-04-02 09:35:09 | INFO     | __main__:extract_pendencias:226 - Texto extraído (11223 chars). Analisando pendências...
2026-04-02 09:35:09 | INFO     | __main__:extract_pendencias:205 - [33] Processando: KETPU COMERCIO DE ARTIGOS DO VESTUÁRIO LTDA (36.126.523/0001-26)
2026-04-02 09:35:09 | INFO     | __main__:extract_pendencias:217 - PDF encontrado: https://storage.googleapis.com/storagescrapings.appspot.com/ecac/49586312000118/situacao-fiscal-2026-03-22-36126523000126--181914986123999196.pdf
2026-04-02 09:35:09 | INFO     | __main__:extract_pendencias:226 - Texto extraído (2762 chars). Analisando pendências...
2026-04-02 09:35:09 | INFO     | __main__:extract_pendencias:205 - [34] Processando: LACERDA PATRIMONIAL LTDA. (06.314.992/0001-08)
2026-04-02 09:35:09 | INFO     | __main__:extract_pendencias:217 - PDF encontrado: https://storage.googleapis.com/storagescrapings.appspot.com/ecac/49586312000118/situacao-fiscal-2026-03-23-06314992000108--5197804008296975398.pdf
2026-04-02 09:35:10 | INFO     | __main__:extract_pendencias:226 - Texto extraído (13859 chars). Analisando pendências...
2026-04-02 09:35:10 | INFO     | __main__:extract_pendencias:205 - [35] Processando: LAURINDO FREIRE TELES LIMA (38.005.116/0001-96)
2026-04-02 09:35:10 | INFO     | __main__:extract_pendencias:217 - PDF encontrado: https://storage.googleapis.com/storagescrapings.appspot.com/ecac/49586312000118/situacao-fiscal-2026-03-22-38005116000196--6667419298651834490.pdf
2026-04-02 09:35:11 | INFO     | __main__:extract_pendencias:226 - Texto extraído (2233 chars). Analisando pendências...
2026-04-02 09:35:11 | INFO     | __main__:extract_pendencias:205 - [36] Processando: MACEDO COMERCIAL DE CALCADOS LTDA (04.074.648/0001-63)
2026-04-02 09:35:11 | INFO     | __main__:extract_pendencias:217 - PDF encontrado: https://storage.googleapis.com/storagescrapings.appspot.com/ecac/49586312000118/situacao-fiscal-2026-03-22-04074648000163--4235226458941218589.pdf
2026-04-02 09:35:13 | INFO     | __main__:extract_pendencias:226 - Texto extraído (36573 chars). Analisando pendências...
2026-04-02 09:35:13 | INFO     | __main__:extract_pendencias:205 - [37] Processando: MACEDO COMERCIAL DE CALCADOS LTDA (04.074.648/0002-44)
2026-04-02 09:35:13 | INFO     | __main__:extract_pendencias:217 - PDF encontrado: https://storage.googleapis.com/storagescrapings.appspot.com/ecac/49586312000118/situacao-fiscal-2026-03-22-04074648000244--7399755929345326077.pdf
2026-04-02 09:35:15 | INFO     | __main__:extract_pendencias:226 - Texto extraído (37041 chars). Analisando pendências...
2026-04-02 09:35:15 | INFO     | __main__:extract_pendencias:205 - [38] Processando: MACEDO COMERCIAL DE CALCADOS LTDA (04.074.648/0003-25)
2026-04-02 09:35:15 | INFO     | __main__:extract_pendencias:217 - PDF encontrado: https://storage.googleapis.com/storagescrapings.appspot.com/ecac/49586312000118/situacao-fiscal-2026-03-22-04074648000325-2737280918258541072.pdf
2026-04-02 09:35:17 | INFO     | __main__:extract_pendencias:226 - Texto extraído (36998 chars). Analisando pendências...
2026-04-02 09:35:17 | INFO     | __main__:extract_pendencias:205 - [39] Processando: MACEDO COMERCIAL DE CALCADOS LTDA (04.074.648/0004-06)
2026-04-02 09:35:17 | INFO     | __main__:extract_pendencias:217 - PDF encontrado: https://storage.googleapis.com/storagescrapings.appspot.com/ecac/49586312000118/situacao-fiscal-2026-03-22-04074648000406--8916785114437106138.pdf
2026-04-02 09:35:19 | INFO     | __main__:extract_pendencias:226 - Texto extraído (37033 chars). Analisando pendências...
2026-04-02 09:35:19 | INFO     | __main__:extract_pendencias:205 - [40] Processando: MAPLE REVESTIMENTO LTDA (62.328.532/0001-00)
2026-04-02 09:35:19 | INFO     | __main__:extract_pendencias:217 - PDF encontrado: https://storage.googleapis.com/storagescrapings.appspot.com/ecac/49586312000118/situacao-fiscal-2026-03-23-62328532000100--1832866134590838106.pdf
2026-04-02 09:35:20 | INFO     | __main__:extract_pendencias:226 - Texto extraído (2273 chars). Analisando pendências...
2026-04-02 09:35:20 | INFO     | __main__:extract_pendencias:205 - [41] Processando: MASSA ALIMENTAÇÃO E SERVIÇOS S/A (09.033.381/0001-80)
2026-04-02 09:35:20 | INFO     | __main__:extract_pendencias:217 - PDF encontrado: https://storage.googleapis.com/storagescrapings.appspot.com/ecac/49586312000118/situacao-fiscal-2026-03-23-09033381000180-5990461064610859177.pdf
2026-04-02 09:35:21 | INFO     | __main__:extract_pendencias:226 - Texto extraído (32311 chars). Analisando pendências...
2026-04-02 09:35:21 | INFO     | __main__:extract_pendencias:205 - [42] Processando: MASSA ALIMENTAÇÃO E SERVIÇOS S/A (09.033.381/0004-22)
2026-04-02 09:35:21 | INFO     | __main__:extract_pendencias:217 - PDF encontrado: https://storage.googleapis.com/storagescrapings.appspot.com/ecac/49586312000118/situacao-fiscal-2026-03-23-09033381000422-8672543709047679293.pdf
2026-04-02 09:35:23 | INFO     | __main__:extract_pendencias:226 - Texto extraído (32796 chars). Analisando pendências...
2026-04-02 09:35:23 | INFO     | __main__:extract_pendencias:205 - [43] Processando: MASSA ALIMENTAÇÃO E SERVIÇOS S/A (09.033.381/0009-37)
2026-04-02 09:35:23 | INFO     | __main__:extract_pendencias:217 - PDF encontrado: https://storage.googleapis.com/storagescrapings.appspot.com/ecac/49586312000118/situacao-fiscal-2026-03-23-09033381000937-8280534041280685639.pdf
2026-04-02 09:35:25 | INFO     | __main__:extract_pendencias:226 - Texto extraído (32819 chars). Analisando pendências...
2026-04-02 09:35:25 | INFO     | __main__:extract_pendencias:205 - [44] Processando: MASSA ALIMENTAÇÃO E SERVIÇOS S/A (09.033.381/0014-02)
2026-04-02 09:35:25 | INFO     | __main__:extract_pendencias:217 - PDF encontrado: https://storage.googleapis.com/storagescrapings.appspot.com/ecac/49586312000118/situacao-fiscal-2026-03-23-09033381001402-2071003489518714214.pdf
2026-04-02 09:35:27 | INFO     | __main__:extract_pendencias:226 - Texto extraído (32781 chars). Analisando pendências...
2026-04-02 09:35:27 | INFO     | __main__:extract_pendencias:205 - [45] Processando: MASSA ALIMENTAÇÃO E SERVIÇOS S/A (09.033.381/0005-03)
2026-04-02 09:35:27 | INFO     | __main__:extract_pendencias:217 - PDF encontrado: https://storage.googleapis.com/storagescrapings.appspot.com/ecac/49586312000118/situacao-fiscal-2026-03-22-09033381000503--2284161129880219835.pdf
2026-04-02 09:35:29 | INFO     | __main__:extract_pendencias:226 - Texto extraído (32733 chars). Analisando pendências...
2026-04-02 09:35:29 | INFO     | __main__:extract_pendencias:205 - [46] Processando: MASSA ALIMENTAÇÃO E SERVIÇOS S/A (09.033.381/0012-32)
2026-04-02 09:35:29 | INFO     | __main__:extract_pendencias:217 - PDF encontrado: https://storage.googleapis.com/storagescrapings.appspot.com/ecac/49586312000118/situacao-fiscal-2026-03-22-09033381001232--1744436734755247566.pdf
2026-04-02 09:35:30 | INFO     | __main__:extract_pendencias:226 - Texto extraído (32829 chars). Analisando pendências...
2026-04-02 09:35:30 | INFO     | __main__:extract_pendencias:205 - [47] Processando: MAX CALCADOS DA BAHIA LTDA. (22.331.256/0001-14)
2026-04-02 09:35:30 | INFO     | __main__:extract_pendencias:217 - PDF encontrado: https://storage.googleapis.com/storagescrapings.appspot.com/ecac/49586312000118/situacao-fiscal-2026-03-22-22331256000114-6110444356675683014.pdf
2026-04-02 09:35:32 | INFO     | __main__:extract_pendencias:226 - Texto extraído (34200 chars). Analisando pendências...
2026-04-02 09:35:32 | INFO     | __main__:extract_pendencias:205 - [48] Processando: META - EMPREENDIMENTOS EDUCACIONAIS LTDA. (04.805.083/0001-47)
2026-04-02 09:35:32 | INFO     | __main__:extract_pendencias:217 - PDF encontrado: https://storage.googleapis.com/storagescrapings.appspot.com/ecac/49586312000118/situacao-fiscal-2026-03-23-04805083000147-6387373286457723174.pdf
2026-04-02 09:35:33 | INFO     | __main__:extract_pendencias:226 - Texto extraído (2222 chars). Analisando pendências...
2026-04-02 09:35:33 | WARNING  | __main__:extract_pendencias:230 - SiefParser sem pendências. Primeiros 200 chars: MINISTÉRIO DA ECONOMIA Por meio do Integra Contador
SECRETARIA ESPECIAL DA RECEITA FEDERAL DO BRASIL Autor pedido: 49.586.312/0001-18. Contratante: 28.408.293/0001-60
PROCURADORIA-GERAL DA FAZENDA NAC
2026-04-02 09:35:33 | INFO     | __main__:extract_pendencias:174 - Processando página 4...
2026-04-02 09:35:33 | INFO     | __main__:extract_pendencias:181 - Encontradas 19 empresas com Pendência na página 4
2026-04-02 09:35:33 | INFO     | __main__:extract_pendencias:205 - [49] Processando: MINIMERCADO SANTO ANTONIO DE JESUS LTDA (63.801.749/0001-58)
2026-04-02 09:35:33 | INFO     | __main__:extract_pendencias:217 - PDF encontrado: https://storage.googleapis.com/storagescrapings.appspot.com/ecac/49586312000118/situacao-fiscal-2026-03-23-63801749000158--1137586685801120710.pdf
2026-04-02 09:35:33 | INFO     | __main__:extract_pendencias:226 - Texto extraído (2795 chars). Analisando pendências...
2026-04-02 09:35:33 | WARNING  | __main__:extract_pendencias:230 - SiefParser sem pendências. Primeiros 200 chars: MINISTÉRIO DA ECONOMIA Por meio do Integra Contador
SECRETARIA ESPECIAL DA RECEITA FEDERAL DO BRASIL Autor pedido: 49.586.312/0001-18. Contratante: 28.408.293/0001-60
PROCURADORIA-GERAL DA FAZENDA NAC
2026-04-02 09:35:33 | INFO     | __main__:extract_pendencias:205 - [50] Processando: MONUMENTAL DO BRASIL LTDA. (18.783.002/0001-60)
2026-04-02 09:35:33 | INFO     | __main__:extract_pendencias:217 - PDF encontrado: https://storage.googleapis.com/storagescrapings.appspot.com/ecac/49586312000118/situacao-fiscal-2026-03-22-18783002000160-8970695665579916823.pdf
2026-04-02 09:35:34 | INFO     | __main__:extract_pendencias:226 - Texto extraído (2755 chars). Analisando pendências...
2026-04-02 09:35:34 | WARNING  | __main__:extract_pendencias:250 - Lote de 50 atingido. Reiniciando sessão...
2026-04-02 09:35:34 | INFO     | __main__:extract_pendencias:139 - --- INICIANDO SESSÃO (Batch 2, Página 4) ---
2026-04-02 09:35:36 | INFO     | __main__:_login:22 - Navegando para o login em https://49586312000118.veri.com.br//login
2026-04-02 09:35:38 | INFO     | __main__:_login:25 - Inserindo credenciais...
2026-04-02 09:35:39 | INFO     | __main__:_login:35 - Aguardando redirecionamento pós-login...
2026-04-02 09:35:50 | SUCCESS  | __main__:_login:50 - Logado com sucesso.
2026-04-02 09:35:50 | INFO     | __main__:extract_pendencias:161 - Navegando para lista geral (Resumo na pág 4)...
2026-04-02 09:35:51 | INFO     | __main__:extract_pendencias:167 - Avançando para página 2 para retomar...
2026-04-02 09:35:53 | INFO     | __main__:extract_pendencias:167 - Avançando para página 3 para retomar...
2026-04-02 09:35:54 | INFO     | __main__:extract_pendencias:167 - Avançando para página 4 para retomar...
2026-04-02 09:35:55 | INFO     | __main__:extract_pendencias:174 - Processando página 4...
2026-04-02 09:35:55 | INFO     | __main__:extract_pendencias:181 - Encontradas 19 empresas com Pendência na página 4
2026-04-02 09:35:55 | INFO     | __main__:extract_pendencias:205 - [51] Processando: MINIMERCADO SANTO ANTONIO DE JESUS LTDA (63.801.749/0001-58)
2026-04-02 09:35:55 | INFO     | __main__:extract_pendencias:217 - PDF encontrado: https://storage.googleapis.com/storagescrapings.appspot.com/ecac/49586312000118/situacao-fiscal-2026-03-23-63801749000158--1137586685801120710.pdf
2026-04-02 09:35:55 | INFO     | __main__:extract_pendencias:226 - Texto extraído (2795 chars). Analisando pendências...
2026-04-02 09:35:55 | WARNING  | __main__:extract_pendencias:230 - SiefParser sem pendências. Primeiros 200 chars: MINISTÉRIO DA ECONOMIA Por meio do Integra Contador
SECRETARIA ESPECIAL DA RECEITA FEDERAL DO BRASIL Autor pedido: 49.586.312/0001-18. Contratante: 28.408.293/0001-60
PROCURADORIA-GERAL DA FAZENDA NAC
2026-04-02 09:35:56 | INFO     | __main__:extract_pendencias:205 - [52] Processando: MONUMENTAL DO BRASIL LTDA. (18.783.002/0001-60)
2026-04-02 09:35:56 | INFO     | __main__:extract_pendencias:217 - PDF encontrado: https://storage.googleapis.com/storagescrapings.appspot.com/ecac/49586312000118/situacao-fiscal-2026-03-22-18783002000160-8970695665579916823.pdf
2026-04-02 09:35:56 | INFO     | __main__:extract_pendencias:226 - Texto extraído (2755 chars). Analisando pendências...
2026-04-02 09:35:56 | INFO     | __main__:extract_pendencias:205 - [53] Processando: NACIONAL PARTICIPACOES S. A (24.605.630/0001-58)
2026-04-02 09:35:56 | INFO     | __main__:extract_pendencias:217 - PDF encontrado: https://storage.googleapis.com/storagescrapings.appspot.com/ecac/49586312000118/situacao-fiscal-2026-03-22-24605630000158-8788081521751736425.pdf
2026-04-02 09:35:56 | INFO     | __main__:extract_pendencias:226 - Texto extraído (2231 chars). Analisando pendências...
2026-04-02 09:35:56 | WARNING  | __main__:extract_pendencias:230 - SiefParser sem pendências. Primeiros 200 chars: MINISTÉRIO DA ECONOMIA Por meio do Integra Contador
SECRETARIA ESPECIAL DA RECEITA FEDERAL DO BRASIL Autor pedido: 49.586.312/0001-18. Contratante: 28.408.293/0001-60
PROCURADORIA-GERAL DA FAZENDA NAC
2026-04-02 09:35:56 | INFO     | __main__:extract_pendencias:205 - [54] Processando: NAUTICA INDUSTRIA E COMERCIO DE MOVEIS E SERVICOS LTDA (16.699.869/0002-97)
2026-04-02 09:35:56 | INFO     | __main__:extract_pendencias:217 - PDF encontrado: https://storage.googleapis.com/storagescrapings.appspot.com/ecac/49586312000118/situacao-fiscal-2026-03-31-16699869000297-6113883884928317280.pdf
2026-04-02 09:35:57 | INFO     | __main__:extract_pendencias:226 - Texto extraído (3530 chars). Analisando pendências...
2026-04-02 09:35:57 | INFO     | __main__:extract_pendencias:205 - [55] Processando: NORSAN CONSULTORIA EM GESTAO EMPRESARIAL LTDA (40.626.350/0001-82)
2026-04-02 09:35:57 | INFO     | __main__:extract_pendencias:217 - PDF encontrado: https://storage.googleapis.com/storagescrapings.appspot.com/ecac/49586312000118/situacao-fiscal-2026-03-22-40626350000182--1769875641616855234.pdf
2026-04-02 09:35:57 | INFO     | __main__:extract_pendencias:226 - Texto extraído (8165 chars). Analisando pendências...
2026-04-02 09:35:58 | INFO     | __main__:extract_pendencias:205 - [56] Processando: NOVE PATRIMONIAL LTDA (08.894.711/0001-69)
2026-04-02 09:35:58 | INFO     | __main__:extract_pendencias:217 - PDF encontrado: https://storage.googleapis.com/storagescrapings.appspot.com/ecac/49586312000118/situacao-fiscal-2026-03-22-08894711000169-7775181185419662075.pdf
2026-04-02 09:35:58 | INFO     | __main__:extract_pendencias:226 - Texto extraído (2979 chars). Analisando pendências...
2026-04-02 09:35:58 | WARNING  | __main__:extract_pendencias:230 - SiefParser sem pendências. Primeiros 200 chars: MINISTÉRIO DA ECONOMIA Por meio do Integra Contador
SECRETARIA ESPECIAL DA RECEITA FEDERAL DO BRASIL Autor pedido: 49.586.312/0001-18. Contratante: 28.408.293/0001-60
PROCURADORIA-GERAL DA FAZENDA NAC
2026-04-02 09:35:58 | INFO     | __main__:extract_pendencias:205 - [57] Processando: PARAISO EMPREENDIMENTOS LTDA (34.099.622/0001-30)
2026-04-02 09:35:58 | INFO     | __main__:extract_pendencias:217 - PDF encontrado: https://storage.googleapis.com/storagescrapings.appspot.com/ecac/49586312000118/situacao-fiscal-2026-03-22-34099622000130-8760383167027414016.pdf
2026-04-02 09:35:59 | INFO     | __main__:extract_pendencias:226 - Texto extraído (7600 chars). Analisando pendências...
2026-04-02 09:35:59 | INFO     | __main__:extract_pendencias:205 - [58] Processando: PATRIMONIAL LIBERDADE LTDA (04.872.981/0001-18)
2026-04-02 09:35:59 | INFO     | __main__:extract_pendencias:217 - PDF encontrado: https://storage.googleapis.com/storagescrapings.appspot.com/ecac/49586312000118/situacao-fiscal-2026-03-22-04872981000118--2524253674684715196.pdf
2026-04-02 09:35:59 | INFO     | __main__:extract_pendencias:226 - Texto extraído (2944 chars). Analisando pendências...
2026-04-02 09:35:59 | INFO     | __main__:extract_pendencias:205 - [59] Processando: PATRIMONIAL PELICANO LTDA (05.288.708/0001-03)
2026-04-02 09:35:59 | INFO     | __main__:extract_pendencias:217 - PDF encontrado: https://storage.googleapis.com/storagescrapings.appspot.com/ecac/49586312000118/situacao-fiscal-2026-03-22-05288708000103--3821511174181977507.pdf
2026-04-02 09:36:00 | INFO     | __main__:extract_pendencias:226 - Texto extraído (3736 chars). Analisando pendências...
2026-04-02 09:36:00 | INFO     | __main__:extract_pendencias:205 - [60] Processando: PATRIMONIAL SAO GONCALO LTDA. (07.224.478/0001-44)
2026-04-02 09:36:00 | INFO     | __main__:extract_pendencias:217 - PDF encontrado: https://storage.googleapis.com/storagescrapings.appspot.com/ecac/49586312000118/situacao-fiscal-2026-03-22-07224478000144-5249153833958698481.pdf
2026-04-02 09:36:00 | INFO     | __main__:extract_pendencias:226 - Texto extraído (2757 chars). Analisando pendências...
2026-04-02 09:36:00 | WARNING  | __main__:extract_pendencias:230 - SiefParser sem pendências. Primeiros 200 chars: MINISTÉRIO DA ECONOMIA Por meio do Integra Contador
SECRETARIA ESPECIAL DA RECEITA FEDERAL DO BRASIL Autor pedido: 49.586.312/0001-18. Contratante: 28.408.293/0001-60
PROCURADORIA-GERAL DA FAZENDA NAC
2026-04-02 09:36:00 | INFO     | __main__:extract_pendencias:205 - [61] Processando: PATROL CONSTRUCOES LTDA (01.086.932/0001-61)
2026-04-02 09:36:00 | INFO     | __main__:extract_pendencias:217 - PDF encontrado: https://storage.googleapis.com/storagescrapings.appspot.com/ecac/49586312000118/situacao-fiscal-2026-03-22-01086932000161-8619837155213949323.pdf
2026-04-02 09:36:01 | INFO     | __main__:extract_pendencias:226 - Texto extraído (20546 chars). Analisando pendências...
2026-04-02 09:36:01 | WARNING  | __main__:extract_pendencias:230 - SiefParser sem pendências. Primeiros 200 chars: MINISTÉRIO DA ECONOMIA Por meio do Integra Contador
SECRETARIA ESPECIAL DA RECEITA FEDERAL DO BRASIL Autor pedido: 49.586.312/0001-18. Contratante: 28.408.293/0001-60
PROCURADORIA-GERAL DA FAZENDA NAC
2026-04-02 09:36:01 | INFO     | __main__:extract_pendencias:205 - [62] Processando: PDK ADMINISTRADORA DE BENS LTDA (08.000.034/0001-98)
2026-04-02 09:36:01 | INFO     | __main__:extract_pendencias:217 - PDF encontrado: https://storage.googleapis.com/storagescrapings.appspot.com/ecac/49586312000118/situacao-fiscal-2026-03-22-08000034000198--3051340978107679016.pdf
2026-04-02 09:36:02 | INFO     | __main__:extract_pendencias:226 - Texto extraído (3182 chars). Analisando pendências...
2026-04-02 09:36:02 | INFO     | __main__:extract_pendencias:205 - [63] Processando: PH GESTAO E CONSULTORIA S.A. (25.311.856/0001-09)
2026-04-02 09:36:02 | INFO     | __main__:extract_pendencias:217 - PDF encontrado: https://storage.googleapis.com/storagescrapings.appspot.com/ecac/49586312000118/situacao-fiscal-2026-04-01-25311856000109--7730371823375727861.pdf
2026-04-02 09:36:03 | INFO     | __main__:extract_pendencias:226 - Texto extraído (4270 chars). Analisando pendências...
2026-04-02 09:36:03 | INFO     | __main__:extract_pendencias:205 - [64] Processando: PML REVESTIMENTOS LTDA (40.010.011/0001-77)
2026-04-02 09:36:03 | INFO     | __main__:extract_pendencias:217 - PDF encontrado: https://storage.googleapis.com/storagescrapings.appspot.com/ecac/49586312000118/situacao-fiscal-2026-03-22-40010011000177-1962331034918377653.pdf
2026-04-02 09:36:04 | INFO     | __main__:extract_pendencias:226 - Texto extraído (24258 chars). Analisando pendências...
2026-04-02 09:36:04 | INFO     | __main__:extract_pendencias:205 - [65] Processando: PML REVESTIMENTOS LTDA (40.010.011/0002-58)
2026-04-02 09:36:04 | INFO     | __main__:extract_pendencias:217 - PDF encontrado: https://storage.googleapis.com/storagescrapings.appspot.com/ecac/49586312000118/situacao-fiscal-2026-03-22-40010011000258--2886602731645555567.pdf
2026-04-02 09:36:06 | INFO     | __main__:extract_pendencias:226 - Texto extraído (24704 chars). Analisando pendências...
2026-04-02 09:36:06 | INFO     | __main__:extract_pendencias:205 - [66] Processando: PRIME ALUGUEL DE MAQUINAS LTDA (12.620.821/0001-00)
2026-04-02 09:36:06 | INFO     | __main__:extract_pendencias:217 - PDF encontrado: https://storage.googleapis.com/storagescrapings.appspot.com/ecac/49586312000118/situacao-fiscal-2026-03-22-12620821000100--5118744777336597713.pdf
2026-04-02 09:36:06 | INFO     | __main__:extract_pendencias:226 - Texto extraído (3205 chars). Analisando pendências...
2026-04-02 09:36:06 | INFO     | __main__:extract_pendencias:205 - [67] Processando: QUANTICO MOLDAVITA LTDA (37.250.815/0001-39)
2026-04-02 09:36:06 | INFO     | __main__:extract_pendencias:217 - PDF encontrado: https://storage.googleapis.com/storagescrapings.appspot.com/ecac/49586312000118/situacao-fiscal-2026-03-22-37250815000139--1482940856193367804.pdf
2026-04-02 09:36:07 | INFO     | __main__:extract_pendencias:226 - Texto extraído (2771 chars). Analisando pendências...
2026-04-02 09:36:07 | INFO     | __main__:extract_pendencias:205 - [68] Processando: RC COMERCIO DE ALIMENTOS LTDA (31.495.226/0001-34)
2026-04-02 09:36:07 | INFO     | __main__:extract_pendencias:217 - PDF encontrado: https://storage.googleapis.com/storagescrapings.appspot.com/ecac/49586312000118/situacao-fiscal-2026-03-22-31495226000134--6288399969561840307.pdf
2026-04-02 09:36:07 | INFO     | __main__:extract_pendencias:226 - Texto extraído (6434 chars). Analisando pendências...
2026-04-02 09:36:07 | INFO     | __main__:extract_pendencias:205 - [69] Processando: REINA PIANO LTDA (52.029.265/0001-16)
2026-04-02 09:36:07 | INFO     | __main__:extract_pendencias:217 - PDF encontrado: https://storage.googleapis.com/storagescrapings.appspot.com/ecac/49586312000118/situacao-fiscal-2026-03-22-52029265000116-3047105024233554251.pdf
2026-04-02 09:36:08 | INFO     | __main__:extract_pendencias:226 - Texto extraído (3127 chars). Analisando pendências...
2026-04-02 09:36:08 | INFO     | __main__:extract_pendencias:174 - Processando página 5...
2026-04-02 09:36:08 | INFO     | __main__:extract_pendencias:181 - Encontradas 19 empresas com Pendência na página 5
2026-04-02 09:36:08 | INFO     | __main__:extract_pendencias:205 - [70] Processando: ROBERTA COSTA CARDOSO (34.243.775/0001-00)
2026-04-02 09:36:08 | INFO     | __main__:extract_pendencias:217 - PDF encontrado: https://storage.googleapis.com/storagescrapings.appspot.com/ecac/49586312000118/situacao-fiscal-2026-03-22-34243775000100--7730795495872608124.pdf
2026-04-02 09:36:09 | INFO     | __main__:extract_pendencias:226 - Texto extraído (2824 chars). Analisando pendências...
2026-04-02 09:36:09 | INFO     | __main__:extract_pendencias:205 - [71] Processando: ROSEMERY ALMEIDA MACÊDO (04.689.608/0001-26)
2026-04-02 09:36:09 | INFO     | __main__:extract_pendencias:217 - PDF encontrado: https://storage.googleapis.com/storagescrapings.appspot.com/ecac/49586312000118/situacao-fiscal-2026-03-22-04689608000126-5035347269666126074.pdf
2026-04-02 09:36:11 | INFO     | __main__:extract_pendencias:226 - Texto extraído (40500 chars). Analisando pendências...
2026-04-02 09:36:11 | INFO     | __main__:extract_pendencias:205 - [72] Processando: ROSEMERY ALMEIDA MACÊDO (04.689.608/0002-07)
2026-04-02 09:36:11 | INFO     | __main__:extract_pendencias:217 - PDF encontrado: https://storage.googleapis.com/storagescrapings.appspot.com/ecac/49586312000118/situacao-fiscal-2026-03-22-04689608000207--6539721641449536089.pdf
2026-04-02 09:36:13 | INFO     | __main__:extract_pendencias:226 - Texto extraído (40905 chars). Analisando pendências...
2026-04-02 09:36:13 | INFO     | __main__:extract_pendencias:205 - [73] Processando: S A 4 MARKETING EMPRESARIAL LTDA. (09.199.339/0001-33)
2026-04-02 09:36:13 | INFO     | __main__:extract_pendencias:217 - PDF encontrado: https://storage.googleapis.com/storagescrapings.appspot.com/ecac/49586312000118/situacao-fiscal-2026-03-23-09199339000133--2884221539023569432.pdf
2026-04-02 09:36:13 | INFO     | __main__:extract_pendencias:226 - Texto extraído (2656 chars). Analisando pendências...
2026-04-02 09:36:13 | INFO     | __main__:extract_pendencias:205 - [74] Processando: S N COMERCIAL DE FERRAGENS E FERRAMENTAS LTDA (35.798.856/0001-39)
2026-04-02 09:36:13 | INFO     | __main__:extract_pendencias:217 - PDF encontrado: https://storage.googleapis.com/storagescrapings.appspot.com/ecac/49586312000118/situacao-fiscal-2026-03-22-35798856000139-4507698305692693613.pdf
2026-04-02 09:36:14 | INFO     | __main__:extract_pendencias:226 - Texto extraído (2835 chars). Analisando pendências...
2026-04-02 09:36:14 | INFO     | __main__:extract_pendencias:205 - [75] Processando: SARAVIMANA PATRIMONIAL LTDA. (04.904.636/0001-19)
2026-04-02 09:36:14 | INFO     | __main__:extract_pendencias:217 - PDF encontrado: https://storage.googleapis.com/storagescrapings.appspot.com/ecac/49586312000118/situacao-fiscal-2026-03-22-04904636000119-1754878582225490676.pdf
2026-04-02 09:36:14 | INFO     | __main__:extract_pendencias:226 - Texto extraído (3125 chars). Analisando pendências...
2026-04-02 09:36:14 | INFO     | __main__:extract_pendencias:205 - [76] Processando: SERRA DA ESTRELA PATRIMONIAL S/A. (04.091.558/0001-80)
2026-04-02 09:36:14 | INFO     | __main__:extract_pendencias:217 - PDF encontrado: https://storage.googleapis.com/storagescrapings.appspot.com/ecac/49586312000118/situacao-fiscal-2026-03-22-04091558000180-7621869976438010163.pdf
2026-04-02 09:36:14 | INFO     | __main__:extract_pendencias:226 - Texto extraído (2984 chars). Analisando pendências...
2026-04-02 09:36:14 | INFO     | __main__:extract_pendencias:205 - [77] Processando: SERVIR SEGURANCA E VIGILANCIA LTDA (02.642.837/0001-60)
2026-04-02 09:36:15 | INFO     | __main__:extract_pendencias:217 - PDF encontrado: https://storage.googleapis.com/storagescrapings.appspot.com/ecac/49586312000118/situacao-fiscal-2026-03-22-02642837000160-758447327262418931.pdf
2026-04-02 09:36:15 | INFO     | __main__:extract_pendencias:226 - Texto extraído (5900 chars). Analisando pendências...
2026-04-02 09:36:15 | WARNING  | __main__:extract_pendencias:230 - SiefParser sem pendências. Primeiros 200 chars: MINISTÉRIO DA ECONOMIA Por meio do Integra Contador
SECRETARIA ESPECIAL DA RECEITA FEDERAL DO BRASIL Autor pedido: 49.586.312/0001-18. Contratante: 28.408.293/0001-60
PROCURADORIA-GERAL DA FAZENDA NAC
2026-04-02 09:36:15 | INFO     | __main__:extract_pendencias:205 - [78] Processando: SINAL CONSTRUTORA LTDA (33.811.381/0001-48)
2026-04-02 09:36:15 | INFO     | __main__:extract_pendencias:217 - PDF encontrado: https://storage.googleapis.com/storagescrapings.appspot.com/ecac/49586312000118/situacao-fiscal-2026-03-23-33811381000148--6764336529499655746.pdf
2026-04-02 09:36:16 | INFO     | __main__:extract_pendencias:226 - Texto extraído (8696 chars). Analisando pendências...
2026-04-02 09:36:16 | WARNING  | __main__:extract_pendencias:230 - SiefParser sem pendências. Primeiros 200 chars: MINISTÉRIO DA ECONOMIA Por meio do Integra Contador
SECRETARIA ESPECIAL DA RECEITA FEDERAL DO BRASIL Autor pedido: 49.586.312/0001-18. Contratante: 28.408.293/0001-60
PROCURADORIA-GERAL DA FAZENDA NAC
2026-04-02 09:36:16 | INFO     | __main__:extract_pendencias:205 - [79] Processando: SINLOBA - SINDICATO DOS LOTERICOS E ASSEMELHADOS DO ESTADO DA BAHIA (04.964.315/0001-00)
2026-04-02 09:36:16 | INFO     | __main__:extract_pendencias:217 - PDF encontrado: https://storage.googleapis.com/storagescrapings.appspot.com/ecac/49586312000118/situacao-fiscal-2026-03-22-04964315000100--5425978697227333741.pdf
2026-04-02 09:36:16 | INFO     | __main__:extract_pendencias:226 - Texto extraído (2118 chars). Analisando pendências...
2026-04-02 09:36:16 | WARNING  | __main__:extract_pendencias:230 - SiefParser sem pendências. Primeiros 200 chars: MINISTÉRIO DA ECONOMIA Por meio do Integra Contador
SECRETARIA ESPECIAL DA RECEITA FEDERAL DO BRASIL Autor pedido: 49.586.312/0001-18. Contratante: 28.408.293/0001-60
PROCURADORIA-GERAL DA FAZENDA NAC
2026-04-02 09:36:16 | INFO     | __main__:extract_pendencias:205 - [80] Processando: STAUMMAQ SERVICOS TECNICOS AUTOMACAO MOTORES E MAQUINAS LTDA (02.370.080/0001-00)
2026-04-02 09:36:16 | INFO     | __main__:extract_pendencias:217 - PDF encontrado: https://storage.googleapis.com/storagescrapings.appspot.com/ecac/49586312000118/situacao-fiscal-2026-03-22-02370080000100-5474068387274290940.pdf
2026-04-02 09:36:17 | INFO     | __main__:extract_pendencias:226 - Texto extraído (10013 chars). Analisando pendências...
2026-04-02 09:36:17 | INFO     | __main__:extract_pendencias:205 - [81] Processando: STELU PATRIMONIAL LIMITADA (11.501.054/0001-57)
2026-04-02 09:36:17 | INFO     | __main__:extract_pendencias:217 - PDF encontrado: https://storage.googleapis.com/storagescrapings.appspot.com/ecac/49586312000118/situacao-fiscal-2026-03-22-11501054000157-1262607399290348373.pdf
2026-04-02 09:36:18 | INFO     | __main__:extract_pendencias:226 - Texto extraído (3068 chars). Analisando pendências...
2026-04-02 09:36:18 | INFO     | __main__:extract_pendencias:205 - [82] Processando: STK - ENSINO MEDIO LTDA. (07.007.823/0001-98)
2026-04-02 09:36:18 | INFO     | __main__:extract_pendencias:217 - PDF encontrado: https://storage.googleapis.com/storagescrapings.appspot.com/ecac/49586312000118/situacao-fiscal-2026-03-22-07007823000198--6599590756747892442.pdf
2026-04-02 09:36:18 | INFO     | __main__:extract_pendencias:226 - Texto extraído (7579 chars). Analisando pendências...
2026-04-02 09:36:18 | WARNING  | __main__:extract_pendencias:230 - SiefParser sem pendências. Primeiros 200 chars: MINISTÉRIO DA ECONOMIA Por meio do Integra Contador
SECRETARIA ESPECIAL DA RECEITA FEDERAL DO BRASIL Autor pedido: 49.586.312/0001-18. Contratante: 28.408.293/0001-60
PROCURADORIA-GERAL DA FAZENDA NAC
2026-04-02 09:36:18 | INFO     | __main__:extract_pendencias:205 - [83] Processando: TAMP - ENSINO FUNDAMENTAL LTDA. (04.607.541/0001-33)
2026-04-02 09:36:18 | INFO     | __main__:extract_pendencias:217 - PDF encontrado: https://storage.googleapis.com/storagescrapings.appspot.com/ecac/49586312000118/situacao-fiscal-2026-03-22-04607541000133--9136080614745957736.pdf
2026-04-02 09:36:20 | INFO     | __main__:extract_pendencias:226 - Texto extraído (19178 chars). Analisando pendências...
2026-04-02 09:36:20 | WARNING  | __main__:extract_pendencias:230 - SiefParser sem pendências. Primeiros 200 chars: MINISTÉRIO DA ECONOMIA Por meio do Integra Contador
SECRETARIA ESPECIAL DA RECEITA FEDERAL DO BRASIL Autor pedido: 49.586.312/0001-18. Contratante: 28.408.293/0001-60
PROCURADORIA-GERAL DA FAZENDA NAC
2026-04-02 09:36:20 | INFO     | __main__:extract_pendencias:205 - [84] Processando: TECMARQUES ASSOCIADOS LTDA (48.772.387/0001-20)
2026-04-02 09:36:20 | INFO     | __main__:extract_pendencias:217 - PDF encontrado: https://storage.googleapis.com/storagescrapings.appspot.com/ecac/49586312000118/situacao-fiscal-2026-03-22-48772387000120-3184903839875717244.pdf
2026-04-02 09:36:20 | INFO     | __main__:extract_pendencias:226 - Texto extraído (3396 chars). Analisando pendências...
2026-04-02 09:36:20 | WARNING  | __main__:extract_pendencias:230 - SiefParser sem pendências. Primeiros 200 chars: MINISTÉRIO DA ECONOMIA Por meio do Integra Contador
SECRETARIA ESPECIAL DA RECEITA FEDERAL DO BRASIL Autor pedido: 49.586.312/0001-18. Contratante: 28.408.293/0001-60
PROCURADORIA-GERAL DA FAZENDA NAC
2026-04-02 09:36:20 | INFO     | __main__:extract_pendencias:205 - [85] Processando: TEPUK COMÉRCIO DE ARTIGOS DO VESTUARIO LTDA (26.219.076/0001-04)
2026-04-02 09:36:20 | INFO     | __main__:extract_pendencias:217 - PDF encontrado: https://storage.googleapis.com/storagescrapings.appspot.com/ecac/49586312000118/situacao-fiscal-2026-03-23-26219076000104--73838725707546114.pdf
2026-04-02 09:36:21 | INFO     | __main__:extract_pendencias:226 - Texto extraído (2759 chars). Analisando pendências...
2026-04-02 09:36:21 | INFO     | __main__:extract_pendencias:205 - [86] Processando: TEREZA CRISTINA DE ANDRADE CRUZ - EPP (29.278.328/0001-56)
2026-04-02 09:36:21 | INFO     | __main__:extract_pendencias:217 - PDF encontrado: https://storage.googleapis.com/storagescrapings.appspot.com/ecac/49586312000118/situacao-fiscal-2026-03-22-29278328000156-9002865797335602468.pdf
2026-04-02 09:36:21 | INFO     | __main__:extract_pendencias:226 - Texto extraído (3735 chars). Analisando pendências...
2026-04-02 09:36:21 | INFO     | __main__:extract_pendencias:205 - [87] Processando: TOK UNIFORMES COMERCIO DE CONFECCOES LTDA (25.190.228/0001-12)
2026-04-02 09:36:21 | INFO     | __main__:extract_pendencias:217 - PDF encontrado: https://storage.googleapis.com/storagescrapings.appspot.com/ecac/49586312000118/situacao-fiscal-2026-03-22-25190228000112--6213170929006113901.pdf
2026-04-02 09:36:22 | INFO     | __main__:extract_pendencias:226 - Texto extraído (2906 chars). Analisando pendências...
2026-04-02 09:36:22 | INFO     | __main__:extract_pendencias:205 - [88] Processando: TXB INVESTIMENTOS LTDA. (20.287.189/0001-52)
2026-04-02 09:36:22 | INFO     | __main__:extract_pendencias:217 - PDF encontrado: https://storage.googleapis.com/storagescrapings.appspot.com/ecac/49586312000118/situacao-fiscal-2026-03-22-20287189000152--5174343181854628649.pdf
2026-04-02 09:36:22 | INFO     | __main__:extract_pendencias:226 - Texto extraído (3135 chars). Analisando pendências...
2026-04-02 09:36:22 | INFO     | __main__:extract_pendencias:174 - Processando página 6...
2026-04-02 09:36:22 | INFO     | __main__:extract_pendencias:181 - Encontradas 3 empresas com Pendência na página 6
2026-04-02 09:36:22 | INFO     | __main__:extract_pendencias:205 - [89] Processando: VERTEX SOLUTION EM SERVICOS LTDA (58.269.983/0001-46)
2026-04-02 09:36:22 | INFO     | __main__:extract_pendencias:217 - PDF encontrado: https://storage.googleapis.com/storagescrapings.appspot.com/ecac/49586312000118/situacao-fiscal-2026-03-22-58269983000146-581966137010054377.pdf
2026-04-02 09:36:23 | INFO     | __main__:extract_pendencias:226 - Texto extraído (3214 chars). Analisando pendências...
2026-04-02 09:36:23 | INFO     | __main__:extract_pendencias:205 - [90] Processando: VITRINE DA CERVEJA LTDA (18.490.365/0001-07)
2026-04-02 09:36:23 | INFO     | __main__:extract_pendencias:217 - PDF encontrado: https://storage.googleapis.com/storagescrapings.appspot.com/ecac/49586312000118/situacao-fiscal-2026-03-22-18490365000107--6196603612967646299.pdf
2026-04-02 09:36:25 | INFO     | __main__:extract_pendencias:226 - Texto extraído (28911 chars). Analisando pendências...
2026-04-02 09:36:25 | INFO     | __main__:extract_pendencias:205 - [91] Processando: VOLTA DO RIO PATRIMONIAL S/A. (04.771.186/0001-33)
2026-04-02 09:36:25 | INFO     | __main__:extract_pendencias:217 - PDF encontrado: https://storage.googleapis.com/storagescrapings.appspot.com/ecac/49586312000118/situacao-fiscal-2026-03-22-04771186000133--1161431241320141875.pdf
2026-04-02 09:36:25 | INFO     | __main__:extract_pendencias:226 - Texto extraído (7682 chars). Analisando pendências...
2026-04-02 09:36:25 | WARNING  | __main__:extract_pendencias:230 - SiefParser sem pendências. Primeiros 200 chars: MINISTÉRIO DA ECONOMIA Por meio do Integra Contador
SECRETARIA ESPECIAL DA RECEITA FEDERAL DO BRASIL Autor pedido: 49.586.312/0001-18. Contratante: 28.408.293/0001-60
PROCURADORIA-GERAL DA FAZENDA NAC
2026-04-02 09:36:37 | SUCCESS  | __main__:extract_pendencias:308 - Relatórios separados gerados com sucesso na pasta logs/.
